DublinWest   Dublin  2007
'Rating type, # raw ballots, # processed, final # combined: ' -1     29988     29988      6983
'# candidates to be elected, # reduced, original #: '  3  8  9
'Max # ranked or rated, max # rating levels, undervote penalty: '  6  1  1
'Original candidates, as reordered: '  5  4  2  9  3  7  6  1
    637    3  1  5  6  0  0  0
    569    2  1  5  0  0  0  0
    456    1  2  0  0  0  0  0
    364    1  7  0  0  0  0  0
    294    1  1  0  0  0  0  0
    288    2  2  7  0  0  0  0
    255    2  5  1  0  0  0  0
    241    3  1  5  2  0  0  0
    239    1  4  0  0  0  0  0
    217    2  7  2  0  0  0  0
    200    3  5  1  6  0  0  0
    200    3  2  7  8  0  0  0
    166    2  2  3  0  0  0  0
    162    3  1  5  3  0  0  0
    161    3  1  5  4  0  0  0
    155    3  1  5  7  0  0  0
    155    1  3  0  0  0  0  0
    151    2  4  3  0  0  0  0
    145    3  7  2  8  0  0  0
    132    3  2  7  3  0  0  0
    130    3  2  3  7  0  0  0
    129    3  4  3  6  0  0  0
    123    3  1  2  5  0  0  0
    120    3  2  3  4  0  0  0
    119    3  1  6  5  0  0  0
    119    1  5  0  0  0  0  0
    114    3  2  1  5  0  0  0
    108    2  2  1  0  0  0  0
    108    3  4  3  2  0  0  0
    106    4  1  5  6  4  0  0
    105    3  6  1  5  0  0  0
    104    3  2  3  1  0  0  0
    104    3  2  3  8  0  0  0
    104    2  2  8  0  0  0  0
     97    3  4  6  3  0  0  0
     97    2  3  2  0  0  0  0
     93    3  2  7  1  0  0  0
     92    3  3  2  4  0  0  0
     90    3  2  1  3  0  0  0
     88    2  1  6  0  0  0  0
     87    3  4  3  8  0  0  0
     85    1  6  0  0  0  0  0
     84    3  3  4  6  0  0  0
     84    4  1  5  6  3  0  0
     83    3  7  2  3  0  0  0
     81    3  5  1  2  0  0  0
     80    2  4  6  0  0  0  0
     80    2  3  4  0  0  0  0
     79    2  1  2  0  0  0  0
     78    3  1  2  3  0  0  0
     73    3  2  1  7  0  0  0
     72    3  2  4  3  0  0  0
     69    3  4  2  3  0  0  0
     69    3  2  8  3  0  0  0
     68    3  3  2  8  0  0  0
     67    2  2  4  0  0  0  0
     64    2  6  4  0  0  0  0
     63    3  1  6  4  0  0  0
     62    3  3  4  2  0  0  0
     61    3  5  1  3  0  0  0
     61    3  1  3  5  0  0  0
     60    3  3  2  1  0  0  0
     59    3  7  2  1  0  0  0
     58    2  1  3  0  0  0  0
     57    4  1  5  6  2  0  0
     57    3  1  6  3  0  0  0
     57    3  1  5  8  0  0  0
     57    3  6  4  3  0  0  0
     56    3  1  4  5  0  0  0
     55    3  3  4  8  0  0  0
     55    5  1  5  6  4  3  0
     54    2  6  1  0  0  0  0
     54    3  2  8  7  0  0  0
     54    3  3  2  7  0  0  0
     53    3  2  5  1  0  0  0
     52    2  4  1  0  0  0  0
     52    2  1  4  0  0  0  0
     50    2  4  2  0  0  0  0
     49    3  1  3  6  0  0  0
     49    1  8  0  0  0  0  0
     48    3  1  4  3  0  0  0
     48    3  5  1  4  0  0  0
     48    3  2  7  4  0  0  0
     48    3  7  1  5  0  0  0
     47    3  1  3  4  0  0  0
     46    3  1  2  7  0  0  0
     46    4  4  3  6  2  0  0
     46    3  1  7  5  0  0  0
     45    4  1  5  2  6  0  0
     45    3  1  3  2  0  0  0
     45    3  4  1  3  0  0  0
     44    4  4  3  6  8  0  0
     43    4  1  5  3  6  0  0
     43    3  4  6  1  0  0  0
     43    3  4  3  1  0  0  0
     42    2  1  7  0  0  0  0
     42    3  3  2  6  0  0  0
     42    3  2  1  6  0  0  0
     42    5  1  5  6  3  4  0
     42    3  2  7  5  0  0  0
     41    3  6  3  4  0  0  0
     41    4  3  4  2  8  0  0
     41    4  3  2  4  8  0  0
     41    3  1  4  6  0  0  0
     41    4  2  7  3  8  0  0
     40    3  6  1  4  0  0  0
     39    3  6  4  1  0  0  0
     39    2  7  8  0  0  0  0
     39    3  2  1  4  0  0  0
     39    3  3  6  4  0  0  0
     39    2  3  8  0  0  0  0
     39    3  1  6  2  0  0  0
     39    3  5  1  7  0  0  0
     39    3  7  8  2  0  0  0
     38    4  4  3  2  8  0  0
     37    4  1  5  6  7  0  0
     37    4  1  5  2  7  0  0
     37    4  1  5  3  4  0  0
     37    3  7  5  1  0  0  0
     35    3  2  3  6  0  0  0
     35    3  3  1  4  0  0  0
     35    4  1  5  6  8  0  0
     34    3  7  3  2  0  0  0
     34    2  3  1  0  0  0  0
     34    2  7  1  0  0  0  0
     33    4  1  5  4  3  0  0
     33    4  1  6  5  4  0  0
     33    4  4  3  6  1  0  0
     33    2  2  6  0  0  0  0
     32    3  7  2  5  0  0  0
     32    4  4  6  3  8  0  0
     32    4  4  3  2  6  0  0
     32    4  1  5  2  3  0  0
     32    3  1  2  4  0  0  0
     32    2  2  5  0  0  0  0
     32    3  4  1  5  0  0  0
     31    3  4  8  3  0  0  0
     31    3  3  4  1  0  0  0
     31    4  2  3  8  4  0  0
     31    2  4  8  0  0  0  0
     31    3  6  5  1  0  0  0
     31    3  1  2  6  0  0  0
     30    3  4  1  6  0  0  0
     30    4  4  2  3  8  0  0
     30    3  3  1  2  0  0  0
     29    2  7  3  0  0  0  0
     29    3  2  4  7  0  0  0
     29    4  1  5  4  6  0  0
     29    4  2  3  7  8  0  0
     29    3  1  3  7  0  0  0
     29    2  7  5  0  0  0  0
     29    2  6  3  0  0  0  0
     28    4  3  4  2  6  0  0
     28    5  4  3  6  2  8  0
     29    3  2  1  8  0  0  0
     28    3  5  1  8  0  0  0
     28    4  2  3  8  7  0  0
     27    4  6  1  5  4  0  0
     27    3  6  1  3  0  0  0
     27    4  3  2  4  6  0  0
     27    4  2  3  4  8  0  0
     27    3  2  4  8  0  0  0
     27    4  2  7  8  3  0  0
     27    4  4  3  8  2  0  0
     26    4  1  5  3  2  0  0
     26    3  1  7  2  0  0  0
     26    3  3  1  5  0  0  0
     25    4  7  2  8  3  0  0
     25    5  1  5  3  6  4  0
     25    4  1  5  7  2  0  0
     25    4  5  1  6  4  0  0
     25    4  3  2  8  4  0  0
     25    5  3  4  6  8  2  0
     24    2  7  4  0  0  0  0
     24    2  8  2  0  0  0  0
     24    3  2  5  3  0  0  0
     24    2  5  6  0  0  0  0
     24    4  7  2  3  8  0  0
     24    2  3  7  0  0  0  0
     24    3  5  2  1  0  0  0
     24    2  3  6  0  0  0  0
     24    4  2  1  5  7  0  0
     23    3  3  8  2  0  0  0
     23    2  6  8  0  0  0  0
     23    4  1  2  5  7  0  0
     23    4  2  3  6  4  0  0
     23    6  1  5  6  4  3  8
     23    4  2  3  4  6  0  0
     23    6  1  5  6  4  3  2
     23    3  2  6  1  0  0  0
     22    4  4  2  3  6  0  0
     22    3  2  4  1  0  0  0
     22    4  3  4  6  8  0  0
     22    4  5  1  6  3  0  0
     22    3  2  6  3  0  0  0
     22    4  1  3  6  4  0  0
     21    5  1  5  6  2  8  0
     21    3  3  6  1  0  0  0
     21    4  3  2  7  8  0  0
     21    3  3  4  7  0  0  0
     21    3  3  8  4  0  0  0
     21    3  4  3  7  0  0  0
     21    2  1  8  0  0  0  0
     21    2  5  7  0  0  0  0
     20    5  4  3  6  8  2  0
     20    3  3  7  2  0  0  0
     20    4  1  5  7  6  0  0
     21    3  2  7  6  0  0  0
     20    4  1  2  5  6  0  0
     20    4  4  3  8  6  0  0
     20    4  4  6  3  1  0  0
     19    5  6  1  5  4  3  0
     20    5  1  5  4  6  3  0
     19    3  7  1  2  0  0  0
     19    4  2  3  4  7  0  0
     19    3  4  2  8  0  0  0
     19    4  2  1  5  3  0  0
     19    5  4  3  2  8  6  0
     19    3  6  2  3  0  0  0
     19    5  3  2  4  6  8  0
     20    4  2  3  7  4  0  0
     19    3  7  3  8  0  0  0
     19    3  4  2  1  0  0  0
     19    4  1  6  3  4  0  0
     19    3  7  8  3  0  0  0
     19    4  4  6  3  2  0  0
     18    5  4  3  2  6  8  0
     18    3  2  3  5  0  0  0
     18    5  2  3  8  6  4  0
     18    5  4  3  8  2  6  0
     18    3  2  8  4  0  0  0
     19    3  7  2  6  0  0  0
     18    4  2  4  3  8  0  0
     18    2  5  2  0  0  0  0
     18    4  3  6  4  8  0  0
     18    4  3  4  6  1  0  0
     18    3  6  1  8  0  0  0
     18    4  1  6  4  5  0  0
     18    6  1  5  6  3  4  8
     18    4  1  5  2  8  0  0
     18    4  3  4  6  2  0  0
     18    3  6  4  8  0  0  0
     18    3  6  1  2  0  0  0
     17    4  1  6  4  3  0  0
     17    3  8  2  3  0  0  0
     17    4  2  4  3  6  0  0
     17    4  5  1  6  2  0  0
     17    4  2  3  4  1  0  0
     17    4  1  4  6  5  0  0
     17    4  1  5  3  7  0  0
     17    4  1  6  5  3  0  0
     17    4  4  3  1  6  0  0
     17    3  8  3  2  0  0  0
     16    3  6  4  2  0  0  0
     16    3  2  4  6  0  0  0
     16    5  4  2  3  6  8  0
     16    3  7  3  1  0  0  0
     16    3  3  1  6  0  0  0
     16    3  4  6  2  0  0  0
     16    6  1  5  4  6  3  8
     17    3  1  4  2  0  0  0
     16    4  3  4  8  2  0  0
     17    4  5  1  6  8  0  0
     16    4  6  4  3  1  0  0
     16    3  7  2  4  0  0  0
     16    4  5  1  2  6  0  0
     16    4  6  4  3  8  0  0
     16    4  4  2  8  3  0  0
     16    4  6  4  1  3  0  0
     16    4  4  1  6  3  0  0
     16    4  3  2  1  4  0  0
     16    2  8  7  0  0  0  0
     16    4  6  1  5  3  0  0
     16    3  1  4  7  0  0  0
     16    5  4  6  3  2  8  0
     16    3  5  3  1  0  0  0
     16    3  1  6  8  0  0  0
     16    6  1  5  6  3  4  2
     15    2  5  3  0  0  0  0
     16    5  1  5  3  4  6  0
     15    5  4  3  6  1  5  0
     15    5  5  1  6  4  3  0
     15    3  7  8  5  0  0  0
     16    3  1  7  6  0  0  0
     15    3  2  6  4  0  0  0
     15    6  1  5  2  3  6  4
     15    4  2  7  1  5  0  0
     15    4  2  8  3  4  0  0
     15    5  4  6  3  8  2  0
     15    3  1  6  7  0  0  0
     15    4  4  6  2  3  0  0
     15    4  5  1  6  7  0  0
     15    4  2  7  3  4  0  0
     15    3  6  3  1  0  0  0
     15    5  1  5  4  3  6  0
     15    5  3  4  2  6  8  0
     15    4  1  2  6  5  0  0
     15    3  1  7  8  0  0  0
     14    4  6  4  3  2  0  0
     15    3  5  2  7  0  0  0
     15    3  2  8  6  0  0  0
     14    4  1  4  6  3  0  0
     14    3  4  6  8  0  0  0
     14    2  3  5  0  0  0  0
     15    4  6  1  4  5  0  0
     14    3  2  6  8  0  0  0
     14    4  6  3  4  1  0  0
     14    3  5  7  1  0  0  0
     15    3  6  3  2  0  0  0
     14    5  3  2  8  4  6  0
     14    4  1  5  2  4  0  0
     14    2  8  6  0  0  0  0
     14    3  3  6  2  0  0  0
     14    4  1  2  5  3  0  0
     14    3  2  5  7  0  0  0
     15    5  1  5  6  8  3  0
     14    5  3  4  2  8  6  0
     14    4  3  2  4  1  0  0
     14    4  3  1  6  4  0  0
     14    2  5  4  0  0  0  0
     15    5  1  5  6  3  8  0
     13    4  1  4  3  6  0  0
     14    2  6  2  0  0  0  0
     14    3  6  3  8  0  0  0
     14    5  1  6  5  4  3  0
     14    5  1  6  4  5  3  0
     14    4  4  3  2  7  0  0
     13    4  1  4  5  6  0  0
     14    3  2  5  8  0  0  0
     14    3  1  2  8  0  0  0
     13    3  3  5  1  0  0  0
     13    3  7  1  8  0  0  0
     14    4  1  5  7  8  0  0
     13    4  2  3  1  6  0  0
     13    4  2  6  4  3  0  0
     13    3  6  2  1  0  0  0
     13    3  4  8  6  0  0  0
     13    5  6  1  5  3  4  0
     13    6  1  5  3  2  6  4
     14    3  7  1  3  0  0  0
     13    5  6  1  4  5  3  0
     13    3  5  6  1  0  0  0
     13    4  3  4  8  6  0  0
     13    4  2  4  3  7  0  0
     13    5  3  4  6  2  8  0
     12    4  3  2  8  7  0  0
     12    3  1  3  8  0  0  0
     12    5  4  6  3  1  5  0
     12    5  2  3  8  4  6  0
     13    5  2  3  4  6  8  0
     12    4  6  3  1  4  0  0
     12    4  1  3  4  5  0  0
     12    3  1  7  3  0  0  0
     12    2  8  1  0  0  0  0
     12    3  7  5  3  0  0  0
     12    6  6  1  5  3  4  8
     12    4  5  1  3  6  0  0
     12    3  3  4  5  0  0  0
     12    4  2  1  7  5  0  0
     13    4  1  5  8  2  0  0
     12    4  1  3  4  2  0  0
     13    4  7  2  1  5  0  0
     12    4  3  2  6  4  0  0
     12    6  1  5  6  3  8  4
     12    5  4  2  6  3  8  0
     12    5  3  2  4  8  6  0
     12    5  1  5  4  6  8  0
     12    4  1  6  5  8  0  0
     12    3  3  5  4  0  0  0
     12    4  4  3  2  1  0  0
     11    4  1  5  7  4  0  0
     11    4  2  3  6  8  0  0
     11    4  6  1  5  8  0  0
     11    2  6  5  0  0  0  0
     11    3  3  8  1  0  0  0
     12    5  2  3  8  7  4  0
     11    4  2  3  8  6  0  0
     11    6  4  3  6  1  5  8
     11    4  1  3  5  6  0  0
     11    5  5  1  6  3  4  0
     11    5  2  3  6  4  8  0
     11    5  1  5  6  4  8  0
     12    4  2  7  4  3  0  0
     11    3  7  8  1  0  0  0
     11    4  4  6  1  3  0  0
     11    4  1  6  2  5  0  0
     11    4  1  3  2  5  0  0
     11    6  1  5  6  4  2  3
     11    6  1  5  3  6  4  2
     11    5  2  4  3  8  6  0
     12    5  1  5  6  3  2  0
     11    3  4  2  6  0  0  0
     11    5  1  5  6  4  2  0
     12    5  4  6  2  3  8  0
     11    4  3  4  1  6  0  0
     11    6  2  7  1  5  3  6
     11    5  5  1  3  6  4  0
     11    6  3  2  8  4  6  1
     11    4  4  1  3  6  0  0
     10    5  1  5  2  6  8  0
     10    4  1  2  3  5  0  0
     10    5  1  5  2  6  4  0
     11    5  1  6  5  3  4  0
     11    5  3  2  8  7  4  0
     10    4  6  3  4  2  0  0
     10    3  7  5  2  0  0  0
     10    5  6  4  1  5  3  0
     11    5  4  3  6  5  1  0
     11    3  4  1  8  0  0  0
     11    3  5  3  2  0  0  0
     10    4  2  7  1  3  0  0
     10    6  1  5  6  2  3  4
     11    4  6  2  3  4  0  0
     11    4  2  3  1  4  0  0
     10    2  8  3  0  0  0  0
     11    3  6  2  4  0  0  0
     10    4  3  2  7  4  0  0
     10    5  3  2  4  8  7  0
     10    4  3  2  4  7  0  0
     10    3  7  3  6  0  0  0
     10    3  4  3  5  0  0  0
     10    5  1  6  3  4  5  0
     10    4  2  4  3  1  0  0
     10    6  1  5  6  3  2  4
     11    3  3  6  8  0  0  0
     10    4  6  1  4  3  0  0
     10    4  1  3  4  6  0  0
     10    4  8  2  3  4  0  0
     11    6  1  5  6  2  4  3
     10    3  8  3  4  0  0  0
     11    5  1  5  6  8  4  0
     10    5  3  2  8  6  4  0
     10    5  1  5  6  2  3  0
     10    3  2  5  6  0  0  0
     10    4  3  8  2  4  0  0
     10    4  6  5  1  4  0  0
      9    3  4  1  7  0  0  0
      9    4  2  3  1  7  0  0
      9    5  2  3  7  4  8  0
     10    5  1  5  3  2  6  0
      9    4  5  1  4  3  0  0
      9    5  2  3  4  8  7  0
     10    3  2  8  5  0  0  0
      9    4  1  3  2  6  0  0
     10    6  1  2  5  3  6  4
      9    5  2  3  4  7  8  0
     10    3  8  3  1  0  0  0
      9    3  8  2  4  0  0  0
      9    4  1  5  7  3  0  0
      9    4  4  6  8  3  0  0
      9    4  1  2  5  8  0  0
      9    3  6  8  1  0  0  0
     10    5  3  4  8  2  6  0
      9    4  2  1  3  4  0  0
      9    6  2  1  5  3  6  4
     10    6  4  3  1  6  5  8
     10    3  2  8  1  0  0  0
      9    4  5  1  3  8  0  0
     10    5  2  1  3  6  4  0
      9    4  1  6  5  7  0  0
      9    2  4  7  0  0  0  0
     10    4  2  7  3  6  0  0
      9    5  4  3  8  6  2  0
      9    3  6  2  8  0  0  0
      9    4  6  2  1  3  0  0
      9    3  1  7  4  0  0  0
      9    4  1  5  3  8  0  0
      9    3  3  7  4  0  0  0
      9    3  3  1  8  0  0  0
      9    3  1  8  7  0  0  0
      9    6  6  1  5  4  3  8
     10    4  2  7  3  1  0  0
      9    3  2  4  5  0  0  0
      9    3  7  6  2  0  0  0
     10    3  3  8  6  0  0  0
     10    4  2  1  5  6  0  0
     10    3  7  3  4  0  0  0
      9    6  1  5  3  6  4  8
      9    3  5  3  4  0  0  0
      9    5  2  1  5  6  8  0
      9    4  2  3  7  1  0  0
     10    5  3  2  6  4  8  0
      9    3  3  8  7  0  0  0
      9    4  3  7  2  8  0  0
      9    3  8  2  7  0  0  0
      9    2  5  8  0  0  0  0
      9    5  1  5  4  3  2  0
     10    5  4  6  1  5  3  0
      9    4  6  3  4  8  0  0
      9    4  3  6  1  4  0  0
     10    4  1  6  5  2  0  0
      8    4  6  4  2  3  0  0
      8    5  2  4  3  6  8  0
      9    5  1  5  2  6  3  0
      8    4  3  2  7  1  0  0
      9    4  1  7  2  5  0  0
      8    4  5  1  2  3  0  0
      9    4  3  6  8  4  0  0
      8    5  5  1  3  4  6  0
      9    4  1  4  5  3  0  0
      8    5  4  3  6  2  1  0
      8    4  4  1  2  3  0  0
      8    6  3  2  4  8  6  1
     10    6  6  4  1  5  3  8
      8    4  4  2  3  7  0  0
      8    4  4  1  5  6  0  0
      8    5  3  2  4  6  1  0
      9    5  1  5  2  3  6  0
      8    3  1  8  5  0  0  0
      8    3  5  7  2  0  0  0
      8    4  8  3  6  4  0  0
      9    6  2  1  3  4  6  5
      8    6  1  5  3  4  6  2
      8    4  5  1  2  8  0  0
      8    5  1  4  6  3  5  0
      9    5  1  5  6  2  4  0
      9    5  1  6  4  3  5  0
      9    4  6  3  1  5  0  0
      8    4  4  2  3  1  0  0
      9    5  7  2  8  3  4  0
      8    3  3  7  8  0  0  0
      8    3  2  6  7  0  0  0
      9    5  4  3  2  7  8  0
      9    2  7  6  0  0  0  0
      9    5  4  3  2  8  7  0
      9    3  4  1  2  0  0  0
      8    4  2  7  5  1  0  0
      8    3  3  2  5  0  0  0
      8    4  7  2  5  1  0  0
      8    4  1  2  7  5  0  0
      8    4  2  7  8  4  0  0
      8    6  4  6  3  1  5  2
      9    4  1  5  8  6  0  0
      8    6  1  6  5  3  4  2
      8    5  2  4  7  3  8  0
      9    4  7  2  3  4  0  0
      8    5  2  3  4  8  6  0
      8    6  6  1  5  4  3  2
      9    4  8  3  2  4  0  0
      8    5  4  3  2  6  1  0
      8    5  2  7  3  8  6  0
      8    3  6  8  2  0  0  0
      8    5  7  2  3  8  6  0
      8    4  6  1  3  4  0  0
      8    5  6  4  3  1  5  0
      8    4  2  7  8  5  0  0
      8    4  3  4  2  1  0  0
      8    5  6  4  3  8  2  0
      9    4  4  1  6  5  0  0
      8    4  1  5  4  7  0  0
      8    3  7  8  6  0  0  0
      9    3  3  1  7  0  0  0
      8    3  7  5  8  0  0  0
      8    4  3  2  1  5  0  0
      8    4  2  1  3  5  0  0
      8    6  3  2  6  4  1  5
      9    5  1  5  6  8  7  0
      9    6  4  3  6  2  1  5
      8    6  1  6  5  4  3  8
      8    6  1  5  4  3  6  2
      9    4  2  5  1  6  0  0
      8    4  2  6  3  4  0  0
      7    6  1  6  5  4  3  2
      7    6  1  5  3  2  4  6
      8    6  1  5  6  8  3  4
      8    4  5  1  7  6  0  0
      7    6  3  4  2  8  6  1
      8    4  2  3  1  5  0  0
      8    6  1  6  5  2  4  3
      9    5  1  5  7  2  8  0
      9    3  5  4  3  0  0  0
      7    4  5  1  7  2  0  0
      8    5  2  7  3  8  4  0
      7    6  1  2  3  6  4  5
      8    6  1  5  4  3  6  8
      8    4  6  1  3  5  0  0
      7    4  5  1  3  2  0  0
      7    3  7  5  4  0  0  0
      8    3  6  7  1  0  0  0
      7    4  1  6  8  5  0  0
      7    3  5  3  8  0  0  0
      7    3  8  2  6  0  0  0
      7    4  4  6  1  5  0  0
      8    4  4  3  6  5  0  0
      7    4  8  6  3  4  0  0
      8    5  2  7  8  3  4  0
      8    5  3  2  8  4  7  0
      8    3  4  5  1  0  0  0
      8    4  2  4  8  3  0  0
      8    5  6  5  1  3  4  0
      7    4  1  5  4  8  0  0
      7    4  1  6  3  5  0  0
      7    4  1  5  8  7  0  0
      8    3  8  1  5  0  0  0
      7    3  1  4  8  0  0  0
      7    4  6  4  1  5  0  0
      7    4  2  5  1  7  0  0
      7    3  5  6  3  0  0  0
      8    5  3  4  6  1  5  0
      8    3  8  4  3  0  0  0
      7    6  4  6  3  1  2  5
      7    6  3  4  6  8  1  5
      7    4  3  8  4  2  0  0
      7    5  3  1  5  6  4  0
      7    4  3  2  6  8  0  0
      7    4  3  1  4  6  0  0
      7    6  3  4  2  1  6  5
      7    4  1  3  6  5  0  0
      8    4  3  8  6  4  0  0
      7    3  7  4  3  0  0  0
      7    5  2  3  7  8  4  0
      7    5  2  7  8  4  3  0
      6    6  3  4  2  1  6  8
      6    3  6  1  7  0  0  0
      7    3  6  5  3  0  0  0
      6    3  5  2  3  0  0  0
      6    6  1  6  4  3  5  8
      8    5  1  5  2  4  3  0
      7    3  2  6  5  0  0  0
      7    6  1  5  6  2  3  8
      6    5  1  5  2  7  6  0
      7    4  2  7  6  8  0  0
      8    6  1  2  5  3  4  6
      6    3  5  3  6  0  0  0
      7    6  2  1  4  3  5  6
      6    3  7  1  4  0  0  0
      7    5  4  2  3  8  6  0
      8    5  5  1  6  8  2  0
      7    3  5  2  4  0  0  0
      7    6  1  5  3  4  2  6
      7    5  5  1  6  8  3  0
      7    6  2  3  7  8  6  4
      7    5  3  4  8  6  2  0
      7    5  2  8  3  6  4  0
      6    5  1  3  6  4  5  0
      6    4  2  7  8  6  0  0
      7    5  1  5  6  8  2  0
      6    4  6  4  5  1  0  0
      6    6  6  3  4  1  5  8
      6    6  1  5  6  3  2  8
      6    6  2  3  4  6  1  8
      6    4  1  2  3  7  0  0
      6    5  2  7  3  4  8  0
      7    5  4  3  1  6  5  0
      6    6  1  4  6  5  3  8
      6    4  3  6  2  4  0  0
      6    5  4  1  6  3  5  0
      6    4  3  2  1  8  0  0
      6    4  8  7  2  3  0  0
      6    4  7  2  1  8  0  0
      6    6  3  4  1  6  5  8
      7    5  5  1  6  3  8  0
      7    5  4  6  1  3  5  0
      6    5  4  6  3  1  8  0
      6    3  6  4  7  0  0  0
      6    4  3  6  4  1  0  0
      6    5  1  5  3  6  2  0
      7    4  2  1  3  7  0  0
      6    5  6  3  4  2  8  0
      7    5  3  2  7  4  8  0
      7    4  5  1  2  7  0  0
      6    6  6  3  4  1  2  5
      7    6  1  5  3  4  6  8
      6    5  3  4  8  2  7  0
      7    5  2  4  3  8  7  0
      6    5  6  4  3  2  8  0
      6    4  5  1  7  8  0  0
      6    5  4  3  6  1  8  0
      6    5  4  6  3  5  1  0
      6    4  3  1  4  5  0  0
      7    5  2  6  4  3  8  0
      7    5  3  2  6  8  4  0
      6    4  3  1  2  4  0  0
      6    3  8  2  1  0  0  0
      6    5  4  3  5  1  6  0
      6    6  2  1  5  6  4  3
      8    5  1  3  5  6  4  0
      7    6  4  6  3  1  5  8
      6    5  4  3  2  1  6  0
      6    5  1  2  5  3  4  0
      6    6  1  5  4  6  3  2
      6    5  6  1  5  8  2  0
      6    6  3  2  6  8  4  1
      6    4  3  7  2  4  0  0
      7    6  1  6  4  3  5  2
      7    4  1  6  2  4  0  0
      6    4  3  4  1  5  0  0
      6    4  2  7  8  1  0  0
      6    3  7  4  8  0  0  0
      7    4  2  1  6  3  0  0
      6    3  5  3  7  0  0  0
      7    6  3  4  6  1  5  8
      6    4  3  6  4  2  0  0
      6    4  7  2  1  3  0  0
      6    5  1  2  3  6  4  0
      6    6  6  3  4  8  2  1
      7    5  5  1  6  2  8  0
      6    3  2  5  4  0  0  0
      6    4  4  8  3  6  0  0
      6    6  5  1  6  3  2  8
      6    3  3  7  1  0  0  0
      7    5  2  8  3  4  6  0
      7    4  1  5  8  3  0  0
      7    3  4  7  8  0  0  0
      6    6  2  3  4  8  6  7
      6    5  4  3  6  8  1  0
      6    5  3  4  1  2  6  0
      6    4  5  1  4  2  0  0
      6    4  7  2  8  5  0  0
      5    5  1  5  2  3  4  0
      6    4  3  4  2  7  0  0
      5    5  3  1  6  4  5  0
      5    3  6  8  3  0  0  0
      6    4  1  2  5  4  0  0
      6    5  3  2  7  8  4  0
      5    4  2  1  4  5  0  0
      5    6  2  3  6  4  1  5
      6    4  2  3  7  6  0  0
      6    3  5  7  8  0  0  0
      5    6  5  1  6  8  3  4
      5    6  1  5  3  6  2  4
      6    5  2  7  4  3  8  0
      6    6  2  3  1  6  5  4
      5    6  2  3  4  1  6  5
      6    6  1  5  3  2  6  8
      5    6  3  4  6  1  2  5
      5    6  2  1  5  3  8  6
      6    6  4  3  6  1  8  2
      6    4  6  1  5  2  0  0
      5    6  1  5  6  4  8  3
      5    6  4  3  2  1  7  6
      7    3  5  2  8  0  0  0
      6    3  8  4  6  0  0  0
      5    5  5  2  3  1  4  0
      7    4  3  1  5  4  0  0
      6    4  3  1  4  2  0  0
      6    4  2  8  3  6  0  0
      6    3  6  8  5  0  0  0
      5    6  4  3  2  6  1  5
      6    4  4  1  5  3  0  0
      5    4  4  3  7  8  0  0
      6    4  1  3  2  4  0  0
      6    5  2  3  7  6  4  0
      5    6  2  7  1  5  8  3
      6    6  6  5  1  4  3  8
      5    6  1  5  6  3  4  7
      6    6  6  1  4  5  3  8
      5    5  1  4  5  3  6  0
      6    6  2  1  3  5  6  4
      5    5  6  3  4  8  2  0
      7    4  7  1  5  2  0  0
      7    4  2  1  3  8  0  0
      5    5  4  3  2  7  6  0
      5    6  4  1  6  3  5  2
      5    4  2  1  6  4  0  0
      5    3  1  8  2  0  0  0
      5    4  3  2  8  6  0  0
      5    5  1  5  3  2  4  0
      5    4  5  1  3  7  0  0
      7    5  3  8  2  4  6  0
      5    6  5  1  7  6  3  8
      5    6  1  3  5  2  6  4
      5    4  6  4  3  7  0  0
      5    4  1  2  4  3  0  0
      6    4  6  8  3  4  0  0
      5    6  3  2  4  6  8  1
      5    3  3  7  6  0  0  0
      5    4  6  5  1  8  0  0
      5    6  3  2  1  6  4  8
      5    4  1  4  2  3  0  0
      6    3  8  6  3  0  0  0
      5    6  1  5  6  4  3  7
      6    5  1  6  3  5  4  0
      5    4  7  2  8  1  0  0
      5    4  3  6  8  2  0  0
      5    4  2  8  6  4  0  0
      5    6  2  3  4  6  8  7
      6    6  4  3  6  8  1  5
      6    3  1  8  4  0  0  0
      5    5  5  6  1  3  4  0
      5    4  1  2  4  5  0  0
      6    6  2  7  3  4  8  6
      5    4  1  7  5  3  0  0
      6    5  2  7  8  6  4  0
      5    5  3  4  1  6  2  0
      5    4  5  3  4  1  0  0
      6    4  4  2  6  3  0  0
      5    4  5  2  1  8  0  0
      5    5  4  6  1  5  8  0
      6    5  3  2  6  4  1  0
      5    4  7  1  5  8  0  0
      6    5  2  1  5  3  4  0
      5    3  4  5  6  0  0  0
      6    4  1  5  8  4  0  0
      5    5  2  4  3  6  1  0
      6    5  2  3  1  6  4  0
      7    6  4  3  6  2  1  8
      5    5  3  1  4  2  6  0
      6    6  1  6  5  3  4  8
      5    5  2  3  6  8  4  0
      7    3  7  3  5  0  0  0
      5    4  1  2  3  4  0  0
      6    4  2  4  3  5  0  0
      6    4  4  1  3  2  0  0
      5    4  2  3  8  1  0  0
      6    6  1  5  6  8  3  2
      6    6  2  1  5  3  4  6
      6    3  4  8  1  0  0  0
      5    5  1  2  3  5  4  0
      6    4  5  1  3  4  0  0
      6    6  1  5  6  2  8  3
      5    5  3  4  2  8  7  0
      6    6  1  5  6  3  8  2
      5    6  1  5  7  6  4  3
      5    4  4  1  2  6  0  0
      5    6  3  2  8  6  4  1
      5    4  8  2  7  3  0  0
      5    4  2  1  8  5  0  0
      5    5  4  3  6  7  2  0
      5    4  7  8  3  2  0  0
      5    3  4  7  3  0  0  0
      5    5  5  1  7  6  8  0
      7    3  8  3  6  0  0  0
      5    6  4  3  6  2  8  5
      5    6  3  8  2  4  1  5
      6    6  6  3  4  1  5  2
      5    5  3  6  2  4  8  0
      5    6  1  2  6  4  5  3
      5    5  4  3  8  2  7  0
      5    6  1  4  6  5  2  3
      5    3  7  6  1  0  0  0
      5    6  6  4  3  8  5  1
      5    4  4  6  2  8  0  0
      5    5  3  4  2  6  1  0
      5    6  2  7  8  1  5  3
      4    4  1  7  2  3  0  0
      4    4  2  7  5  8  0  0
      6    3  3  6  5  0  0  0
      4    6  1  5  3  2  8  6
      5    5  2  7  1  3  5  0
      5    6  2  1  5  6  8  3
      4    6  2  3  1  5  6  4
      4    4  2  4  7  3  0  0
      4    5  3  4  6  1  2  0
      4    6  3  4  1  6  5  2
      4    5  2  1  6  3  4  0
      4    6  1  5  6  7  8  4
      6    3  4  7  2  0  0  0
      4    5  4  3  1  2  6  0
      4    4  3  1  6  2  0  0
      6    5  2  7  4  8  3  0
      4    4  6  3  4  5  0  0
      4    6  1  4  5  6  3  2
      4    6  2  3  1  6  4  5
      4    5  4  1  5  6  3  0
      6    4  2  3  1  8  0  0
      5    5  5  1  4  6  3  0
      5    5  1  3  2  6  4  0
      5    6  6  1  5  3  2  8
      7    4  7  1  5  6  0  0
      5    5  2  7  8  4  6  0
      5    6  3  2  4  8  5  1
      4    4  1  4  3  2  0  0
      5    4  2  8  4  3  0  0
      4    6  1  3  4  6  2  5
      6    6  1  5  4  3  2  6
      5    6  3  4  2  8  7  6
      5    3  7  4  2  0  0  0
      5    5  1  5  2  3  8  0
      5    4  7  1  2  3  0  0
      4    6  3  6  4  1  2  8
      5    5  7  2  8  3  6  0
      5    6  8  3  5  2  1  7
      4    4  2  1  6  5  0  0
      5    4  3  2  5  1  0  0
      5    6  4  6  1  3  5  2
      4    6  1  6  4  3  2  5
      5    4  8  2  4  3  0  0
      4    4  2  4  6  1  0  0
      4    5  7  8  2  3  6  0
      6    4  3  2  1  6  0  0
      5    5  4  1  5  3  6  0
      4    6  3  8  2  4  1  6
      5    3  8  5  1  0  0  0
      4    4  2  7  4  1  0  0
      5    5  6  1  5  4  8  0
      4    6  3  8  4  6  2  1
      6    4  2  8  3  7  0  0
      6    5  2  1  4  3  5  0
      4    4  2  3  6  1  0  0
      6    5  1  5  7  6  8  0
      4    4  4  3  1  5  0  0
      5    6  3  2  7  8  4  6
      4    4  6  3  2  8  0  0
      5    5  2  4  6  8  3  0
      4    4  2  3  6  7  0  0
      4    6  4  6  3  1  8  5
      4    5  3  7  2  4  8  0
      4    5  8  3  2  7  6  0
      4    3  3  5  8  0  0  0
      5    4  8  2  3  7  0  0
      6    6  2  3  8  7  6  4
      6    4  6  4  3  5  0  0
      4    3  6  5  8  0  0  0
      5    4  6  1  7  5  0  0
      5    3  5  6  2  0  0  0
      4    3  4  5  2  0  0  0
      5    4  1  3  5  2  0  0
      4    6  1  5  3  2  7  4
      4    6  1  5  3  4  8  2
      5    6  1  4  6  5  3  2
      4    6  4  6  1  5  3  8
      4    5  2  1  5  7  8  0
      4    4  4  1  8  6  0  0
      4    5  2  7  1  3  4  0
      5    3  4  2  7  0  0  0
      4    5  3  6  8  4  2  0
      5    5  1  3  6  5  4  0
      5    4  2  7  6  3  0  0
      4    4  3  1  2  6  0  0
      4    6  1  7  2  5  3  8
      6    6  7  2  8  3  5  1
      5    4  4  1  3  5  0  0
      4    5  2  3  7  1  4  0
      6    4  2  4  6  3  0  0
      5    6  1  5  6  3  7  8
      4    6  4  6  3  2  8  1
      4    6  3  6  1  5  4  2
      5    6  1  5  2  6  7  3
      4    6  4  3  2  6  8  5
      5    4  4  5  1  3  0  0
      5    6  3  1  5  6  4  2
      4    6  1  6  4  5  8  3
      6    5  3  2  4  8  1  0
      6    6  5  1  6  4  3  8
      5    5  4  6  1  2  3  0
      5    6  2  3  1  7  8  5
      4    3  3  5  7  0  0  0
      4    6  2  3  4  6  1  7
      4    4  1  3  7  2  0  0
      6    5  6  5  1  4  3  0
      4    6  5  1  6  2  8  4
      6    5  5  1  4  3  6  0
      4    4  2  4  7  8  0  0
      4    6  4  2  3  8  6  7
      4    4  4  8  3  2  0  0
      5    6  4  3  2  8  6  1
      4    5  6  3  4  1  5  0
      5    4  8  3  4  2  0  0
      5    5  2  1  3  5  4  0
      4    5  3  1  5  2  7  0
      5    5  2  3  6  1  5  0
      4    6  1  6  2  5  3  4
      4    6  1  6  2  4  3  5
      4    6  3  4  2  8  6  5
      4    6  3  4  6  2  1  5
      5    5  1  3  2  4  6  0
      4    5  3  2  8  4  1  0
      4    6  2  4  3  6  7  5
      4    6  1  5  6  4  7  3
      5    6  4  6  3  8  1  5
      5    6  1  6  5  4  3  7
      4    4  2  4  6  8  0  0
      5    5  1  5  2  7  8  0
      5    4  6  4  1  2  0  0
      4    3  6  4  5  0  0  0
      5    5  6  4  3  2  1  0
      6    5  1  5  4  3  8  0
      5    4  7  1  2  5  0  0
      4    3  4  6  5  0  0  0
      4    4  3  8  7  2  0  0
      5    6  4  1  6  5  3  8
      4    4  8  3  2  7  0  0
      4    6  3  6  4  1  5  2
      4    5  4  2  3  6  7  0
      5    6  6  4  3  1  5  2
      4    5  4  2  8  6  3  0
      5    4  1  5  4  2  0  0
      4    5  1  5  7  3  2  0
      4    5  2  3  7  8  6  0
      5    5  1  2  6  4  3  0
      4    6  2  1  3  4  6  8
      6    3  1  8  3  0  0  0
      4    3  5  7  4  0  0  0
      4    3  5  8  1  0  0  0
      5    5  1  3  6  4  2  0
      4    4  3  7  8  2  0  0
      4    5  1  5  3  6  8  0
      5    3  5  4  1  0  0  0
      6    5  2  3  8  4  7  0
      5    5  2  4  3  7  8  0
      5    6  4  3  8  6  1  5
      4    5  1  2  4  3  6  0
      4    5  6  1  3  5  2  0
      4    6  3  4  1  2  5  8
      4    5  1  5  2  4  6  0
      4    6  3  2  8  4  5  1
      5    6  2  3  1  4  6  5
      4    5  8  2  3  7  4  0
      4    4  7  5  1  2  0  0
      5    5  6  3  1  4  5  0
      4    6  1  6  3  5  4  2
      4    6  1  6  3  2  4  5
      5    6  1  2  3  5  6  4
      5    3  5  8  3  0  0  0
      5    5  1  4  3  6  5  0
      4    4  2  6  1  3  0  0
      4    6  2  1  5  3  7  4
      5    4  4  3  6  7  0  0
      4    6  2  3  4  8  5  1
      5    6  3  4  1  6  2  5
      4    4  3  8  2  7  0  0
      5    5  2  3  4  6  7  0
      4    5  7  1  5  2  8  0
      4    4  3  4  8  1  0  0
      4    4  1  6  2  3  0  0
      4    5  6  4  3  5  1  0
      4    6  4  2  3  6  1  5
      4    5  2  6  3  4  1  0
      6    4  3  6  2  8  0  0
      5    5  1  5  7  2  6  0
      4    4  1  3  5  8  0  0
      5    4  8  2  3  6  0  0
      4    4  1  2  3  6  0  0
      4    6  1  5  3  2  7  6
      5    5  1  5  6  7  4  0
      4    4  4  3  1  2  0  0
      4    4  3  2  1  7  0  0
      4    6  1  5  3  2  4  8
      4    4  1  7  5  2  0  0
      4    6  1  5  2  6  4  8
      5    5  7  2  5  1  3  0
      5    6  2  3  6  8  4  1
      4    5  3  2  4  1  8  0
      6    6  1  3  6  4  5  8
      4    5  3  8  2  4  7  0
      4    4  2  1  7  8  0  0
      5    6  1  3  4  6  5  2
      5    6  3  2  8  1  6  4
      4    4  1  6  8  3  0  0
      5    5  1  5  4  8  3  0
      4    5  7  2  8  3  1  0
      4    5  6  5  1  8  3  0
      5    6  3  2  1  5  6  4
      4    5  1  5  8  4  6  0
      3    5  1  5  7  2  3  0
      5    5  1  5  6  7  2  0
      3    6  3  4  8  2  7  6
      3    6  2  7  1  5  3  8
      3    5  3  4  2  6  7  0
      3    6  4  6  2  3  8  1
      4    6  1  5  7  6  8  2
      3    5  1  3  2  7  8  0
      4    5  1  4  3  2  6  0
      4    3  3  8  5  0  0  0
      6    5  3  6  4  2  8  0
      5    5  1  5  3  8  4  0
      4    2  8  4  0  0  0  0
      3    5  2  7  1  5  8  0
      4    5  8  3  2  6  4  0
      3    5  1  6  3  5  8  0
      4    6  1  5  6  7  2  8
      3    6  1  5  2  3  4  8
      4    4  5  7  3  1  0  0
      5    6  6  1  4  3  5  2
      4    6  1  5  2  3  6  8
      5    6  1  2  6  5  3  4
      4    5  2  3  8  4  1  0
      4    5  1  4  6  2  3  0
      4    5  7  2  8  5  1  0
      4    5  6  4  2  1  3  0
      4    5  1  6  4  3  2  0
      5    6  4  6  1  5  3  2
      4    6  1  5  4  6  3  7
      6    6  1  6  3  4  5  8
      3    5  7  3  2  8  4  0
      3    6  2  3  7  6  4  1
      4    6  1  5  2  4  6  3
      3    5  1  5  7  6  4  0
      3    5  5  1  6  8  4  0
      4    5  5  2  1  7  6  0
      4    5  6  3  4  5  1  0
      3    5  1  2  5  6  3  0
      3    6  4  3  8  5  1  6
      3    4  1  3  7  6  0  0
      3    5  6  4  3  8  5  0
      5    6  6  4  1  3  8  5
      3    4  5  6  4  3  0  0
      5    6  1  5  2  4  3  8
      3    5  4  3  1  5  2  0
      4    4  7  4  2  3  0  0
      3    5  3  4  6  1  8  0
      3    5  3  7  2  8  4  0
      3    6  3  4  2  8  1  5
      4    4  2  1  7  3  0  0
      3    5  1  2  5  4  3  0
      5    6  6  4  3  1  5  8
      4    5  6  4  1  5  8  0
      4    3  8  4  2  0  0  0
      3    6  2  7  5  3  4  6
      3    6  1  5  2  6  8  3
      3    5  4  6  3  1  2  0
      5    3  7  8  4  0  0  0
      4    5  1  2  3  4  6  0
      3    5  1  5  7  4  6  0
      5    5  2  3  1  4  6  0
      3    4  5  2  3  1  0  0
      4    6  6  1  3  5  8  4
      3    6  6  4  1  3  8  2
      3    4  4  3  8  7  0  0
      3    5  1  3  2  5  4  0
      3    6  7  1  2  3  5  8
      4    4  3  4  1  2  0  0
      3    5  2  1  7  3  4  0
      3    5  2  4  3  6  7  0
      5    5  1  5  6  2  7  0
      3    6  2  3  7  4  6  8
      4    5  6  1  5  8  3  0
      4    5  4  2  3  6  1  0
      3    3  7  4  6  0  0  0
      4    5  4  2  3  8  7  0
      5    5  2  3  6  4  1  0
      3    6  1  3  4  5  6  2
      3    4  2  3  5  1  0  0
      6    4  7  2  3  1  0  0
      6    6  3  2  4  6  8  5
      5    5  1  2  5  7  8  0
      4    5  2  3  1  7  6  0
      4    6  4  3  6  8  2  7
      3    6  3  4  6  1  8  2
      5    4  2  3  5  4  0  0
      3    5  2  7  3  6  4  0
      3    5  8  2  6  3  4  0
      3    3  5  8  6  0  0  0
      4    6  2  1  3  5  8  6
      3    6  1  5  2  7  6  3
      4    5  2  7  1  5  3  0
      5    6  3  4  6  5  1  8
      4    4  1  6  2  7  0  0
      5    5  2  8  7  3  4  0
      3    6  1  6  4  3  8  5
      3    5  4  6  8  3  2  0
      3    5  2  6  3  8  4  0
      5    4  2  7  3  5  0  0
      3    3  6  3  7  0  0  0
      3    3  6  7  5  0  0  0
      4    4  7  2  4  8  0  0
      4    6  1  5  4  3  2  8
      6    4  6  2  1  4  0  0
      3    5  2  3  8  1  6  0
      4    6  3  2  1  6  4  5
      4    4  1  3  5  4  0  0
      5    6  2  1  3  4  5  6
      6    6  1  2  3  4  6  5
      4    6  4  6  2  3  1  5
      3    6  6  1  5  3  8  4
      3    4  3  2  6  5  0  0
      3    6  3  2  8  6  4  7
      3    5  1  6  5  8  4  0
      3    4  1  4  5  7  0  0
      3    5  1  6  5  3  2  0
      5    6  1  3  5  6  4  2
      3    6  2  1  3  7  5  4
      3    6  2  6  4  3  1  5
      5    5  4  6  1  3  2  0
      5    6  1  5  3  6  4  7
      4    4  5  4  3  6  0  0
      3    5  1  5  4  6  2  0
      3    6  2  3  4  1  6  8
      3    6  1  6  2  5  3  8
      3    4  3  7  4  8  0  0
      3    5  6  4  3  8  1  0
      3    5  3  1  4  6  2  0
      5    5  2  7  8  3  6  0
      4    4  2  1  8  3  0  0
      4    4  5  1  8  6  0  0
      3    6  5  1  3  8  2  7
      4    4  7  2  3  5  0  0
      3    5  6  1  5  3  8  0
      4    5  4  1  3  6  2  0
      3    4  1  7  3  4  0  0
      3    5  3  2  4  6  7  0
      4    5  2  3  4  1  6  0
      3    6  1  2  5  7  6  4
      4    6  2  7  8  3  4  5
      4    6  1  6  5  3  8  4
      4    6  1  5  6  2  7  8
      4    3  8  6  4  0  0  0
      3    6  4  3  6  2  1  7
      3    6  1  3  2  8  6  4
      4    3  4  5  3  0  0  0
      4    6  2  1  3  6  4  8
      4    6  4  3  2  1  5  6
      3    6  1  3  4  2  5  6
      5    6  2  7  3  8  6  4
      3    6  1  5  6  2  8  4
      3    4  4  6  5  1  0  0
      4    5  2  8  6  3  4  0
      3    6  2  8  1  5  3  7
      3    5  2  8  6  4  3  0
      3    4  2  7  4  8  0  0
      3    6  2  3  8  4  6  5
      3    5  7  2  4  1  3  0
      4    6  3  2  1  4  8  6
      3    5  2  5  1  8  6  0
      3    6  1  5  2  8  7  6
      3    6  2  1  4  6  3  5
      3    5  4  3  8  7  2  0
      3    5  1  6  3  4  2  0
      3    5  4  1  3  8  5  0
      3    6  2  7  3  4  1  6
      4    6  1  2  3  5  4  6
      4    4  6  1  4  2  0  0
      4    5  1  6  2  3  4  0
      4    6  2  4  7  3  8  6
      3    4  6  4  2  5  0  0
      4    5  2  7  8  5  1  0
      3    4  3  6  1  2  0  0
      3    6  1  6  4  2  5  3
      3    5  2  4  1  3  8  0
      4    5  1  4  3  5  6  0
      3    3  6  8  4  0  0  0
      3    5  5  1  3  2  4  0
      3    4  8  4  6  3  0  0
      3    5  2  4  1  6  5  0
      3    6  4  6  1  3  8  5
      3    5  6  5  1  8  4  0
      5    5  4  3  6  8  5  0
      3    5  3  8  2  6  4  0
      4    4  6  3  8  4  0  0
      4    6  2  3  8  5  1  7
      3    6  1  3  4  5  8  2
      4    6  2  1  5  7  3  6
      3    6  1  5  3  2  6  7
      4    6  1  5  6  7  2  3
      3    6  1  5  7  2  3  4
      4    6  2  1  5  4  3  6
      3    6  3  2  8  4  6  5
      4    6  4  6  1  3  5  8
      4    5  2  4  8  3  7  0
      3    5  4  6  3  8  1  0
      5    2  4  5  0  0  0  0
      3    4  5  2  1  3  0  0
      3    5  6  2  4  3  8  0
      4    6  1  4  6  2  5  3
      3    6  1  3  4  5  6  7
      3    5  2  7  4  3  6  0
      4    3  8  7  2  0  0  0
      3    5  2  7  8  6  3  0
      4    5  1  5  2  8  7  0
      4    5  3  4  1  6  5  0
      4    6  2  3  1  6  4  8
      3    5  2  5  1  7  8  0
      3    5  2  1  6  5  3  0
      4    6  7  2  1  5  3  8
      4    4  4  3  8  1  0  0
      3    6  3  1  6  4  8  5
      4    4  3  6  1  8  0  0
      3    5  1  2  3  8  6  0
      4    5  3  1  4  5  2  0
      4    3  5  8  7  0  0  0
      3    6  1  5  8  3  2  7
      3    5  1  3  4  6  5  0
      4    4  7  2  6  8  0  0
      4    4  2  6  4  1  0  0
      3    5  2  8  7  4  3  0
      5    4  1  2  4  6  0  0
      3    4  2  1  7  4  0  0
      5    3  7  4  5  0  0  0
      4    5  5  1  2  3  6  0
      3    6  2  7  8  1  5  6
      4    4  7  8  2  3  0  0
      4    5  3  4  2  7  8  0
      4    4  1  3  2  7  0  0
      3    3  7  6  5  0  0  0
      4    4  5  1  7  3  0  0
      3    5  2  3  6  1  4  0
      3    5  3  4  6  8  1  0
      4    5  6  4  1  3  8  0
      3    6  1  5  4  3  2  7
      4    6  6  4  3  1  8  5
      3    5  6  1  5  2  8  0
      3    5  4  3  1  6  2  0
      4    4  3  8  4  6  0  0
      3    4  6  1  2  5  0  0
      3    5  4  2  6  3  1  0
      3    4  1  4  5  8  0  0
      3    4  8  3  1  4  0  0
      5    4  1  6  3  2  0  0
      3    5  5  1  6  7  8  0
      4    4  4  2  6  8  0  0
      4    3  1  8  6  0  0  0
      3    4  6  4  8  1  0  0
      4    5  4  1  6  5  3  0
      4    5  1  2  5  3  6  0
      3    5  4  3  1  2  5  0
      3    6  1  5  6  8  2  3
      3    6  1  4  3  6  5  8
      3    6  4  3  8  7  2  6
      3    6  1  2  5  7  3  8
      3    3  3  5  6  0  0  0
      4    5  6  5  3  4  1  0
      5    6  4  3  6  1  5  2
      3    6  3  2  6  4  8  5
      3    5  1  2  5  4  6  0
      3    6  2  3  4  7  1  5
      4    6  1  5  6  8  4  3
      4    6  3  2  4  8  1  6
      4    5  1  5  8  3  6  0
      4    5  3  1  4  6  5  0
      3    6  7  2  1  3  8  5
      3    4  7  2  8  4  0  0
      3    6  1  5  4  8  3  6
      4    5  1  4  6  5  3  0
      3    4  7  1  6  3  0  0
      3    4  5  6  1  7  0  0
      5    6  1  5  2  6  3  4
      3    6  1  2  7  5  6  3
      4    6  5  1  6  3  2  4
      4    6  2  7  8  3  4  6
      3    6  2  1  3  5  7  6
      3    3  7  6  4  0  0  0
      3    5  5  1  2  7  6  0
      3    6  2  6  3  4  8  7
      3    4  2  3  5  8  0  0
      3    6  1  4  5  3  6  8
      3    6  2  1  3  4  5  8
      4    6  1  5  6  7  4  3
      5    6  1  5  2  7  6  4
      4    2  8  5  0  0  0  0
      3    6  4  3  2  1  6  8
      3    6  3  4  2  8  1  6
      3    6  1  5  3  4  8  6
      3    6  1  5  3  6  8  4
      4    5  4  3  6  2  7  0
      5    6  4  3  2  6  8  7
      5    6  1  2  5  6  3  8
      3    6  4  6  3  8  7  2
      3    6  2  3  4  1  5  8
      3    5  2  1  4  5  8  0
      3    3  4  7  5  0  0  0
      4    6  1  5  2  6  4  3
      3    6  4  6  3  8  2  1
      3    3  7  5  6  0  0  0
      4    5  6  4  5  1  3  0
      4    6  1  5  4  6  8  3
      4    5  2  1  3  4  8  0
      3    5  2  8  3  1  5  0
      2    5  5  1  3  7  2  0
      3    4  5  2  1  7  0  0
      2    6  6  3  4  8  1  5
      3    6  5  1  6  7  8  2
      3    6  4  2  1  6  3  5
      4    4  2  1  5  4  0  0
      2    6  7  1  2  8  3  5
      3    6  3  4  6  7  2  8
      3    6  5  1  6  3  4  8
      4    4  2  6  3  8  0  0
      2    6  3  1  5  6  4  8
      2    6  2  1  4  7  5  8
      3    5  1  3  2  5  8  0
      4    4  2  1  4  3  0  0
      2    5  8  2  4  6  3  0
      3    6  5  2  3  1  6  4
      3    6  5  1  2  6  4  3
      4    4  2  6  8  4  0  0
      2    6  2  3  6  4  8  1
      4    6  6  1  4  3  5  8
      3    6  6  1  5  4  3  7
      3    5  1  3  5  4  6  0
      2    3  8  4  1  0  0  0
      3    6  3  6  4  1  2  5
      3    6  6  2  4  3  8  7
      3    6  1  5  7  6  2  3
      3    6  6  1  2  4  3  8
      3    5  8  2  3  6  4  0
      3    6  1  4  3  2  8  5
      2    6  2  1  7  3  8  5
      3    6  2  7  3  6  4  8
      4    4  5  1  4  7  0  0
      5    5  7  2  3  8  4  0
      2    6  6  2  4  3  5  8
      2    4  1  4  6  2  0  0
      3    6  4  6  5  1  3  8
      3    6  6  1  2  5  3  4
      2    6  3  4  2  6  5  8
      2    6  1  2  3  5  8  6
      2    5  3  8  2  7  6  0
      2    4  2  8  1  4  0  0
      2    6  1  6  4  5  3  2
      5    4  4  8  6  3  0  0
      3    4  6  3  8  2  0  0
      2    6  2  4  8  3  7  6
      4    6  2  3  6  4  5  1
      3    4  5  4  1  3  0  0
      2    4  8  6  2  4  0  0
      3    6  3  4  1  5  6  8
      2    6  2  3  1  4  7  6
      3    6  1  4  2  5  3  6
      3    6  4  6  3  2  1  5
      3    5  3  1  4  5  6  0
      2    6  4  3  6  1  2  8
      4    5  6  1  4  3  5  0
      4    4  3  5  1  4  0  0
      2    6  6  1  3  4  5  8
      3    6  3  6  1  4  5  2
      2    6  6  1  3  5  2  4
      3    5  7  2  5  1  8  0
      4    5  3  2  7  6  8  0
      3    6  6  1  5  2  3  4
      2    4  4  8  6  2  0  0
      3    6  2  7  1  3  4  6
      3    6  4  3  6  5  1  2
      2    6  1  4  5  2  6  3
      4    5  3  4  6  2  1  0
      2    6  4  3  8  6  2  5
      3    5  5  1  2  3  7  0
      4    4  1  2  6  3  0  0
      2    6  2  7  1  5  8  6
      4    5  4  3  2  8  5  0
      2    4  7  1  2  6  0  0
      2    6  4  1  5  6  3  7
      3    5  4  3  8  6  1  0
      2    4  2  1  4  7  0  0
      2    6  4  1  5  3  8  6
      3    5  1  2  6  3  5  0
      4    5  6  4  2  3  8  0
      4    6  3  4  2  6  8  1
      2    5  8  1  3  5  4  0
      4    6  3  2  4  8  6  7
      2    4  4  3  5  7  0  0
      2    6  1  7  8  5  3  4
      3    6  1  2  5  6  7  3
      4    4  5  1  4  8  0  0
      3    6  2  7  1  3  6  4
      2    6  1  5  2  6  3  7
      3    4  3  7  2  1  0  0
      2    5  5  1  7  8  6  0
      3    6  2  7  3  4  6  1
      3    4  2  1  3  6  0  0
      4    4  2  8  7  3  0  0
      2    6  1  3  6  2  5  4
      4    4  7  1  5  3  0  0
      3    3  4  8  2  0  0  0
      2    4  5  2  3  8  0  0
      2    6  1  6  4  3  5  7
      3    4  3  5  1  8  0  0
      3    3  4  7  1  0  0  0
      3    6  6  4  3  2  7  8
      4    5  2  6  3  1  4  0
      3    5  1  6  5  3  8  0
      4    6  1  3  4  2  6  5
      3    5  2  3  1  8  5  0
      3    5  2  1  6  3  5  0
      3    6  1  5  3  7  6  8
      3    6  2  7  3  8  1  5
      2    6  2  8  3  5  1  6
      2    4  4  1  3  7  0  0
      3    4  1  2  6  4  0  0
      3    4  4  6  1  8  0  0
      2    6  3  4  8  1  2  5
      3    6  2  1  6  3  4  8
      2    6  2  6  1  5  3  4
      3    5  3  2  7  1  5  0
      3    6  2  3  8  4  6  7
      4    4  1  4  5  2  0  0
      2    6  4  1  3  2  8  5
      3    4  1  6  7  5  0  0
      3    5  1  5  3  2  7  0
      3    5  7  8  3  2  4  0
      4    4  3  8  2  6  0  0
      3    5  6  3  5  1  4  0
      2    5  1  2  5  6  7  0
      2    6  5  3  1  2  8  4
      2    5  1  2  6  5  4  0
      2    5  2  7  6  8  4  0
      2    4  3  4  8  5  0  0
      2    4  8  6  1  5  0  0
      3    5  2  7  8  3  1  0
      3    5  2  1  5  7  4  0
      2    6  4  2  6  3  8  7
      3    6  3  2  4  7  6  8
      2    5  4  6  3  8  5  0
      4    6  1  5  2  3  4  7
      2    6  2  3  4  1  7  6
      3    6  3  4  6  2  8  5
      4    3  5  7  3  0  0  0
      3    5  2  1  3  8  7  0
      2    5  4  7  2  8  6  0
      2    4  2  6  3  7  0  0
      4    6  2  1  5  7  3  4
      3    5  2  6  4  7  3  0
      3    5  8  7  2  3  4  0
      3    5  1  4  6  8  5  0
      2    6  3  2  8  1  6  7
      4    6  3  2  4  8  7  6
      3    4  3  4  7  2  0  0
      2    6  8  2  7  6  4  3
      2    5  1  5  7  3  6  0
      2    6  1  5  4  3  7  8
      3    6  4  1  5  3  2  6
      2    6  5  1  3  8  6  4
      3    6  1  5  3  6  8  2
      2    4  4  1  6  7  0  0
      2    6  2  6  3  1  5  4
      2    6  1  3  5  4  8  6
      4    6  4  3  1  5  6  8
      3    5  4  3  7  6  2  0
      3    6  1  2  3  4  5  6
      4    6  3  4  6  8  5  1
      3    5  1  3  4  6  2  0
      2    6  2  7  8  4  1  3
      3    4  8  2  6  3  0  0
      3    5  2  6  4  7  8  0
      2    6  4  6  3  5  1  2
      2    6  2  5  7  1  8  3
      3    5  2  8  7  1  5  0
      2    5  2  3  7  6  1  0
      3    6  5  1  6  3  4  7
      2    5  1  5  8  2  3  0
      3    6  3  2  1  6  4  7
      3    3  8  7  1  0  0  0
      2    4  1  7  6  5  0  0
      3    5  6  1  4  2  5  0
      2    4  1  2  8  6  0  0
      2    4  3  2  5  7  0  0
      3    6  4  6  2  3  8  5
      3    6  1  7  5  3  6  4
      5    5  1  6  2  5  3  0
      4    6  3  6  4  2  1  5
      3    6  2  7  3  1  5  6
      3    6  7  3  2  4  6  8
      2    5  8  3  2  4  7  0
      5    5  1  4  5  6  3  0
      2    6  1  6  5  2  8  3
      3    4  2  6  8  3  0  0
      2    6  4  2  7  6  8  3
      3    4  2  7  1  8  0  0
      3    4  2  5  1  4  0  0
      2    5  6  2  3  1  4  0
      2    5  1  7  3  6  2  0
      3    4  2  4  5  1  0  0
      2    4  4  8  3  1  0  0
      2    6  3  4  2  8  6  7
      4    3  4  6  7  0  0  0
      3    5  1  5  6  7  8  0
      3    5  2  8  6  1  5  0
      3    6  2  7  1  5  3  4
      3    6  2  1  5  6  3  8
      4    3  6  2  5  0  0  0
      2    5  1  6  5  8  7  0
      2    6  2  1  7  3  4  6
      2    5  3  4  1  7  2  0
      3    6  1  4  5  3  2  6
      4    4  2  3  4  5  0  0
      3    4  5  6  1  4  0  0
      2    6  5  1  3  4  2  8
      2    6  7  2  8  5  3  1
      3    4  1  3  8  4  0  0
      3    5  3  8  4  2  7  0
      3    4  6  4  8  3  0  0
      3    4  6  5  1  3  0  0
      4    4  7  2  1  4  0  0
      2    6  5  3  4  1  2  6
      3    6  1  5  2  3  7  6
      4    4  1  8  7  5  0  0
      2    4  6  2  8  3  0  0
      3    5  3  7  2  4  6  0
      2    6  2  6  1  4  5  3
      2    6  4  5  1  3  2  6
      3    6  5  1  7  6  8  3
      3    6  4  3  2  6  1  7
      3    6  3  1  2  5  6  4
      2    4  3  1  5  7  0  0
      2    6  1  5  8  3  4  6
      3    5  6  1  3  4  2  0
      2    5  2  8  3  7  4  0
      2    6  5  1  6  4  8  3
      3    6  1  5  6  3  2  7
      3    5  1  5  8  6  2  0
      3    4  1  7  2  4  0  0
      2    6  4  6  5  1  8  3
      3    6  4  6  3  1  2  7
      3    3  5  7  6  0  0  0
      3    4  2  4  1  3  0  0
      2    6  5  2  1  3  4  6
      3    5  2  3  1  4  7  0
      2    4  3  2  7  5  0  0
      3    6  1  2  3  5  6  7
      3    6  1  5  4  2  6  3
      3    6  7  2  3  8  6  4
      2    6  1  5  2  8  3  6
      2    4  2  3  7  5  0  0
      4    5  2  7  6  8  3  0
      2    6  3  1  4  6  7  2
      3    6  4  3  6  2  5  1
      3    6  5  1  6  4  3  7
      2    6  1  2  4  3  5  6
      2    6  3  2  6  4  8  7
      3    4  7  3  2  4  0  0
      3    5  1  2  3  5  7  0
      3    4  4  1  5  8  0  0
      4    4  6  8  1  5  0  0
      3    6  1  2  5  8  7  6
      2    6  7  2  3  1  6  5
      2    4  7  2  4  3  0  0
      2    6  3  1  5  4  6  2
      2    5  7  2  8  1  4  0
      2    6  3  2  1  8  6  5
      4    6  6  3  1  5  4  2
      2    6  1  6  3  4  2  5
      5    6  1  5  6  2  4  8
      3    5  6  3  1  4  8  0
      2    6  1  5  2  4  7  6
      4    5  3  6  4  8  2  0
      3    4  6  4  8  2  0  0
      2    6  2  5  4  8  3  1
      2    4  4  2  8  6  0  0
      3    5  4  3  1  5  6  0
      2    5  2  4  3  7  1  0
      2    4  1  2  7  3  0  0
      3    6  6  1  2  3  4  8
      2    6  6  1  4  3  5  7
      3    5  3  4  8  2  5  0
      2    6  3  2  4  1  8  5
      2    6  5  6  1  4  3  2
      3    6  2  7  8  3  1  5
      3    4  4  1  7  6  0  0
      3    6  5  1  3  6  8  4
      3    6  3  1  6  5  4  8
      2    6  2  1  8  7  4  5
      2    4  4  6  1  2  0  0
      4    5  2  3  8  6  1  0
      2    4  6  2  8  1  0  0
      3    6  1  5  2  7  3  8
      3    5  3  4  1  5  6  0
      3    5  1  7  5  8  2  0
      2    5  6  2  1  4  3  0
      2    6  5  2  8  3  1  6
      2    5  2  5  1  3  4  0
      3    5  5  1  2  6  8  0
      2    6  3  6  4  2  5  8
      3    6  3  2  5  1  6  4
      2    4  5  4  6  3  0  0
      3    6  2  3  6  8  4  7
      3    6  1  3  6  5  4  8
      3    6  1  4  3  5  6  2
      2    4  7  5  1  6  0  0
      3    3  5  6  7  0  0  0
      3    6  5  1  4  3  2  7
      2    5  4  1  8  3  6  0
      2    4  1  4  6  8  0  0
      3    6  2  3  1  8  5  4
      2    6  1  4  2  5  3  8
      2    6  5  1  2  8  4  6
      3    5  5  2  3  6  1  0
      2    6  1  5  6  4  7  8
      2    6  2  4  1  3  6  8
      2    4  6  1  7  3  0  0
      2    6  1  5  3  4  8  7
      2    5  5  1  6  2  7  0
      4    6  1  4  6  5  8  3
      4    5  7  2  1  5  8  0
      2    6  2  4  3  5  1  8
      2    4  3  4  1  8  0  0
      3    6  2  7  4  6  3  8
      2    6  6  4  2  3  8  7
      2    5  1  5  7  8  6  0
      2    6  5  4  6  1  3  8
      4    5  7  2  3  6  4  0
      3    6  2  1  6  4  5  3
      3    5  2  5  1  7  4  0
      2    4  4  1  2  8  0  0
      3    6  3  4  6  2  1  8
      2    6  7  2  1  8  5  3
      3    4  2  5  1  8  0  0
      2    5  2  6  8  7  5  0
      2    6  2  7  3  5  8  1
      2    5  6  7  2  3  8  0
      3    5  4  1  3  6  5  0
      2    5  3  4  1  5  2  0
      2    4  1  6  3  8  0  0
      2    6  4  3  2  7  8  5
      4    6  2  1  5  3  6  8
      2    5  1  5  3  7  6  0
      2    6  7  1  5  2  3  4
      2    6  2  7  1  3  5  6
      3    6  2  3  5  4  1  6
      2    6  1  4  5  6  3  8
      2    5  6  1  5  4  2  0
      2    4  3  2  8  1  0  0
      2    6  1  3  8  2  4  6
      2    5  3  2  7  1  4  0
      4    6  4  3  1  6  5  2
      2    6  2  1  8  5  3  4
      3    6  1  5  2  6  3  8
      4    4  5  3  1  4  0  0
      2    6  3  1  8  6  4  5
      2    4  7  2  5  3  0  0
      3    6  7  2  3  8  1  5
      2    6  1  4  6  7  2  3
      2    6  1  4  3  5  7  6
      5    6  1  5  2  3  6  7
      4    5  5  1  6  8  7  0
      3    4  2  8  7  6  0  0
      2    4  7  3  1  5  0  0
      2    6  1  6  3  4  8  5
      2    6  8  3  2  6  4  1
      2    4  3  4  1  7  0  0
      2    6  1  4  3  5  2  8
      3    5  3  2  6  1  4  0
      2    5  5  2  8  4  6  0
      2    6  1  5  3  8  4  6
      3    6  7  2  1  3  5  8
      2    4  3  7  4  2  0  0
      2    5  4  1  5  2  3  0
      2    4  1  6  7  8  0  0
      3    6  1  2  4  6  5  3
      3    5  7  1  5  8  2  0
      2    6  1  3  6  5  4  7
      2    4  1  4  2  6  0  0
      2    4  8  3  2  1  0  0
      3    6  1  5  2  3  8  6
      2    5  2  3  1  8  4  0
      3    4  5  1  2  4  0  0
      4    4  3  1  2  8  0  0
      3    6  1  4  3  8  2  6
      2    4  4  1  3  8  0  0
      2    5  3  2  6  5  4  0
      2    6  8  6  1  5  3  4
      2    5  1  6  4  5  8  0
      3    4  5  1  4  6  0  0
      3    4  4  5  1  6  0  0
      4    5  2  7  3  8  1  0
      2    4  3  4  2  5  0  0
      2    6  4  1  6  5  8  3
      3    6  2  7  3  6  4  1
      2    4  7  8  2  6  0  0
      3    6  7  2  3  8  5  1
      3    4  3  6  1  5  0  0
      2    5  2  3  4  5  1  0
      2    6  6  1  3  5  8  7
      2    5  5  1  4  6  2  0
      2    5  4  6  2  1  3  0
      3    6  1  5  6  7  3  4
      3    4  1  3  7  5  0  0
      2    5  4  3  8  5  1  0
      3    6  2  3  6  4  1  8
      2    5  2  6  8  4  7  0
      3    6  3  2  1  8  4  6
      3    4  8  3  2  6  0  0
      2    5  3  6  8  5  4  0
      2    5  2  3  1  4  8  0
      4    4  2  8  6  3  0  0
      2    4  5  3  8  1  0  0
      2    6  7  5  8  1  2  3
      2    6  8  6  4  3  1  5
      2    6  1  3  2  5  6  4
      2    5  6  2  3  8  4  0
      2    4  7  8  3  4  0  0
      3    6  2  3  7  8  1  6
      3    5  1  5  7  6  2  0
      2    6  1  4  3  8  5  6
      2    6  1  4  3  2  5  6
      3    5  8  2  3  4  6  0
      3    6  1  3  5  6  4  8
      4    6  5  1  6  2  4  3
      3    4  4  8  2  3  0  0
      2    5  4  3  6  7  1  0
      2    6  6  4  7  1  5  2
      2    4  5  1  8  3  0  0
      2    5  3  6  8  2  4  0
      3    5  5  1  2  6  3  0
      2    6  1  2  5  4  3  8
      2    6  5  2  1  7  3  6
      4    6  1  5  7  6  8  3
      2    6  4  3  2  6  1  8
      3    5  1  2  4  6  5  0
      2    6  3  2  6  1  5  8
      2    6  3  8  2  4  5  1
      3    4  2  5  3  7  0  0
      3    5  1  5  4  7  2  0
      2    6  3  4  2  6  5  1
      3    6  1  3  8  2  4  5
      2    6  7  2  8  3  6  4
      3    5  2  5  1  8  7  0
      4    5  7  1  5  6  4  0
      2    6  2  6  3  5  4  8
      4    6  3  4  6  8  2  1
      2    5  2  1  5  4  3  0
      2    6  1  3  4  8  2  5
      3    6  1  3  2  7  4  5
      3    6  4  6  1  2  3  8
      3    6  6  1  4  3  2  5
      4    6  2  3  8  6  4  7
      2    6  6  3  4  2  5  1
      2    5  2  7  3  5  1  0
      2    6  1  4  3  5  2  6
      4    6  4  6  8  3  1  5
      2    6  7  5  8  6  4  2
      3    5  5  1  2  3  4  0
      3    5  2  5  1  6  8  0
      3    6  6  1  5  3  2  4
      2    6  2  1  7  5  8  3
      3    6  3  6  8  1  4  5
      2    6  2  3  6  7  4  1
      4    6  6  5  1  8  3  4
      2    5  8  3  4  5  1  0
      2    6  1  5  8  7  6  2
      3    5  6  8  2  4  3  0
      2    6  1  6  5  8  3  4
      2    6  1  7  5  6  4  2
      4    5  7  8  2  3  4  0
      2    5  6  4  1  8  5  0
      3    5  7  2  3  5  4  0
      3    6  1  5  3  4  6  7
      2    5  4  6  8  3  1  0
      2    6  3  1  2  6  4  5
      2    3  5  6  4  0  0  0
      3    4  6  7  2  8  0  0
      2    5  2  3  8  1  4  0
      3    5  1  2  5  7  6  0
      2    5  7  2  3  6  8  0
      3    6  4  3  6  8  7  2
      3    6  1  6  5  3  2  8
      2    4  3  1  5  8  0  0
      3    6  1  2  6  3  4  5
      2    4  4  3  1  8  0  0
      2    5  6  4  3  7  1  0
      2    4  4  1  7  5  0  0
      3    4  5  2  3  4  0  0
      3    6  2  1  3  5  6  8
      2    6  1  5  3  8  2  6
      3    5  1  3  4  5  6  0
      3    4  6  3  2  7  0  0
      2    5  2  1  3  5  6  0
      2    5  4  8  6  3  1  0
      5    5  3  2  4  1  6  0
      2    4  2  8  1  7  0  0
      2    5  3  2  1  8  6  0
      2    4  1  7  3  5  0  0
      2    6  1  4  6  3  2  7
      2    6  1  6  3  2  8  5
      2    6  1  4  6  3  5  8
      3    6  1  3  4  5  6  8
      3    5  3  4  2  8  1  0
      2    5  3  2  6  1  8  0
      3    6  5  1  2  3  6  4
      4    6  1  4  3  2  6  5
      2    6  2  7  1  5  8  4
      2    5  1  2  6  5  3  0
      2    6  2  3  6  1  8  4
      3    6  6  3  1  4  5  8
      4    5  2  3  6  5  1  0
      2    5  3  2  5  8  7  0
      3    5  2  3  4  8  1  0
      3    5  1  5  2  7  4  0
      3    5  5  1  7  8  2  0
      2    4  1  4  2  5  0  0
      2    5  3  7  2  4  1  0
      2    5  2  8  4  3  7  0
      2    6  1  6  3  8  4  5
      3    5  4  6  2  8  3  0
      2    6  4  2  3  8  7  6
      2    6  2  4  3  7  6  8
      2    6  5  1  6  8  4  3
      2    6  3  2  1  7  4  8
      3    6  6  1  3  4  2  5
      3    3  8  3  7  0  0  0
      3    5  7  1  5  6  8  0
      2    4  4  2  7  3  0  0
      4    4  5  2  7  3  0  0
      3    6  3  2  5  1  7  4
      2    4  7  4  2  6  0  0
      2    6  7  2  8  1  5  3
      2    6  6  3  4  8  2  5
      2    4  4  7  1  3  0  0
      3    4  8  4  2  3  0  0
      2    5  7  2  1  5  6  0
      2    5  1  2  6  8  4  0
      3    4  6  1  3  2  0  0
      3    6  1  5  2  6  7  8
      4    6  6  1  5  3  4  2
      2    6  4  1  5  3  6  2
      3    5  2  6  1  5  3  0
      4    6  1  6  3  5  2  4
      2    6  6  2  3  1  8  5
      1    6  3  4  2  8  1  7
      2    6  3  4  8  1  6  2
      3    5  1  5  6  4  7  0
      3    5  3  2  4  7  8  0
      2    5  5  1  2  7  3  0
      3    4  6  3  5  1  0  0
      2    5  2  4  6  3  8  0
      2    4  4  2  1  5  0  0
      2    5  5  1  7  3  4  0
      4    6  2  3  1  5  7  4
      3    5  3  6  1  4  5  0
      3    5  1  5  3  7  4  0
      1    5  1  7  5  2  8  0
      1    6  7  1  5  3  8  4
      2    6  5  1  3  6  4  8
      1    5  2  7  6  1  5  0
      2    5  4  1  6  2  5  0
      1    5  3  5  8  1  2  0
      1    6  8  1  3  4  6  2
      2    6  1  6  4  3  8  2
      3    6  2  3  4  8  1  6
      2    6  7  3  2  1  6  8
      2    6  1  7  6  5  3  8
      2    6  4  1  2  6  3  5
      2    6  6  4  2  3  1  8
      1    6  1  5  7  3  4  2
      2    5  1  4  2  3  6  0
      3    6  2  7  3  4  8  5
      1    6  2  6  8  3  4  7
      2    6  1  3  5  4  6  2
      2    6  2  3  4  8  6  5
      2    5  4  2  1  3  8  0
      3    6  4  3  2  8  1  5
      2    6  2  7  1  4  3  5
      3    5  1  5  3  8  2  0
      4    6  1  4  2  5  6  3
      3    4  6  2  1  5  0  0
      2    5  1  3  5  6  8  0
      3    5  7  2  8  4  3  0
      3    6  3  4  2  6  1  5
      1    6  2  1  5  7  8  3
      3    4  3  4  5  7  0  0
      1    5  3  2  6  8  1  0
      2    5  1  4  3  6  8  0
      2    6  2  1  7  5  6  4
      1    5  3  2  8  7  6  0
      2    5  2  8  3  1  6  0
      3    4  4  6  5  3  0  0
      1    6  4  2  8  7  3  5
      2    4  1  4  8  6  0  0
      2    5  1  6  4  8  5  0
      2    5  3  4  7  2  8  0
      3    6  2  1  6  7  5  3
      3    4  7  4  5  2  0  0
      2    5  1  3  2  4  7  0
      1    4  5  8  2  7  0  0
      3    4  6  5  4  2  0  0
      3    4  3  1  6  5  0  0
      2    6  2  3  7  1  5  8
      1    6  5  7  1  6  4  3
      3    6  1  3  2  5  8  6
      1    6  2  1  7  4  8  6
      3    6  4  3  6  7  2  8
      3    6  5  1  2  4  7  3
      2    6  3  2  4  6  7  8
      3    6  6  1  5  8  3  4
      3    6  2  1  6  5  8  3
      1    5  2  5  4  3  1  0
      3    6  1  5  6  7  8  2
      1    6  6  3  1  2  4  5
      4    5  6  3  1  5  4  0
      1    4  1  2  4  7  0  0
      3    6  3  8  4  2  7  6
      2    6  7  3  8  5  2  1
      2    3  8  6  1  0  0  0
      1    5  2  6  8  4  5  0
      2    6  1  5  7  3  2  8
      3    5  3  8  7  6  4  0
      1    6  8  2  3  4  1  5
      3    4  2  7  1  6  0  0
      3    6  2  4  3  8  6  1
      1    6  1  7  4  5  3  8
      2    5  4  3  8  1  6  0
      2    6  1  5  7  2  8  3
      3    3  5  4  2  0  0  0
      3    5  2  1  3  4  5  0
      2    6  7  1  2  5  3  8
      2    5  1  4  5  8  6  0
      3    6  4  1  6  2  5  3
      2    6  1  3  7  5  2  6
      2    5  1  2  3  7  5  0
      1    5  4  2  8  7  3  0
      1    5  4  2  3  1  8  0
      1    6  5  6  3  4  8  1
      1    5  7  8  2  1  3  0
      1    5  2  8  1  6  5  0
      3    5  6  1  3  4  5  0
      3    5  2  1  5  3  6  0
      4    4  3  1  2  5  0  0
      3    5  7  2  8  6  4  0
      1    5  7  2  4  1  5  0
      3    6  1  6  5  4  8  3
      1    6  6  4  2  8  3  7
      4    6  4  3  8  2  6  1
      1    4  4  7  3  8  0  0
      2    5  3  6  1  5  4  0
      3    5  2  5  1  3  6  0
      2    4  7  1  8  5  0  0
      3    6  1  5  2  3  4  6
      1    6  6  2  7  1  5  8
      2    5  1  2  6  3  8  0
      2    5  1  7  2  6  5  0
      1    6  3  2  7  6  4  5
      4    5  4  3  2  6  7  0
      2    5  2  8  6  4  7  0
      4    6  2  3  4  7  6  8
      1    6  5  8  4  3  1  2
      2    6  4  3  2  5  1  6
      3    5  6  2  8  4  3  0
      2    5  5  1  2  7  8  0
      1    5  1  3  8  2  6  0
      2    6  3  2  8  4  1  5
      1    5  3  6  8  4  5  0
      2    6  1  8  6  3  4  5
      1    6  5  1  7  4  6  2
      3    6  3  2  8  6  7  4
      2    4  2  5  6  8  0  0
      2    6  2  3  4  1  8  5
      2    4  4  6  3  5  0  0
      2    5  8  4  3  2  6  0
      2    6  6  1  7  8  3  5
      4    5  4  3  6  1  2  0
      2    5  4  3  7  2  8  0
      3    6  1  3  6  4  8  5
      1    5  3  2  1  7  5  0
      1    4  1  7  2  6  0  0
      2    6  5  1  2  7  3  6
      2    5  1  4  2  3  5  0
      3    4  3  2  7  6  0  0
      1    6  1  6  5  3  7  2
      1    5  1  7  4  6  5  0
      1    5  1  8  6  2  3  0
      2    5  5  1  2  4  6  0
      2    6  5  1  6  8  3  2
      3    5  3  2  1  5  8  0
      1    6  8  5  1  3  2  7
      2    6  8  3  2  4  6  1
      2    6  6  3  2  1  5  4
      1    6  3  8  1  4  6  7
      1    4  8  6  3  5  0  0
      1    6  6  1  8  2  7  4
      1    5  4  2  6  3  5  0
      2    6  6  1  2  3  4  5
      1    6  5  1  4  7  3  6
      1    6  7  1  2  8  5  3
      3    6  6  3  8  4  5  1
      1    5  4  5  1  6  8  0
      3    6  1  5  2  8  3  7
      1    6  1  2  3  4  8  6
      1    5  2  1  3  8  5  0
      3    6  4  3  2  8  6  7
      1    6  2  5  6  7  4  3
      2    6  2  6  3  8  5  4
      1    5  1  7  2  3  5  0
      3    4  1  3  7  4  0  0
      1    6  3  7  2  5  8  6
      1    4  1  2  6  7  0  0
      2    6  3  2  8  7  6  5
      1    5  3  4  5  2  6  0
      1    4  6  5  8  1  0  0
      3    6  1  5  6  8  3  7
      2    4  8  7  2  6  0  0
      3    5  6  1  4  3  8  0
      1    6  2  3  4  6  5  7
      1    6  3  2  8  7  1  5
      2    6  4  3  6  8  2  1
      1    6  6  7  5  8  1  2
      2    5  1  7  5  6  2  0
      2    6  1  2  3  5  8  4
      2    6  2  1  3  4  7  5
      1    6  7  3  8  2  4  1
      1    6  2  5  3  8  1  7
      2    5  1  2  7  5  3  0
      1    6  4  3  7  8  2  1
      3    6  4  3  2  6  5  1
      2    6  3  6  4  8  1  5
      2    5  7  1  5  6  3  0
      2    6  3  4  5  1  8  2
      3    3  3  5  2  0  0  0
      1    5  2  8  6  7  5  0
      3    5  1  7  5  6  8  0
      1    6  7  3  4  6  1  8
      1    6  2  1  3  7  8  4
      2    6  1  5  8  6  3  4
      1    4  4  7  2  8  0  0
      1    6  5  4  3  1  7  6
      3    6  2  3  4  1  8  6
      3    5  7  2  8  3  5  0
      2    5  6  1  3  7  8  0
      1    6  4  7  2  6  3  8
      1    5  3  6  8  5  1  0
      4    6  6  4  3  8  2  5
      2    6  1  6  4  3  7  5
      2    6  3  2  1  4  6  8
      3    6  4  6  3  7  8  2
      3    6  1  5  2  7  3  6
      2    6  1  4  5  3  2  7
      2    6  3  4  1  5  8  6
      1    5  2  8  5  7  6  0
      3    6  6  4  1  3  5  8
      1    5  7  2  1  8  3  0
      1    6  7  4  3  2  1  5
      1    5  7  8  4  6  1  0
      2    6  2  1  5  7  4  3
      3    6  4  3  2  6  7  8
      1    5  6  4  5  8  7  0
      1    5  2  7  8  4  5  0
      2    6  3  6  4  2  8  1
      2    6  2  4  3  6  8  5
      2    5  7  4  1  3  5  0
      1    5  7  6  1  4  5  0
      2    6  1  2  3  5  4  7
      1    6  6  4  1  2  3  7
      2    6  6  2  3  1  5  4
      1    6  2  5  1  3  7  8
      1    5  1  7  5  6  3  0
      2    5  7  3  8  2  6  0
      1    6  5  8  2  3  4  6
      2    5  8  6  2  5  4  0
      2    5  6  1  3  2  4  0
      2    6  7  1  2  5  3  4
      3    6  5  1  6  4  3  2
      2    6  4  3  2  7  8  6
      2    6  1  4  6  3  2  8
      1    6  8  3  5  2  4  6
      1    6  3  4  7  5  2  6
      2    4  1  2  8  5  0  0
      2    6  2  8  3  6  4  5
      2    4  4  3  5  6  0  0
      1    6  1  3  2  8  5  6
      3    5  6  3  4  8  7  0
      1    5  3  2  5  6  1  0
      2    4  7  3  8  6  0  0
      2    5  1  4  3  6  7  0
      2    6  3  2  1  7  5  8
      3    5  5  1  4  3  8  0
      1    6  8  7  2  1  3  5
      2    5  7  2  3  4  6  0
      3    3  6  7  3  0  0  0
      1    6  7  2  4  3  8  6
      2    5  3  8  4  6  7  0
      1    6  8  3  2  5  1  6
      1    6  1  6  4  2  3  8
      2    5  4  6  1  3  7  0
      1    6  8  3  5  7  2  1
      2    6  1  6  3  5  4  8
      1    6  2  8  6  3  7  4
      1    6  1  4  2  6  5  3
      1    6  2  7  5  1  6  4
      1    4  1  3  5  7  0  0
      2    6  2  6  1  3  4  8
      1    6  2  4  7  3  6  8
      1    5  1  2  3  8  7  0
      1    6  2  6  4  5  1  7
      2    6  6  1  4  2  3  7
      3    6  8  3  4  2  6  1
      3    4  4  3  5  1  0  0
      1    5  5  1  6  7  4  0
      1    6  4  7  1  3  8  5
      1    6  8  3  7  2  6  1
      1    4  4  3  5  8  0  0
      3    4  6  3  2  4  0  0
      2    6  4  3  1  2  6  8
      4    6  4  6  3  2  8  7
      1    5  2  4  3  1  7  0
      2    5  5  2  3  4  8  0
      2    5  3  4  2  1  8  0
      3    4  8  6  2  3  0  0
      2    6  6  7  4  2  3  8
      3    5  4  1  3  5  6  0
      2    6  4  1  6  3  2  5
      3    6  2  1  7  3  5  4
      2    6  2  4  8  7  3  6
      2    4  2  3  5  7  0  0
      2    6  4  1  3  2  6  5
      3    4  3  1  5  2  0  0
      2    6  1  8  5  6  4  3
      1    5  6  3  4  7  8  0
      2    5  4  1  3  5  2  0
      1    6  3  2  4  5  1  8
      3    6  1  5  6  2  8  7
      1    6  2  3  7  1  5  4
      2    5  2  1  3  5  8  0
      1    6  5  8  2  3  6  7
      1    6  1  5  8  6  3  2
      2    6  6  2  4  1  5  3
      1    6  4  2  3  8  6  5
      1    6  4  3  2  7  1  6
      2    4  2  8  7  4  0  0
      1    6  2  8  4  6  7  5
      1    6  6  5  2  3  4  1
      2    6  1  6  7  5  3  8
      2    5  1  4  7  6  8  0
      1    6  1  4  2  3  5  6
      2    6  1  3  4  2  8  5
      2    4  5  4  1  6  0  0
      2    6  3  1  5  2  6  8
      1    6  8  3  5  1  4  2
      1    5  4  3  7  5  6  0
      1    6  4  8  3  7  6  2
      3    4  5  2  4  3  0  0
      1    6  5  7  3  8  6  1
      2    6  3  1  4  5  6  2
      2    5  1  3  4  2  5  0
      4    6  2  4  3  8  7  6
      1    6  4  2  1  3  5  6
      1    6  4  2  3  7  6  1
      1    4  7  8  2  4  0  0
      2    5  1  6  5  2  4  0
      2    6  3  6  1  5  8  4
      1    6  4  1  2  5  3  8
      2    6  6  4  8  3  1  5
      1    6  5  1  6  7  4  8
      1    6  5  3  2  6  7  4
      1    6  4  6  7  1  3  8
      3    3  6  7  8  0  0  0
      1    6  6  3  8  5  1  7
      3    5  8  3  2  4  6  0
      1    6  1  3  5  2  7  8
      3    6  2  3  4  8  7  6
      2    6  1  7  5  8  3  2
      1    4  2  5  6  4  0  0
      1    4  6  5  8  2  0  0
      2    6  8  7  2  1  5  3
      3    6  3  8  6  4  2  5
      1    6  2  4  3  8  6  5
      2    6  3  6  1  4  5  8
      1    6  3  4  6  5  1  7
      1    5  8  5  3  2  6  0
      3    5  4  3  8  6  7  0
      2    6  1  4  3  2  5  7
      1    6  2  6  4  3  5  8
      2    4  6  1  4  7  0  0
      1    5  2  1  6  8  4  0
      1    5  3  7  1  2  8  0
      2    6  1  3  2  4  6  5
      3    5  1  2  7  5  8  0
      1    6  3  1  2  5  8  6
      2    6  3  6  4  2  8  7
      3    5  3  2  1  4  8  0
      3    5  3  4  1  2  5  0
      2    5  1  5  4  2  3  0
      1    6  2  5  1  6  7  8
      2    4  6  5  1  7  0  0
      2    6  2  7  3  1  5  8
      2    6  2  3  1  6  5  8
      1    6  7  3  2  1  5  8
      1    6  6  2  1  4  3  5
      3    5  2  1  5  4  6  0
      1    6  1  6  8  2  5  7
      1    5  3  5  1  2  7  0
      3    5  5  1  6  4  8  0
      2    6  1  5  2  7  4  3
      2    4  7  3  1  8  0  0
      3    6  5  3  2  1  6  4
      2    6  3  4  7  1  2  8
      2    6  6  3  8  4  1  5
      1    5  3  5  1  4  6  0
      3    6  2  3  7  4  6  5
      1    6  3  1  2  4  6  5
      2    5  2  3  6  8  7  0
      1    5  1  4  6  5  7  0
      2    6  7  1  5  6  4  2
      1    6  5  4  6  3  8  7
      2    6  7  3  4  6  2  5
      1    5  8  2  4  3  6  0
      1    5  6  2  7  1  3  0
      2    6  2  5  1  7  3  6
      2    4  6  7  3  4  0  0
      2    6  5  2  1  6  3  8
      1    4  2  4  6  5  0  0
      1    6  1  5  3  2  7  8
      2    5  8  6  4  2  3  0
      1    6  2  1  7  3  6  5
      2    5  3  4  6  1  7  0
      2    6  1  7  5  3  2  4
      2    5  2  3  6  4  7  0
      1    5  7  5  3  8  6  0
      1    6  2  8  6  1  5  3
      1    5  5  1  4  3  2  0
      2    6  2  7  8  3  5  6
      3    6  1  6  5  2  3  4
      1    6  2  6  3  7  4  5
      1    5  4  5  2  3  8  0
      3    6  2  3  4  6  7  8
      1    5  3  5  6  2  4  0
      3    4  1  7  6  4  0  0
      1    6  7  8  5  1  3  6
      2    6  1  2  6  3  5  7
      2    6  2  7  6  4  1  3
      1    6  6  4  2  7  8  5
      1    6  1  5  4  8  2  3
      1    5  1  6  4  2  7  0
      2    6  2  1  4  3  7  5
      2    6  3  2  6  1  4  5
      1    4  4  6  7  8  0  0
      2    5  3  6  4  2  1  0
      2    4  4  2  3  5  0  0
      3    6  6  1  5  4  2  3
      2    6  6  2  8  3  7  4
      2    4  2  7  4  6  0  0
      3    5  8  3  2  7  4  0
      1    5  8  7  5  3  6  0
      1    6  5  3  2  1  4  6
      1    6  5  1  2  3  8  4
      1    4  4  2  5  3  0  0
      3    6  3  2  5  1  4  6
      1    6  1  2  5  3  4  7
      2    6  2  3  5  1  8  6
      1    6  6  3  4  2  1  7
      1    6  8  4  3  2  1  6
      2    6  2  4  3  6  8  1
      1    6  5  2  3  8  7  4
      2    3  6  3  5  0  0  0
      2    3  8  2  5  0  0  0
      2    6  2  3  5  7  4  8
      1    6  3  8  2  4  7  5
      2    6  3  1  6  8  2  4
      1    6  2  8  3  1  7  6
      4    5  5  1  3  2  6  0
      1    5  5  1  2  4  8  0
      2    5  5  1  2  3  8  0
      1    6  8  2  3  6  7  4
      2    6  5  1  3  8  2  6
      1    6  4  2  1  6  7  5
      3    4  6  1  2  3  0  0
      2    5  7  8  1  3  4  0
      3    3  6  7  2  0  0  0
      1    5  2  1  7  6  8  0
      3    6  2  5  1  8  3  6
      1    6  1  4  5  6  2  8
      2    5  4  2  6  1  3  0
      3    6  4  1  6  2  3  5
      1    6  1  3  6  4  7  2
      1    6  2  6  3  5  1  7
      2    6  4  3  8  1  5  2
      1    6  7  4  6  3  5  2
      4    5  6  4  1  3  5  0
      1    4  3  5  1  2  0  0
      2    6  2  1  3  7  4  8
      1    6  3  6  5  8  4  1
      2    5  1  6  5  8  2  0
      3    4  2  7  5  4  0  0
      1    5  6  1  5  3  7  0
      2    6  4  1  8  6  5  3
      1    6  6  2  4  3  5  1
      1    6  4  1  7  3  5  8
      2    5  1  3  2  8  7  0
      1    6  4  3  1  2  5  7
      1    4  6  2  5  1  0  0
      1    6  1  3  6  8  5  4
      3    6  7  2  1  8  3  5
      2    6  1  5  2  7  8  6
      1    5  1  2  7  6  4  0
      3    6  2  1  5  8  3  6
      2    6  2  7  3  8  6  1
      3    5  1  2  4  6  8  0
      2    4  4  2  1  3  0  0
      1    6  3  1  8  5  2  7
      1    6  6  3  7  4  8  2
      3    5  1  6  3  8  4  0
      2    6  3  6  4  1  8  5
      1    6  1  2  7  6  5  3
      2    4  3  1  2  7  0  0
      1    6  8  3  5  2  4  7
      2    6  3  4  5  2  1  8
      1    5  7  5  1  2  3  0
      2    3  7  4  1  0  0  0
      3    5  5  1  2  4  3  0
      2    5  4  1  5  3  8  0
      1    6  1  5  8  6  4  7
      2    6  2  1  3  7  8  6
      2    6  3  1  2  6  8  4
      3    6  3  1  6  5  8  4
      3    4  2  8  4  6  0  0
      1    6  4  1  6  2  8  3
      3    6  2  1  7  5  3  4
      1    6  6  7  8  5  2  1
      3    5  4  6  3  2  1  0
      3    6  3  4  2  7  8  6
      1    5  1  7  2  3  6  0
      3    6  3  4  2  6  8  7
      2    3  8  6  7  0  0  0
      1    6  6  3  1  5  7  8
      2    5  2  3  1  6  5  0
      1    5  8  2  1  3  4  0
      3    6  6  4  3  5  1  8
      1    5  1  8  7  3  6  0
      1    6  7  2  8  5  1  4
      1    6  4  1  2  5  8  3
      2    4  3  1  7  6  0  0
      1    6  5  1  4  3  2  6
      2    4  1  4  8  5  0  0
      1    6  8  4  3  6  2  1
      1    6  6  8  7  3  4  2
      1    6  3  4  5  2  6  8
      2    6  1  5  3  6  7  4
      3    4  7  6  1  5  0  0
      3    6  2  3  6  1  4  5
      2    5  2  8  3  1  4  0
      2    6  4  1  3  6  5  2
      1    5  3  2  8  6  7  0
      3    5  4  3  8  2  1  0
      1    5  8  1  6  5  2  0
      1    6  1  7  5  6  8  2
      2    6  2  3  8  1  4  5
      3    5  2  1  5  6  3  0
      1    5  1  3  7  2  6  0
      2    5  2  4  3  1  8  0
      3    4  3  6  4  5  0  0
      1    6  2  7  3  8  5  6
      3    5  3  4  8  2  1  0
      1    6  6  2  7  4  8  3
      2    5  1  2  4  5  8  0
      2    6  2  4  3  1  8  6
      3    6  2  5  1  3  8  6
      3    5  1  5  3  2  8  0
      2    6  2  4  6  1  8  3
      1    6  4  6  1  5  7  2
      2    6  3  7  4  6  2  8
      3    4  8  4  3  6  0  0
      2    5  3  6  4  7  2  0
      1    5  3  5  7  2  4  0
      1    5  2  3  1  5  8  0
      2    5  2  8  7  3  6  0
      2    6  5  1  6  3  8  7
      1    6  7  2  5  8  1  6
      2    6  2  4  1  3  6  5
      2    5  1  2  3  5  6  0
      1    6  6  5  1  8  7  4
      3    6  2  1  3  6  4  5
      1    6  1  5  8  7  6  4
      4    6  4  3  1  6  2  5
      2    6  2  3  5  1  7  8
      1    6  8  3  4  6  2  7
      1    6  5  6  3  2  4  8
      2    5  6  8  3  4  2  0
      3    6  6  4  3  8  1  5
      1    5  1  2  7  3  5  0
      1    5  6  3  1  8  5  0
      3    5  4  2  3  7  8  0
      1    4  7  4  2  1  0  0
      2    3  4  7  6  0  0  0
      1    5  7  8  2  5  3  0
      1    5  6  3  4  8  5  0
      2    6  1  5  3  8  2  7
      2    6  1  7  2  5  4  3
      3    4  4  6  2  1  0  0
      3    5  2  3  4  6  5  0
      1    6  5  2  1  6  3  4
      2    6  2  1  3  6  5  4
      1    6  4  1  7  5  3  6
      1    6  7  1  4  5  3  2
      2    5  4  6  5  1  3  0
      2    5  8  3  6  4  1  0
      3    6  1  5  4  8  3  2
      1    6  4  1  5  6  7  8
      1    6  1  5  8  2  3  4
      2    6  1  6  7  2  5  3
      3    5  5  1  6  4  2  0
      2    6  5  3  4  2  8  1
      1    6  2  7  1  6  3  8
      2    6  3  4  1  2  7  5
      2    6  8  2  3  1  6  5
      3    5  6  3  2  4  1  0
      1    5  2  7  3  4  6  0
      2    6  3  4  8  6  7  5
      2    6  2  5  3  1  4  6
      1    6  6  4  3  8  2  7
      2    5  8  3  7  2  5  0
      1    5  1  2  6  5  7  0
      2    6  2  1  7  6  8  3
      1    5  4  2  6  8  1  0
      2    4  5  4  3  7  0  0
      1    5  7  1  2  5  8  0
      1    6  3  6  7  1  8  4
      1    6  4  1  5  6  7  3
      2    6  3  1  4  2  6  5
      1    6  2  7  1  6  3  4
      1    4  7  2  6  1  0  0
      1    5  5  2  6  7  3  0
      1    6  6  8  3  4  2  1
      1    6  2  3  4  7  6  1
      2    4  2  6  1  7  0  0
      3    6  5  1  6  3  7  4
      1    5  7  4  2  3  8  0
      3    6  1  3  6  4  5  2
      1    6  3  2  8  4  7  1
      1    6  1  5  3  7  8  6
      2    6  6  1  8  3  5  2
      2    6  5  1  6  2  7  8
      1    5  6  3  8  7  2  0
      1    6  4  3  7  5  6  2
      1    6  4  6  3  1  2  8
      1    6  5  6  1  3  4  2
      1    4  5  6  4  1  0  0
      1    5  7  8  6  2  5  0
      2    5  2  7  5  1  8  0
      1    6  6  1  4  2  3  5
      2    5  3  6  2  1  5  0
      3    3  7  6  3  0  0  0
      2    6  1  2  3  7  5  8
      1    4  8  3  4  6  0  0
      1    6  3  1  8  5  6  4
      2    5  4  6  2  8  7  0
      3    5  2  7  8  1  5  0
      1    6  1  2  4  6  7  3
      1    6  2  1  8  5  3  7
      2    5  3  4  5  6  1  0
      1    6  2  7  4  1  3  8
      3    6  4  3  6  2  8  1
      2    6  1  7  5  3  8  4
      1    6  8  3  6  4  2  7
      3    5  2  1  5  3  8  0
      3    6  2  4  8  3  1  6
      2    4  1  4  3  8  0  0
      2    5  3  2  1  6  5  0
      1    6  8  6  2  3  5  1
      1    4  5  4  2  6  0  0
      1    5  7  2  1  8  5  0
      2    6  3  1  2  5  4  6
      1    6  3  1  4  7  8  6
      3    6  6  3  4  5  1  2
      1    6  3  6  4  2  7  8
      1    6  3  6  8  4  5  1
      2    6  1  5  7  2  8  6
      3    5  2  8  7  6  4  0
      1    5  6  4  8  5  1  0
      2    5  4  6  8  5  1  0
      2    5  1  6  8  3  5  0
      1    6  8  1  5  3  2  4
      3    5  1  5  7  8  2  0
      1    5  2  5  6  4  3  0
      2    5  6  1  5  7  3  0
      2    6  2  5  3  1  6  4
      1    6  1  2  3  7  4  8
      3    5  2  7  1  5  4  0
      2    4  3  8  6  1  0  0
      1    6  2  7  1  4  6  5
      1    5  3  5  2  1  6  0
      1    6  2  4  5  3  1  7
      1    5  1  5  2  4  7  0
      1    5  2  8  4  3  6  0
      1    5  7  6  4  3  2  0
      2    3  5  4  6  0  0  0
      1    5  3  5  7  8  1  0
      1    6  2  3  6  4  7  1
      2    5  7  2  8  1  3  0
      1    6  1  7  5  3  6  2
      4    6  2  3  7  8  4  6
      1    6  4  3  6  2  8  7
      1    6  2  3  4  5  7  8
      2    5  3  1  2  6  8  0
      2    6  1  7  2  5  3  6
      3    5  3  4  2  1  6  0
      1    6  6  3  5  4  2  1
      3    6  3  4  2  6  1  8
      2    6  4  6  7  1  5  3
      1    5  5  7  1  3  2  0
      2    6  7  2  1  5  3  4
      2    5  3  6  4  1  5  0
      2    5  7  2  3  8  1  0
      2    6  5  3  2  1  7  8
      1    6  6  4  1  7  5  3
      1    4  8  5  1  6  0  0
      1    5  8  2  5  1  7  0
      2    4  2  6  1  8  0  0
      1    6  2  8  1  4  7  5
      2    6  5  1  4  3  6  8
      1    5  5  4  3  2  6  0
      2    4  2  6  3  5  0  0
      2    6  1  5  3  7  6  2
      1    6  2  1  5  7  6  4
      1    6  2  7  6  8  1  3
      1    4  3  7  2  6  0  0
      3    6  2  3  8  4  1  5
      1    5  7  8  5  1  2  0
      2    4  7  1  2  4  0  0
      1    6  7  3  5  1  8  2
      2    4  1  7  6  8  0  0
      3    6  1  5  7  3  6  4
      4    4  1  7  5  4  0  0
      1    5  6  1  4  5  2  0
      2    5  2  3  7  4  6  0
      3    4  6  3  1  2  0  0
      1    6  4  1  3  5  7  6
      1    6  6  4  5  2  3  1
      3    6  1  6  5  8  4  3
      1    5  1  2  8  5  3  0
      3    6  6  1  5  4  8  3
      1    6  7  3  4  8  6  1
      1    5  8  1  3  2  4  0
      1    6  1  2  7  8  5  6
      2    6  1  5  6  7  8  3
      1    6  2  3  7  4  1  8
      1    4  3  6  2  5  0  0
      2    5  7  8  6  3  2  0
      1    5  7  2  3  8  5  0
      2    5  2  8  3  5  1  0
      1    6  2  1  3  4  8  6
      1    5  1  2  6  3  4  0
      1    6  3  1  5  6  7  4
      2    6  7  8  4  3  2  6
      1    6  2  1  5  7  3  8
      3    5  2  1  5  7  3  0
      1    6  4  1  6  5  3  7
      1    6  1  5  8  4  6  2
      2    5  6  4  8  3  2  0
      2    5  6  8  7  3  2  0
      3    5  3  2  1  6  4  0
      2    5  5  1  3  7  8  0
      1    5  7  5  1  4  8  0
      1    6  3  2  4  5  6  7
      2    6  4  1  5  6  3  8
      3    5  2  1  4  3  7  0
      1    6  4  1  3  8  2  6
      2    6  3  2  8  4  7  6
      1    5  2  1  7  6  4  0
      2    4  4  2  8  1  0  0
      1    6  2  4  1  7  3  6
      2    4  7  2  6  3  0  0
      2    6  6  3  1  4  2  5
      3    3  8  1  2  0  0  0
      2    5  2  7  8  4  1  0
      2    4  4  7  8  2  0  0
      3    4  1  3  8  6  0  0
      2    6  4  6  8  3  2  5
      2    5  3  4  6  5  2  0
      1    5  3  6  1  5  2  0
      1    6  6  7  4  8  2  3
      2    5  2  1  5  6  7  0
      1    5  1  3  7  6  8  0
      2    6  7  8  3  5  2  1
      1    5  4  6  3  7  2  0
      1    6  2  6  1  5  8  4
      1    6  1  2  3  4  8  5
      2    6  1  2  4  3  7  5
      1    6  3  2  8  1  4  5
      3    4  8  3  4  5  0  0
      1    6  3  7  4  2  1  6
      1    5  2  1  6  5  8  0
      3    4  4  1  2  5  0  0
      2    5  2  4  3  5  6  0
      2    6  2  8  3  4  6  7
      1    6  4  3  1  8  6  7
      2    6  2  3  7  6  4  5
      1    5  1  4  3  8  6  0
      1    4  5  7  1  6  0  0
      1    5  3  7  1  2  4  0
      1    5  5  1  7  2  3  0
      3    6  3  6  1  5  4  8
      1    6  4  2  6  8  3  5
      2    6  5  1  3  2  6  4
      1    6  8  2  3  4  5  1
      3    6  1  2  5  6  3  4
      1    4  4  8  2  5  0  0
      2    5  1  3  7  4  2  0
      1    6  2  3  1  4  5  7
      3    6  1  2  3  6  5  4
      2    5  6  3  2  4  8  0
      1    6  6  5  3  1  2  8
      1    6  6  8  7  1  5  4
      3    6  1  5  4  6  2  3
      2    6  3  4  6  1  5  2
      1    6  3  4  2  5  1  8
      2    6  2  7  3  4  1  8
      2    4  2  8  7  5  0  0
      1    5  8  4  3  6  1  0
      1    6  3  7  1  8  5  2
      2    5  1  7  2  5  6  0
      1    6  7  6  2  3  1  5
      3    5  2  7  3  4  5  0
      2    4  5  7  2  6  0  0
      2    5  3  5  1  6  4  0
      1    5  6  2  4  7  8  0
      1    6  3  2  4  1  6  5
      2    6  3  4  2  1  6  7
      1    6  2  3  1  8  7  5
      1    6  6  8  2  1  3  7
      2    6  2  7  8  3  6  5
      1    6  2  1  5  7  8  4
      1    6  2  7  8  6  5  4
      1    6  7  3  8  6  1  2
      1    5  5  2  6  4  1  0
      2    5  4  8  3  2  6  0
      2    6  4  3  2  1  8  6
      3    5  6  1  3  5  4  0
      1    6  1  5  4  6  7  8
      2    5  6  4  1  2  3  0
      1    6  3  6  8  4  7  5
      1    5  1  3  4  2  6  0
      2    5  4  7  3  8  2  0
      2    6  1  5  8  3  2  4
      2    3  6  7  4  0  0  0
      2    6  1  2  3  6  4  7
      1    5  2  1  8  4  7  0
      2    6  7  2  8  5  1  6
      1    6  2  5  4  7  3  8
      1    5  1  6  2  5  4  0
      3    5  1  5  7  3  8  0
      1    5  6  2  3  4  5  0
      1    5  3  4  2  5  1  0
      1    6  2  1  8  7  4  3
      2    5  2  7  8  5  3  0
      1    4  3  8  2  1  0  0
      1    5  3  6  5  8  1  0
      2    4  2  6  5  3  0  0
      3    3  8  5  3  0  0  0
      2    5  3  4  6  7  2  0
      4    6  6  1  3  5  4  2
      1    5  6  1  3  2  7  0
      2    6  2  8  3  7  1  6
      1    6  7  3  4  6  5  1
      3    6  2  3  8  6  4  1
      1    5  3  4  5  2  8  0
      1    6  5  2  7  1  3  4
      2    5  2  1  5  7  6  0
      1    5  2  6  4  8  5  0
      1    5  4  1  6  3  8  0
      3    5  2  4  7  6  8  0
      1    6  4  3  2  1  8  5
      1    6  1  6  2  8  5  4
      2    6  4  1  5  8  3  2
      1    5  8  6  1  2  4  0
      2    5  1  2  3  6  5  0
      1    5  2  7  6  3  5  0
      1    5  4  1  8  5  6  0
      2    5  5  3  4  7  1  0
      1    5  7  2  1  4  6  0
      1    6  1  2  6  3  4  8
      2    5  1  5  3  6  7  0
      2    6  6  4  8  1  5  3
      1    6  6  5  1  2  7  4
      1    5  6  8  3  2  4  0
      1    6  3  4  6  5  1  2
      4    5  1  2  5  6  8  0
      2    6  5  1  2  7  6  8
      1    4  6  8  3  1  0  0
      3    4  5  4  3  1  0  0
      3    4  3  6  1  7  0  0
      1    6  7  2  3  4  8  6
      2    6  1  7  3  5  4  8
      1    5  6  4  2  3  1  0
      1    6  3  2  6  7  8  5
      1    6  4  6  1  7  3  2
      2    6  2  8  3  5  1  7
      2    6  2  6  3  1  4  7
      2    6  4  6  2  7  8  3
      2    6  1  5  3  8  6  4
      2    6  3  2  4  8  6  5
      3    5  2  7  5  8  1  0
      1    6  2  7  1  6  5  3
      2    6  2  3  4  7  8  6
      1    6  3  1  5  8  2  7
      3    5  3  8  4  2  6  0
      1    6  8  5  6  3  1  4
      2    6  2  7  3  6  5  4
      1    6  7  1  4  5  3  8
      1    5  1  2  4  7  3  0
      2    6  2  1  5  3  8  7
      1    6  3  6  8  1  7  4
      1    5  2  3  5  8  4  0
      2    4  4  7  1  8  0  0
      1    6  4  1  5  7  8  3
      1    5  2  1  4  5  6  0
      2    6  1  5  2  3  7  4
      2    6  2  4  6  3  8  1
      1    6  1  7  2  3  8  5
      1    6  4  3  1  6  8  2
      3    5  6  2  1  3  4  0
      2    5  1  5  3  8  7  0
      1    6  7  2  4  8  6  5
      2    6  1  4  6  3  5  2
      1    6  6  1  2  7  8  4
      1    4  1  2  6  8  0  0
      3    6  2  3  4  6  8  1
      1    5  8  2  4  1  5  0
      2    5  2  3  4  7  6  0
      1    6  3  6  7  8  2  5
      2    6  2  1  5  4  3  7
      2    6  1  7  5  2  8  6
      1    5  5  1  4  6  8  0
      1    3  8  5  2  0  0  0
      1    6  1  5  7  3  2  6
      1    6  1  4  5  2  3  6
      1    5  6  2  4  1  3  0
      2    4  3  2  4  5  0  0
      1    6  4  7  2  8  3  6
      1    6  3  8  2  4  1  7
      2    6  2  7  8  3  1  4
      1    4  8  4  7  3  0  0
      1    5  5  2  6  1  8  0
      1    6  8  7  6  1  5  4
      1    5  8  5  1  4  3  0
      2    6  1  3  2  6  4  8
      1    5  4  6  7  3  1  0
      2    6  4  6  3  2  5  1
      2    6  1  3  4  2  8  6
      1    6  4  1  5  3  8  2
      1    5  7  1  5  3  2  0
      1    6  3  4  8  2  7  1
      2    6  2  3  8  4  1  6
      2    5  6  2  4  8  3  0
      2    6  7  2  1  4  5  3
      3    6  4  3  6  1  2  5
      1    5  6  3  7  4  8  0
      1    5  4  3  7  6  8  0
      1    6  1  2  7  8  5  3
      1    6  1  3  6  5  7  2
      2    4  3  6  7  4  0  0
      1    4  2  7  5  3  0  0
      3    5  1  5  8  2  7  0
      1    6  6  2  3  7  4  1
      2    4  2  6  3  1  0  0
      2    4  6  4  2  8  0  0
      1    5  4  8  3  6  7  0
      1    6  6  1  7  2  5  3
      2    6  4  3  6  1  8  7
      1    5  2  8  4  3  5  0
      2    6  4  1  5  2  3  6
      2    6  6  5  1  2  3  7
      1    6  1  5  3  7  4  6
      1    6  4  3  1  5  6  2
      1    6  6  1  4  5  2  8
      1    6  2  4  8  7  3  1
      1    6  1  2  4  6  3  5
      3    5  7  2  3  4  8  0
      1    6  6  1  7  5  3  4
      1    6  2  1  3  4  8  5
      2    5  4  1  3  2  6  0
      2    6  3  4  6  2  8  7
      2    6  6  4  3  7  5  1
      1    6  6  7  5  3  2  1
      2    3  6  2  7  0  0  0
      1    4  6  5  3  2  0  0
      2    6  1  4  5  3  7  6
      3    4  7  3  2  6  0  0
      1    5  2  6  4  1  3  0
      3    6  2  3  7  4  5  8
      2    5  1  4  5  7  6  0
      2    4  3  6  5  1  0  0
      1    5  1  7  3  5  8  0
      1    6  3  6  2  4  1  7
      1    6  1  3  7  2  6  8
      2    6  8  2  3  4  6  7
      1    6  2  5  7  8  3  1
      3    6  1  6  4  5  3  8
      2    6  2  8  1  5  6  4
      2    6  2  3  4  6  1  5
      1    4  5  3  2  1  0  0
      1    5  4  1  8  2  5  0
      1    5  5  4  6  1  8  0
      1    6  3  2  8  4  5  7
      2    4  3  8  7  4  0  0
      3    4  3  6  4  7  0  0
      3    6  4  3  6  8  5  1
      1    4  6  8  5  1  0  0
      2    5  3  6  1  4  2  0
      2    5  4  1  6  5  7  0
      1    6  8  1  5  3  6  4
      3    6  2  3  1  7  6  5
      1    5  8  2  7  6  3  0
      1    6  4  6  1  3  2  7
      2    5  6  5  1  4  2  0
      3    3  4  8  7  0  0  0
      1    5  5  4  1  6  7  0
      1    4  3  8  1  2  0  0
      2    4  7  3  8  2  0  0
      1    6  2  1  4  8  5  3
      1    6  1  5  6  2  7  3
      3    5  1  2  5  6  4  0
      1    5  3  2  1  5  4  0
      2    4  1  2  7  8  0  0
      1    5  6  8  1  5  2  0
      2    6  1  5  3  6  7  2
      1    6  4  8  3  5  2  6
      2    6  6  4  1  3  2  8
      1    5  7  1  2  5  3  0
      2    6  2  3  7  8  5  4
      1    6  6  5  1  7  3  4
      2    6  6  3  4  1  5  7
      1    6  1  2  6  5  3  7
      2    5  7  4  8  2  1  0
      3    5  6  2  3  4  8  0
      1    6  6  4  5  3  1  8
      3    6  6  1  3  2  4  5
      1    6  4  3  6  2  7  8
      3    4  3  1  4  8  0  0
      1    5  7  5  2  8  4  0
      1    4  8  2  4  7  0  0
      2    6  3  2  1  7  4  6
      2    6  1  5  3  8  2  4
      3    6  5  1  6  8  2  3
      2    5  4  6  3  2  7  0
      1    5  1  6  4  3  8  0
      2    6  1  3  5  7  4  8
      1    5  2  1  6  4  7  0
      1    6  7  1  5  3  2  6
      1    6  8  6  3  4  7  2
      1    5  7  5  8  2  3  0
      1    5  6  1  3  8  2  0
      1    6  3  1  6  4  2  7
      1    6  1  6  7  3  5  8
      2    6  2  7  8  3  1  6
      1    4  8  2  3  1  0  0
      1    4  5  3  2  6  0  0
      1    6  1  2  3  6  8  4
      2    5  2  7  5  3  4  0
      1    6  7  1  2  8  3  4
      2    5  3  1  4  5  8  0
      1    5  7  4  5  8  1  0
      3    5  2  6  8  3  4  0
      2    6  1  5  6  3  8  7
      1    4  3  1  8  7  0  0
      2    5  2  3  1  6  8  0
      1    5  1  4  6  3  7  0
      1    6  1  5  7  3  6  8
      2    6  2  3  7  1  4  6
      1    6  5  4  3  6  2  8
      2    4  5  3  1  6  0  0
      2    5  5  2  1  4  6  0
      1    6  5  1  6  2  7  3
      1    6  3  5  1  7  6  2
      1    5  2  4  7  3  6  0
      1    5  3  7  8  5  1  0
      2    4  6  5  4  1  0  0
      1    6  2  8  7  6  1  5
      1    4  7  3  6  2  0  0
      1    6  6  4  1  3  2  5
      2    5  6  2  4  8  1  0
      1    6  4  5  1  6  3  8
      2    6  5  1  2  4  3  6
      1    6  3  4  1  6  8  5
      2    4  7  3  1  2  0  0
      1    4  7  2  3  6  0  0
      1    6  3  5  4  1  6  8
      1    6  2  4  8  6  3  7
      1    4  7  5  3  2  0  0
      2    5  6  1  4  3  2  0
      1    6  1  3  8  7  4  2
      2    5  2  3  8  1  5  0
      1    5  2  3  1  4  5  0
      2    6  7  5  1  2  3  8
      1    5  7  2  1  3  8  0
      2    4  1  2  8  3  0  0
      1    5  3  7  6  8  2  0
      1    5  1  7  8  6  2  0
      3    6  1  2  3  5  7  6
      2    6  2  3  8  1  6  4
      1    6  7  8  4  1  5  3
      1    5  8  7  1  2  5  0
      1    5  2  8  7  4  6  0
      2    6  2  8  4  6  1  5
      1    6  1  5  4  8  2  7
      1    5  7  1  3  2  6  0
      1    4  5  2  6  1  0  0
      2    6  3  1  5  8  4  7
      1    6  7  1  6  5  8  3
      1    6  5  3  4  2  6  8
      1    6  4  1  2  6  5  7
      2    5  1  2  8  5  7  0
      1    6  4  2  3  7  1  5
      1    6  7  8  6  5  2  4
      1    4  4  3  5  2  0  0
      1    6  2  1  6  4  5  8
      2    5  7  2  5  8  1  0
      1    6  6  7  2  4  1  8
      2    6  2  8  3  4  1  5
      2    5  1  4  3  6  2  0
      3    4  7  2  8  6  0  0
      1    5  3  4  2  5  8  0
      1    4  7  1  4  5  0  0
      1    6  2  5  1  6  3  4
      2    5  2  8  7  3  5  0
      1    6  2  6  1  4  7  5
      1    6  2  7  6  3  4  8
      2    6  5  1  8  4  3  2
      2    6  2  7  8  6  1  5
      1    6  4  2  1  8  3  6
      2    6  2  3  1  8  5  7
      2    6  2  3  4  6  5  1
      3    6  2  1  5  8  7  6
      1    6  7  2  6  8  1  4
      2    5  2  1  5  8  6  0
      1    4  6  2  3  5  0  0
      1    6  4  6  8  3  5  2
      2    6  2  3  7  8  5  1
      2    5  1  6  3  2  7  0
      3    6  2  4  1  3  8  6
      1    6  6  4  3  8  1  2
      2    6  4  1  2  3  6  5
      2    5  1  8  4  2  3  0
      1    6  3  2  8  1  5  7
      2    5  3  2  4  7  1  0
      1    5  1  7  8  3  2  0
      1    5  6  1  5  7  4  0
      2    5  7  8  2  4  6  0
      1    6  7  6  4  2  1  5
      1    5  3  2  1  8  4  0
      1    6  1  7  2  4  5  6
      1    6  6  4  2  1  5  3
      2    5  3  8  2  4  1  0
      1    5  3  6  2  4  7  0
      2    5  2  7  8  1  6  0
      1    4  3  8  6  7  0  0
      3    6  3  2  7  8  1  5
      1    3  4  2  5  0  0  0
      2    6  4  3  2  5  8  6
      2    6  8  5  1  6  4  3
      1    6  7  1  2  3  8  6
      1    6  2  7  5  3  1  8
      1    5  2  7  1  3  6  0
      1    6  3  6  8  2  4  1
      1    6  6  2  4  5  3  8
      2    5  3  2  7  8  1  0
      1    4  8  7  6  2  0  0
      2    4  2  8  4  1  0  0
      3    4  2  1  5  8  0  0
      1    6  6  3  8  2  1  5
      1    5  2  1  5  4  7  0
      1    4  8  2  1  7  0  0
      1    6  2  3  7  1  6  5
      1    6  5  2  6  1  3  8
      1    4  8  3  2  5  0  0
      1    6  4  3  2  7  6  8
      2    5  1  3  2  6  8  0
      2    5  4  3  2  6  5  0
      1    4  1  3  6  8  0  0
      1    6  7  2  6  3  8  4
      1    4  6  2  1  8  0  0
      1    5  5  2  4  3  8  0
      1    6  8  4  7  3  2  5
      2    5  4  3  1  8  6  0
      1    6  1  2  5  8  6  7
      2    6  2  3  5  7  6  4
      1    6  5  3  8  2  1  7
      2    6  4  2  3  7  6  8
      1    6  5  7  1  4  6  2
      1    6  4  2  6  3  1  5
      2    6  3  1  2  8  6  4
      1    6  3  1  5  2  4  6
      2    6  1  5  7  3  8  2
      1    6  3  5  7  4  2  6
      1    6  1  5  4  7  8  2
      2    4  7  5  3  8  0  0
      1    6  1  3  6  5  2  7
      1    5  5  4  8  6  7  0
      1    4  6  8  3  2  0  0
      2    5  2  3  5  6  4  0
      1    4  3  7  5  2  0  0
      2    5  4  2  1  3  6  0
      1    6  2  1  8  3  7  6
      3    6  3  4  6  1  2  8
      1    5  4  1  8  2  6  0
      2    5  2  3  8  1  7  0
      1    5  5  7  1  6  8  0
      1    6  3  7  2  5  6  1
      2    6  3  1  4  6  5  8
      2    6  1  5  2  6  7  4
      1    5  2  7  4  8  5  0
      2    5  2  5  1  3  7  0
      1    6  8  6  3  2  5  1
      2    5  1  6  5  4  2  0
      3    6  6  1  5  3  8  2
      3    6  2  1  6  3  4  5
      1    6  7  1  5  8  6  4
      2    5  1  6  7  5  3  0
      3    6  2  3  8  5  1  4
      1    6  5  1  6  2  8  7
      3    5  3  4  7  8  2  0
      2    5  5  2  1  3  6  0
      2    6  2  7  3  1  8  5
      2    5  2  3  8  7  1  0
      2    6  5  3  2  7  6  4
      1    4  3  7  1  2  0  0
      1    6  6  2  1  8  4  5
      2    4  3  1  7  5  0  0
      2    6  2  3  1  4  7  5
      2    5  4  3  8  5  6  0
      1    6  4  6  7  5  1  2
      1    6  5  3  8  1  6  4
      1    6  1  6  4  3  2  7
      2    6  1  3  2  5  6  7
      1    5  8  7  4  3  6  0
      2    6  3  5  1  6  4  8
      3    6  4  1  3  5  8  6
      2    5  4  6  8  2  3  0
      1    6  6  1  5  3  7  2
      2    6  8  2  3  4  6  1
      1    5  5  1  4  2  7  0
      1    4  5  1  8  2  0  0
      2    6  6  1  8  5  4  3
      1    6  3  5  4  6  7  2
      1    6  2  6  3  8  7  4
      2    5  1  3  4  6  7  0
      1    6  1  2  5  6  7  8
      2    6  1  5  3  6  2  7
      1    5  3  1  5  2  6  0
      2    5  6  4  3  1  2  0
      3    6  1  6  3  4  5  2
      2    5  2  6  3  8  5  0
      1    6  3  2  1  6  8  4
      1    6  1  8  3  7  4  2
      1    5  4  2  3  1  7  0
      2    6  1  3  5  2  6  8
      2    6  3  2  4  8  7  5
      2    5  3  8  7  2  4  0
      1    5  1  5  8  3  2  0
      1    6  8  1  5  3  7  6
      2    6  1  2  5  3  7  4
      3    6  6  1  5  8  4  3
      1    6  5  1  2  7  3  4
      1    5  1  3  2  8  5  0
      2    5  2  1  7  5  6  0
      1    6  5  1  3  6  7  4
      3    6  8  3  2  6  4  7
      2    4  7  3  2  8  0  0
      1    4  1  3  8  5  0  0
      1    4  6  5  2  4  0  0
      2    6  4  3  2  8  7  5
      1    6  2  3  6  5  4  8
      2    6  1  5  4  7  6  3
      1    6  1  2  5  6  4  7
      1    6  6  3  2  4  1  7
      2    5  4  7  3  6  8  0
      1    4  2  7  5  6  0  0
      1    6  3  2  6  8  1  5
      2    5  2  7  3  5  4  0
      1    5  3  4  8  6  1  0
      2    6  2  1  7  6  5  8
      1    6  5  6  3  2  1  7
      2    3  6  5  4  0  0  0
      2    6  1  3  5  2  4  8
      1    5  3  2  8  1  5  0
      1    6  1  4  3  5  6  7
      1    6  3  4  8  6  5  1
      1    6  7  2  3  6  5  4
      2    6  2  1  7  5  6  3
      1    5  4  2  8  3  7  0
      1    6  7  5  2  3  8  1
      2    5  2  3  1  7  8  0
      1    6  2  6  7  3  8  1
      2    5  5  1  4  8  6  0
      1    6  7  5  2  1  8  3
      1    6  2  1  8  5  7  3
      1    6  8  5  4  6  1  3
      1    4  4  8  5  1  0  0
      1    5  7  4  6  1  2  0
      2    6  2  3  7  6  4  8
      1    6  1  7  8  5  2  3
      1    6  2  3  7  1  8  6
      2    6  5  1  2  6  3  4
      2    6  3  2  7  4  5  8
      1    6  3  6  4  1  8  2
      1    6  5  7  1  3  6  8
      1    6  7  8  4  5  1  6
      2    4  7  5  1  4  0  0
      1    6  2  6  7  4  3  8
      1    6  3  1  2  8  5  7
      1    6  6  4  1  5  3  2
      1    6  4  6  2  8  3  5
      1    6  2  6  3  4  7  8
      2    5  5  6  3  2  4  0
      1    6  3  4  1  2  8  6
      1    6  4  1  3  5  7  2
      1    5  3  2  5  1  8  0
      2    5  5  3  7  8  4  0
      2    3  8  1  7  0  0  0
      1    6  2  3  4  5  6  7
      1    6  3  7  1  6  5  8
      1    6  2  1  5  8  6  7
      3    6  2  1  5  3  7  6
      1    4  5  4  6  1  0  0
      1    6  4  3  6  8  2  5
      3    6  3  2  4  8  1  5
      1    6  2  6  4  8  3  7
      2    6  5  2  3  1  4  6
      2    4  5  6  3  8  0  0
      1    6  6  8  1  5  4  3
      2    6  1  5  3  6  8  7
      2    6  1  4  5  3  8  6
      1    6  7  1  5  3  4  2
      1    6  5  3  2  4  1  7
      1    6  3  4  2  5  8  7
      1    6  4  3  6  5  8  1
      1    5  2  3  1  6  7  0
      1    4  3  1  5  6  0  0
      2    5  2  1  6  4  8  0
      1    4  3  6  8  5  0  0
      3    5  4  3  2  8  1  0
      1    6  1  5  2  8  6  3
      1    6  1  5  7  2  6  8
      1    6  2  3  1  8  7  6
      1    6  6  4  3  2  5  1
      2    5  4  6  1  3  8  0
      1    6  4  5  2  1  7  6
      1    6  7  6  3  1  5  8
      2    4  4  2  8  7  0  0
      1    6  1  4  3  6  8  5
      2    6  5  1  4  2  3  6
      1    6  4  1  6  5  7  3
      1    6  7  5  1  8  6  3
      2    6  2  4  3  1  6  5
      1    6  4  1  5  7  3  2
      2    6  2  5  1  3  4  6
      1    6  6  1  4  3  7  8
      1    5  2  5  3  7  8  0
      2    4  2  5  7  3  0  0
      1    6  2  1  4  6  7  5
      1    5  4  3  6  2  5  0
      2    5  6  5  3  4  8  0
      1    5  1  6  8  4  5  0
      2    6  3  8  4  6  2  5
      1    6  1  5  8  4  3  6
      2    6  4  3  8  1  5  6
      1    6  2  4  7  5  1  6
      2    6  2  7  8  1  5  4
      1    5  4  2  1  7  3  0
      2    5  2  3  6  7  4  0
      1    6  7  5  8  2  1  4
      1    6  3  1  4  5  2  6
      2    6  2  1  3  6  4  7
      1    6  2  3  7  6  8  1
      1    5  2  1  7  6  5  0
      1    5  1  6  5  4  7  0
      1    6  5  2  6  8  7  3
      1    6  6  3  1  5  8  2
      2    4  2  7  6  1  0  0
      1    6  8  6  3  2  1  4
      1    6  1  5  4  8  6  2
      3    4  6  2  4  3  0  0
      1    6  2  8  3  7  4  6
      3    6  6  3  2  4  1  8
      3    2  6  7  0  0  0  0
      1    6  6  4  1  2  7  3
      2    6  2  3  8  5  1  6
      1    6  8  2  3  1  5  7
      2    5  6  3  2  8  4  0
      1    6  3  1  2  7  8  6
      2    5  1  4  2  5  3  0
      2    5  1  4  3  5  2  0
      1    5  2  7  1  4  6  0
      1    5  2  8  1  4  5  0
      1    5  2  3  1  8  6  0
      1    6  3  8  4  6  1  5
      1    5  5  4  3  6  2  0
      2    6  3  4  8  6  1  2
      1    6  2  5  4  1  3  8
      2    5  2  4  8  7  3  0
      1    4  2  8  1  5  0  0
      2    6  6  1  5  4  2  8
      2    5  6  8  4  2  1  0
      2    6  2  7  1  8  3  6
      1    6  8  2  4  6  5  3
      2    5  8  3  6  4  5  0
      1    6  5  7  1  6  3  4
      1    6  6  4  3  2  5  7
      1    4  8  1  5  4  0  0
      1    6  5  1  7  2  3  6
      1    6  8  2  6  3  1  4
      2    6  2  1  5  7  6  3
      1    6  8  3  2  4  5  1
      1    6  6  1  4  8  3  5
      1    6  6  3  4  8  5  1
      1    6  8  4  6  2  5  1
      3    5  7  2  3  1  6  0
      1    5  2  5  1  8  4  0
      1    5  8  3  5  7  1  0
      1    6  5  1  7  2  8  4
      2    6  6  1  4  3  2  7
      1    6  3  8  5  1  6  7
      2    4  6  2  3  8  0  0
      1    6  4  1  8  3  6  2
      1    5  3  7  6  4  8  0
      2    6  2  3  8  1  6  7
      3    5  1  5  2  7  3  0
      2    6  1  3  2  6  8  5
      1    6  2  7  3  1  8  4
      1    6  1  5  7  6  3  2
      1    5  7  8  3  2  6  0
      2    6  6  3  2  4  1  5
      2    5  5  3  7  1  6  0
      1    6  7  3  2  6  8  4
      2    4  1  6  4  2  0  0
      3    5  5  1  6  2  3  0
      2    5  7  2  8  6  3  0
      2    6  1  3  7  4  6  2
      1    5  8  4  7  1  5  0
      1    6  5  6  1  4  3  8
      1    6  6  3  1  5  2  8
      1    5  6  1  5  4  7  0
      1    5  3  4  5  1  6  0
      1    5  2  3  4  7  5  0
      2    6  1  5  7  4  2  3
      1    4  5  3  7  1  0  0
      2    6  6  2  1  3  5  8
      2    6  2  7  1  3  8  5
      1    6  3  8  4  2  7  1
      1    6  2  4  3  8  7  5
      2    5  7  1  5  8  4  0
      1    6  1  2  4  3  7  6
      1    6  6  4  1  5  7  8
      1    5  3  2  7  5  8  0
      1    6  2  3  8  1  4  6
      2    5  2  1  3  7  4  0
      2    5  2  1  7  5  3  0
      1    6  5  3  1  8  4  2
      2    6  7  2  3  1  4  6
      1    6  1  2  6  4  3  8
      1    6  1  3  6  4  2  7
      2    5  6  4  1  8  3  0
      2    6  1  4  6  5  3  7
      1    6  5  1  4  8  3  7
      1    5  8  6  4  2  5  0
      1    6  7  3  1  2  4  6
      2    6  4  2  6  7  3  8
      1    6  1  6  7  5  2  3
      2    6  3  2  1  5  8  4
      1    4  2  6  4  7  0  0
      1    6  5  3  1  8  6  4
      2    6  3  2  4  6  8  7
      1    6  1  5  8  2  3  7
      2    5  2  4  3  8  5  0
      1    6  1  6  5  8  3  7
      1    5  6  7  1  5  4  0
      1    4  2  4  1  7  0  0
      2    4  1  7  8  5  0  0
      1    4  5  6  7  1  0  0
      2    6  3  6  1  8  5  2
      2    6  5  1  3  4  8  6
      1    5  2  5  8  1  4  0
      2    6  2  7  8  3  6  4
      1    5  7  2  3  6  1  0
      1    6  4  6  1  5  8  3
      1    5  3  7  6  2  8  0
      3    6  1  4  3  6  5  2
      1    6  6  7  3  2  8  4
      3    6  2  7  4  3  6  8
      1    6  8  2  3  7  4  1
      2    6  6  1  3  2  8  5
      1    6  5  1  3  4  6  2
      2    6  4  1  5  6  8  3
      1    5  2  7  8  3  5  0
      1    6  3  1  5  4  2  7
      1    6  6  1  7  5  8  3
      3    4  2  8  3  1  0  0
      1    5  7  1  6  8  5  0
      1    6  1  2  3  4  6  8
      1    5  2  1  5  4  8  0
      1    6  8  6  1  3  5  4
      1    6  1  7  4  3  2  8
      1    6  6  5  4  3  8  1
      1    6  2  4  5  3  8  7
      2    6  2  7  3  4  8  1
      1    6  2  6  4  1  8  3
      1    6  7  2  6  3  1  8
      2    6  1  6  5  2  7  4
      1    5  4  8  3  6  2  0
      2    5  2  7  1  3  8  0
      1    5  7  1  2  4  3  0
      2    5  6  5  3  1  7  0
      3    6  1  6  5  3  8  2
      1    6  2  4  1  5  7  8
      1    6  6  4  1  7  8  5
      1    6  1  2  3  7  6  4
      1    6  6  7  1  2  5  4
      1    6  3  7  1  5  4  6
      2    5  1  7  5  8  3  0
      1    4  7  6  5  1  0  0
      2    6  1  3  6  5  8  4
      1    4  8  2  4  1  0  0
      1    5  2  7  1  8  4  0
      1    6  3  5  1  6  8  4
      2    6  7  2  8  4  6  3
      2    5  1  5  7  3  4  0
      1    6  6  5  3  1  4  8
      1    5  7  5  1  4  6  0
      1    6  6  3  1  5  4  7
      1    5  2  4  7  8  3  0
      2    6  6  1  8  5  4  2
      1    6  2  6  7  3  4  8
      2    4  2  1  8  6  0  0
      1    5  8  1  5  3  2  0
      1    6  6  8  3  4  1  5
      2    5  6  4  3  5  8  0
      1    6  1  8  5  4  2  6
      1    6  5  3  7  4  8  2
      2    6  1  4  8  6  5  3
      1    6  5  6  7  3  2  4
      1    6  1  5  8  3  6  4
      1    5  7  2  5  8  6  0
      2    6  3  1  2  4  6  8
      1    4  4  2  7  6  0  0
      2    5  1  5  4  2  6  0
      1    6  2  4  6  5  1  3
      1    6  4  5  8  1  3  6
      3    4  5  6  1  2  0  0
      1    6  4  8  3  7  2  5
      2    5  7  2  4  8  3  0
      2    6  2  6  4  3  8  1
      2    5  1  5  3  4  7  0
      2    6  3  1  2  6  8  5
      1    6  1  2  6  3  8  4
      1    5  6  7  2  4  3  0
      3    4  2  6  1  5  0  0
      1    5  6  7  1  3  2  0
      1    6  8  3  6  4  2  1
      1    6  3  8  2  7  4  6
      2    5  7  5  1  2  8  0
      1    5  5  7  3  1  4  0
      2    5  2  8  7  6  3  0
      1    6  1  6  5  8  4  2
      1    6  2  7  5  4  3  8
      1    6  1  5  7  4  6  3
      1    6  8  2  7  3  6  1
      2    5  4  6  3  8  7  0
      2    5  1  5  2  8  4  0
      1    5  1  8  4  3  2  0
      1    6  6  2  4  3  1  5
      1    5  3  1  5  4  6  0
      1    5  7  1  2  6  3  0
      1    5  5  1  7  3  8  0
      2    6  1  2  3  5  6  8
      1    6  2  6  8  1  5  4
      3    4  5  1  8  7  0  0
      1    6  8  1  3  2  6  4
      2    5  1  5  2  6  7  0
      1    6  3  4  6  7  1  5
      1    5  1  6  2  3  8  0
      2    6  2  1  4  3  6  5
      1    5  2  4  6  7  1  0
      1    6  2  7  1  5  4  3
      2    4  5  2  1  6  0  0
      1    5  5  1  2  8  3  0
      1    6  7  5  2  3  6  1
      1    6  2  1  3  4  6  7
      3    6  4  3  5  2  1  6
      1    6  1  2  3  8  4  5
      2    5  6  3  8  4  2  0
      1    6  6  7  2  5  1  3
      2    6  2  1  3  5  4  7
      1    6  2  4  6  3  8  5
      2    5  3  6  2  8  4  0
      1    6  1  5  7  4  8  3
      2    5  4  3  5  2  1  0
      1    6  2  3  5  7  8  1
      1    4  3  6  8  7  0  0
      1    6  6  7  3  4  2  8
      1    6  1  4  7  6  2  3
      2    5  3  2  4  7  6  0
      1    6  3  1  2  4  6  7
      2    5  1  6  4  2  5  0
      1    6  2  3  7  8  4  5
      1    6  1  4  6  2  3  8
      1    5  1  7  3  2  8  0
      1    6  5  6  3  1  2  7
      1    5  1  8  5  2  6  0
      1    6  8  7  6  4  3  2
      1    6  1  2  5  7  4  3
      2    6  1  5  4  6  7  2
      1    5  6  1  3  2  5  0
      1    4  6  7  2  4  0  0
      2    5  3  2  1  7  6  0
      1    6  1  3  2  8  5  4
      1    6  5  1  2  3  4  8
      2    4  1  3  6  7  0  0
      1    3  8  7  6  0  0  0
      1    6  2  6  4  3  1  7
      2    4  4  3  2  5  0  0
      1    5  2  6  3  5  7  0
      2    6  3  2  7  8  6  4
      2    4  3  1  6  8  0  0
      2    6  4  1  3  6  7  5
      1    6  1  5  7  6  2  8
      1    6  3  4  1  5  7  6
      1    6  7  1  5  6  8  3
      1    5  8  2  7  3  6  0
      1    6  4  1  2  5  8  6
      2    6  2  4  8  3  6  5
      1    6  2  3  6  7  5  4
      2    6  8  3  2  4  6  7
      1    5  3  2  5  8  4  0
      2    6  4  1  3  8  6  5
      1    6  2  3  5  1  7  6
      1    6  5  1  4  3  7  6
      2    3  5  2  6  0  0  0
      1    6  4  2  6  1  5  8
      2    6  3  2  1  7  6  4
      2    6  3  4  6  2  8  1
      2    6  3  1  4  6  5  2
      2    6  1  4  6  3  8  5
      1    6  3  1  2  8  7  4
      2    4  3  1  7  4  0  0
      2    6  1  4  6  7  5  3
      3    6  1  3  4  6  8  5
      1    6  4  3  7  2  8  6
      2    5  5  2  1  3  4  0
      1    5  1  2  3  4  8  0
      1    5  2  4  1  3  6  0
      1    4  2  4  8  1  0  0
      1    6  2  6  8  5  4  3
      2    6  5  1  4  6  8  3
      1    5  6  3  8  1  5  0
      1    4  7  5  3  6  0  0
      1    6  2  4  3  1  5  8
      1    4  5  3  6  7  0  0
      2    6  6  1  5  2  7  8
      1    5  3  6  5  1  4  0
      2    6  1  8  3  5  6  4
      1    6  2  3  6  8  5  1
      2    6  8  2  3  7  4  5
      1    6  3  5  1  7  2  4
      1    4  5  2  7  6  0  0
      1    6  2  6  3  7  8  4
      1    6  8  3  2  7  4  1
      2    6  7  1  5  3  8  6
      1    5  1  3  4  8  2  0
      2    4  2  6  8  7  0  0
      1    4  3  7  1  5  0  0
      2    6  1  3  4  5  2  8
      1    5  8  6  2  3  1  0
      2    6  5  1  3  6  4  2
      1    6  4  7  1  6  2  5
      2    6  1  3  4  8  5  6
      1    6  6  4  3  8  5  2
      1    6  3  1  6  4  2  8
      1    6  7  1  2  6  5  8
      1    5  1  4  3  5  7  0
      2    5  1  3  6  4  7  0
      1    6  7  8  4  3  6  2
      1    6  2  3  4  7  1  8
      1    6  2  7  1  6  5  8
      1    4  7  8  5  2  0  0
      2    6  1  5  6  4  2  8
      1    5  4  2  8  5  6  0
      1    4  4  5  3  8  0  0
      2    6  5  1  2  6  8  3
      1    5  1  6  2  4  3  0
      1    6  4  3  1  7  8  6
      1    4  5  7  2  1  0  0
      1    6  2  5  1  6  4  3
      1    6  8  1  5  6  3  4
      1    6  1  2  4  6  3  7
      1    4  3  2  5  6  0  0
      1    6  2  6  4  8  1  5
      1    6  2  3  6  5  1  4
      1    6  6  4  1  8  7  2
      1    6  2  1  7  3  4  5
      2    6  1  5  7  6  3  8
      2    6  2  3  7  6  8  4
      1    6  2  7  6  8  5  3
      1    6  6  1  4  2  5  8
      1    5  3  8  5  4  6  0
      1    6  2  8  7  3  6  5
      1    6  1  6  7  5  4  8
      2    6  5  1  3  2  4  6
      1    6  4  1  2  3  6  8
      1    5  1  8  4  2  5  0
      1    5  3  6  2  1  8  0
      2    6  6  3  1  4  5  2
      2    6  4  1  3  6  2  5
      2    5  2  7  8  6  1  0
      1    6  5  3  2  7  4  6
      3    4  6  5  3  4  0  0
      1    5  2  6  1  7  4  0
      3    5  2  8  3  7  6  0
      1    5  7  3  5  2  1  0
      1    5  6  1  4  5  7  0
      2    6  3  6  8  1  5  4
      1    6  5  1  3  8  7  2
      1    5  2  3  5  8  1  0
      2    6  2  1  7  5  3  6
      2    6  1  2  5  8  6  4
      3    5  5  1  6  7  2  0
      1    5  5  6  4  2  8  0
      2    5  3  7  8  4  2  0
      1    6  3  7  8  1  5  2
      1    6  7  8  3  2  4  6
      1    6  3  8  4  6  5  1
      1    6  4  3  2  5  6  1
      2    6  2  3  6  8  1  5
      1    5  1  4  7  3  5  0
      1    5  3  4  6  5  1  0
      1    6  2  1  3  8  6  7
      2    6  2  3  4  8  7  5
      1    5  4  2  8  7  6  0
      2    6  2  8  7  3  6  4
      3    4  3  4  7  8  0  0
      1    6  6  4  3  1  7  5
      1    6  4  3  8  6  5  1
      1    6  5  3  1  7  8  2
      1    5  6  8  4  1  2  0
      2    6  4  1  5  2  6  3
      1    5  4  2  3  7  1  0
      2    5  2  1  5  3  7  0
      2    5  6  3  8  2  4  0
      1    6  3  5  6  8  2  1
      1    4  3  5  7  4  0  0
      2    3  8  6  2  0  0  0
      1    6  1  5  3  2  4  7
      1    5  5  2  1  6  3  0
      1    4  2  5  3  4  0  0
      1    5  6  3  8  2  5  0
      2    4  7  6  5  3  0  0
      1    6  5  7  1  3  4  6
      2    5  6  3  2  7  8  0
      1    5  4  2  1  5  8  0
      1    5  7  3  1  8  2  0
      1    5  1  4  3  2  5  0
      1    6  4  6  3  8  5  1
      1    6  2  4  1  8  3  7
      2    6  4  3  2  6  8  1
      2    6  5  1  2  8  3  4
      1    5  1  2  5  8  3  0
      2    6  4  1  5  3  6  8
      1    5  5  1  8  4  2  0
      2    6  5  2  1  6  4  3
      2    6  5  1  6  7  2  8
      1    6  6  2  4  3  8  1
      1    5  4  3  1  8  2  0
      1    6  3  8  4  1  5  6
      2    4  6  4  5  3  0  0
      1    6  6  3  5  1  4  8
      1    6  2  8  4  3  7  6
      1    5  2  6  7  5  3  0
      2    6  1  7  5  3  2  8
      2    5  4  1  6  3  2  0
      2    6  1  3  6  2  4  8
      1    6  1  2  5  8  3  6
      2    5  6  2  3  8  7  0
      1    6  3  1  2  4  7  5
      1    6  6  4  3  1  2  7
      2    6  5  1  6  3  7  8
      2    5  6  7  1  5  3  0
      1    5  7  2  4  5  1  0
      3    6  5  1  2  7  3  8
      1    6  3  8  6  4  5  1
      3    4  3  5  4  1  0  0
      2    6  1  3  4  8  6  5
      1    6  6  5  8  2  7  3
      2    5  3  8  2  1  6  0
      1    5  2  8  1  5  3  0
      2    6  5  1  3  2  7  6
      2    5  1  3  5  2  7  0
      2    6  1  4  3  6  8  2
      1    5  7  5  6  1  8  0
      1    6  2  1  3  7  5  6
      1    5  2  1  6  5  7  0
      2    6  4  3  1  2  5  8
      1    5  6  1  7  3  5  0
      2    6  1  2  7  3  5  6
      1    4  3  8  5  2  0  0
      2    5  1  6  4  7  5  0
      1    6  3  6  4  5  8  1
      1    4  5  7  3  8  0  0
      2    6  3  4  8  6  7  1
      1    5  3  1  2  4  7  0
      1    6  1  3  6  5  7  4
      1    6  5  6  1  2  3  4
      1    6  3  6  4  5  7  1
      2    3  8  5  7  0  0  0
      1    5  2  7  5  8  3  0
      1    6  1  8  3  5  2  6
      2    5  1  5  3  8  6  0
      1    6  5  1  3  6  2  8
      1    6  5  1  6  7  3  8
      1    6  4  3  1  5  6  7
      2    6  5  1  8  3  2  7
      2    6  1  2  6  7  5  4
      2    5  2  8  7  5  1  0
      2    6  3  2  1  4  7  6
      1    6  5  2  1  6  4  8
      1    6  1  3  6  2  8  4
      1    5  6  8  1  5  4  0
      1    5  2  6  3  4  5  0
      2    5  7  4  1  3  2  0
      1    6  3  4  6  8  2  5
      1    6  1  2  5  3  7  8
      1    5  7  5  2  1  3  0
      2    5  1  2  4  3  8  0
      2    6  4  2  3  1  6  7
      1    6  5  1  2  7  6  3
      1    5  8  3  7  2  4  0
      2    5  2  8  6  7  3  0
      1    6  6  3  1  4  8  2
      1    6  1  5  2  4  7  3
      1    6  2  4  3  7  5  6
      2    5  6  3  1  4  2  0
      1    6  3  2  1  4  5  6
      2    6  1  5  8  6  4  3
      1    5  6  1  5  2  3  0
      2    4  3  4  5  1  0  0
      1    6  5  2  4  3  8  7
      1    6  1  5  8  7  2  3
      2    6  3  4  1  2  8  7
      1    6  6  5  1  8  2  3
      2    6  2  1  5  4  6  3
      1    4  8  2  7  5  0  0
      1    5  2  8  7  4  1  0
      1    5  5  2  3  1  6  0
      1    3  6  5  7  0  0  0
      1    5  2  1  7  3  5  0
      2    5  2  6  4  3  1  0
      1    6  4  1  3  5  6  2
      2    4  3  4  8  7  0  0
      1    5  1  4  6  8  2  0
      1    6  5  3  2  6  4  7
      2    5  2  3  4  6  1  0
      1    4  5  8  6  7  0  0
      1    6  7  4  3  1  8  5
      2    5  3  4  7  6  8  0
      1    6  3  6  8  4  2  1
      1    6  1  3  2  5  7  4
      2    5  2  3  1  7  5  0
      1    5  8  1  5  3  7  0
      2    6  4  6  3  5  1  8
      1    6  8  3  2  7  5  1
      1    6  2  7  1  3  6  5
      1    6  1  2  7  5  8  6
      1    6  7  1  6  2  8  3
      1    5  7  2  8  5  4  0
      2    6  7  5  2  1  6  3
      1    5  3  5  4  6  8  0
      1    6  4  3  6  5  1  8
      1    6  2  3  6  1  5  4
      1    6  7  1  5  2  6  4
      1    5  5  2  1  7  3  0
      1    6  4  1  6  3  8  5
      2    6  5  2  3  4  8  6
      1    6  1  3  4  7  2  5
      2    5  4  6  3  2  5  0
      2    5  3  2  8  1  4  0
      1    4  1  8  7  2  0  0
      1    5  4  1  5  8  7  0
      2    6  1  3  7  4  6  8
      1    5  6  3  5  1  2  0
      1    6  5  2  6  7  1  4
      1    6  1  2  4  7  6  3
      2    6  1  2  6  5  4  3
      1    5  6  4  7  3  2  0
      1    6  1  3  2  8  6  7
      1    6  2  5  7  6  1  3
      1    5  3  2  8  5  1  0
      2    6  4  3  8  2  6  5
      1    6  4  2  1  5  6  8
      1    6  2  4  6  3  5  1
      2    5  3  8  4  7  6  0
      1    4  7  4  8  2  0  0
      2    4  4  1  5  7  0  0
      1    6  4  3  8  1  2  6
      3    6  1  4  3  5  6  8
      2    6  3  1  8  5  7  6
      1    5  2  4  1  8  6  0
      2    4  2  8  1  6  0  0
      1    6  3  4  8  2  7  5
      1    6  4  1  8  3  5  2
      1    4  3  5  6  2  0  0
      2    6  2  7  5  3  8  6
      1    5  4  6  1  5  7  0
      1    6  1  6  2  5  4  3
      1    5  1  7  5  3  4  0
      1    5  1  3  4  7  5  0
      2    6  1  5  2  8  6  7
      2    4  1  2  7  4  0  0
      1    5  4  2  8  6  1  0
      1    5  7  1  5  3  4  0
      3    5  2  3  8  7  6  0
      1    5  4  3  1  8  5  0
      1    5  8  4  2  3  5  0
      2    6  2  3  8  4  6  1
      1    6  3  1  4  7  5  6
      2    6  6  3  8  1  4  5
      1    5  5  3  7  6  2  0
      1    5  3  5  8  4  2  0
      2    4  7  8  1  5  0  0
      2    6  3  1  2  5  6  8
      2    6  2  7  5  1  8  3
      1    6  7  8  2  1  5  3
      2    5  2  1  6  8  3  0
      1    6  2  3  4  1  5  6
      1    6  5  1  8  3  2  6
      2    6  2  4  6  3  1  5
      1    5  4  8  2  7  6  0
      2    5  5  1  8  6  4  0
      1    6  4  6  5  3  2  1
      1    6  8  6  2  4  3  1
      1    6  7  1  8  3  5  6
      2    6  8  2  6  3  5  1
      1    5  5  4  1  8  7  0
      2    6  2  7  3  4  5  1
      2    6  5  1  4  2  3  7
      2    3  7  1  6  0  0  0
      1    6  2  3  1  5  4  7
      2    5  6  3  1  8  4  0
      1    5  6  8  4  3  2  0
      2    5  2  4  1  6  3  0
      1    5  1  4  2  7  8  0
      1    6  2  6  5  8  3  7
      1    4  2  5  7  6  0  0
      2    6  1  5  7  8  3  2
      3    4  3  6  2  1  0  0
      1    5  8  1  3  2  7  0
      1    5  6  4  7  5  3  0
      2    5  6  3  1  2  4  0
      1    6  5  7  6  1  3  4
      1    6  4  6  5  3  2  8
      1    6  7  3  2  8  1  5
      1    6  3  4  2  1  7  6
      1    5  4  7  2  3  8  0
      2    6  3  2  6  4  8  1
      1    5  7  1  5  2  6  0
      1    6  4  3  6  2  5  7
      1    6  3  2  8  7  6  4
      1    4  4  8  6  5  0  0
      2    6  1  4  2  3  6  5
      1    5  1  7  3  2  5  0
      2    6  3  2  4  6  5  1
      1    6  3  4  5  2  6  7
      1    6  5  8  3  2  7  6
      2    5  2  5  3  1  4  0
      1    4  5  2  4  8  0  0
      2    5  3  2  6  8  7  0
      1    6  2  5  3  8  1  4
      1    6  4  3  5  2  1  7
      2    6  6  4  1  5  8  3
      1    6  2  4  3  6  1  5
      1    6  2  1  5  8  7  3
      2    4  8  7  3  2  0  0
      1    6  3  1  2  4  7  6
      1    6  2  8  5  1  4  3
      2    5  6  3  4  1  8  0
      1    5  1  8  4  5  6  0
      2    6  2  3  4  1  5  7
      2    5  1  3  5  4  2  0
      1    6  3  5  7  1  8  2
      2    4  5  3  6  4  0  0
      1    5  8  5  2  3  1  0
      2    6  2  7  3  8  5  1
      1    6  2  1  7  5  4  8
      2    5  6  4  2  8  3  0
      1    6  4  6  8  3  5  1
      1    6  2  5  7  6  3  8
      1    6  8  3  4  5  1  2
      1    4  6  3  8  7  0  0
      1    6  5  2  4  1  7  6
      2    6  2  4  7  6  3  8
      1    6  3  2  4  7  8  6
      2    5  3  2  7  4  5  0
      1    6  8  5  7  2  3  4
      1    6  1  2  5  3  8  7
      1    6  3  4  8  6  7  2
      1    6  2  6  4  1  3  8
      2    5  2  4  3  1  6  0
      2    6  1  5  4  7  3  6
      1    4  3  5  4  8  0  0
      1    5  6  4  8  3  5  0
      1    6  8  5  4  3  2  1
      1    6  5  6  4  2  8  3
      1    5  2  6  4  8  7  0
      2    5  1  6  3  5  7  0
      2    6  3  4  8  2  1  6
      2    5  1  4  5  6  8  0
      1    6  7  1  5  2  6  3
      1    6  3  6  2  1  5  4
      1    5  2  4  6  1  3  0
      2    6  4  1  3  6  5  8
      1    6  3  1  5  7  2  6
      1    4  2  6  7  4  0  0
      1    6  6  2  3  4  1  8
      2    6  6  5  1  3  4  8
      1    6  2  4  3  8  6  7
      2    5  5  4  3  1  6  0
      1    5  5  3  6  4  8  0
      1    5  2  1  6  8  5  0
      1    4  3  5  8  1  0  0
      1    6  2  7  4  3  8  6
      1    6  3  8  2  1  5  4
      1    4  2  5  6  3  0  0
      3    3  5  6  8  0  0  0
      1    6  1  2  3  7  8  5
      1    6  2  1  7  8  5  6
      1    6  1  3  7  8  5  6
      1    6  1  2  5  4  6  3
      1    5  1  3  4  8  7  0
      1    6  2  8  4  5  6  7
      1    6  4  1  5  3  2  8
      1    6  5  1  7  8  3  6
      1    4  2  4  5  8  0  0
      2    5  8  3  4  2  6  0
      1    6  6  3  1  8  5  2
      1    5  1  7  8  5  2  0
      1    5  2  7  6  3  1  0
      1    6  6  5  3  2  1  8
      1    6  1  3  7  4  2  5
      1    6  7  4  6  1  2  3
      2    6  1  3  2  4  5  8
      1    6  5  1  6  2  4  7
      1    6  3  2  4  7  1  8
      2    6  4  7  6  3  8  5
      1    5  1  3  2  8  4  0
      2    6  2  1  5  6  3  4
      2    4  7  4  3  5  0  0
      1    5  1  4  5  3  8  0
      2    5  4  8  2  6  3  0
      1    6  1  4  3  2  7  6
      2    5  8  4  3  6  2  0
      3    5  4  3  1  6  8  0
      1    6  4  6  3  2  7  8
      1    6  1  2  7  3  4  8
      1    6  1  3  5  4  2  7
      2    3  3  7  5  0  0  0
      1    4  7  2  1  6  0  0
      1    6  7  2  3  5  1  8
      1    5  4  2  1  8  6  0
      1    5  1  3  7  2  8  0
      1    6  5  1  7  4  6  3
      1    6  6  3  5  1  2  8
      1    6  4  8  2  3  7  6
      2    6  3  2  4  1  5  6
      2    5  5  1  4  3  7  0
      1    5  8  6  7  2  3  0
      1    3  8  1  3  0  0  0
      2    4  2  4  6  7  0  0
      1    5  6  4  7  2  5  0
      1    5  2  1  8  3  6  0
      1    6  6  1  3  4  8  5
      1    5  6  2  3  5  4  0
      1    5  2  7  6  5  8  0
      2    5  2  3  4  1  5  0
      1    6  7  5  1  2  8  6
      2    4  4  3  7  6  0  0
      1    4  4  5  6  2  0  0
      2    6  8  4  6  3  5  1
      1    6  4  7  5  3  8  6
      1    4  1  6  2  8  0  0
      1    6  3  7  8  2  1  4
      1    4  2  6  7  8  0  0
      1    5  3  1  7  2  8  0
      1    6  3  5  2  4  1  6
      2    5  3  6  1  8  2  0
      1    6  5  8  2  6  1  3
      2    6  6  4  7  2  3  8
      1    4  4  7  8  6  0  0
      1    6  2  3  4  6  7  5
      2    5  2  5  1  6  7  0
      1    6  5  4  1  7  6  3
      2    5  2  1  7  3  8  0
      1    4  2  5  7  4  0  0
      1    4  2  4  1  8  0  0
      1    6  4  2  1  7  3  6
      2    6  1  4  2  3  6  8
      1    6  2  7  5  1  4  8
      1    5  1  7  6  5  4  0
      2    6  6  5  1  2  8  4
      1    5  1  2  3  8  4  0
      1    5  3  1  4  6  8  0
      1    6  1  3  5  2  8  4
      1    5  4  2  3  7  6  0
      1    5  7  5  4  3  1  0
      1    6  2  4  6  3  1  7
      2    6  5  1  6  3  8  2
      1    6  6  4  8  3  2  5
      1    3  5  4  8  0  0  0
      1    6  3  1  6  8  2  5
      2    6  2  5  8  1  3  6
      1    4  4  8  2  7  0  0
      1    6  3  2  4  1  7  6
      1    6  1  5  8  3  2  6
      1    6  4  1  7  6  5  3
      2    6  6  1  4  5  3  2
      1    5  3  8  4  6  2  0
      2    5  1  5  4  8  2  0
      1    5  3  2  7  4  1  0
      2    6  5  1  3  2  6  7
      1    5  5  7  1  2  4  0
      1    6  4  3  8  2  6  7
      1    6  2  1  6  3  5  8
      2    5  6  4  1  5  2  0
      1    6  2  3  1  6  7  5
      1    6  3  1  2  8  7  6
      1    5  2  5  7  1  6  0
      2    5  1  6  2  3  7  0
      1    6  2  4  3  7  8  5
      2    5  4  8  3  2  7  0
      1    5  3  1  2  7  8  0
      1    6  2  3  8  7  4  6
      1    6  1  3  6  4  8  7
      1    5  7  1  5  8  3  0
      2    5  5  1  7  6  3  0
      2    6  3  4  2  8  5  1
      1    6  2  4  5  1  7  6
      1    5  6  1  2  8  4  0
      1    6  2  7  1  3  4  5
      2    6  1  5  4  2  3  6
      1    6  4  8  7  3  2  6
      1    5  8  3  7  6  2  0
      1    6  2  8  7  3  4  6
      1    6  8  2  3  6  1  5
      1    6  1  5  3  4  7  2
      1    6  2  1  8  5  7  6
      3    5  1  3  2  5  6  0
      1    6  5  8  3  1  6  4
      2    6  3  1  5  4  8  2
      1    5  3  8  4  2  1  0
      2    6  7  2  8  3  4  1
      1    5  3  8  5  4  1  0
      1    6  6  7  1  5  4  3
      1    6  6  1  7  4  2  3
      1    6  2  3  1  4  8  5
      1    5  8  6  2  7  4  0
      1    5  1  3  7  2  5  0
      1    4  5  7  1  3  0  0
      1    6  7  4  3  1  6  8
      2    6  6  5  1  4  3  2
      2    6  3  6  8  2  5  1
      1    6  2  8  7  6  3  1
      1    6  1  4  3  7  2  6
      1    4  1  2  3  8  0  0
      2    6  2  8  3  1  5  6
      1    6  5  6  3  1  4  2
      2    5  2  4  3  8  1  0
      1    6  6  3  1  7  4  5
      2    5  7  1  5  8  6  0
      1    4  2  8  5  1  0  0
      1    6  5  3  7  4  2  6
      2    6  3  6  2  1  4  8
      1    6  6  2  4  1  3  5
      1    6  2  8  7  5  6  4
      1    6  7  6  5  1  3  8
      1    6  1  5  7  3  4  6
      1    6  4  2  7  8  1  5
      1    6  5  6  2  3  1  8
      2    6  3  1  6  4  5  2
      2    5  4  5  1  3  6  0
      1    6  2  3  1  7  6  4
      1    6  4  2  1  3  6  5
      1    6  2  7  5  1  3  6
      1    6  1  2  3  6  4  8
      1    3  6  5  2  0  0  0
      1    5  2  4  1  3  5  0
      2    6  3  1  2  6  5  4
      1    6  2  4  8  3  6  7
      1    6  1  7  3  6  5  2
      2    6  5  1  2  6  4  7
      1    6  6  8  4  3  2  5
      2    6  2  3  1  5  4  6
      2    4  6  2  4  1  0  0
      1    6  3  7  2  1  8  4
      1    5  3  8  2  7  1  0
      2    6  2  4  3  7  1  5
      1    6  3  5  6  2  8  4
      1    4  3  5  7  8  0  0
      2    6  1  3  4  5  8  6
      1    6  3  1  8  4  6  5
      1    6  5  6  2  3  1  7
      1    6  4  1  5  6  8  2
      2    6  2  6  4  8  3  5
      2    5  7  2  1  8  4  0
      2    6  6  2  4  1  3  8
      1    6  4  3  1  2  7  6
      1    4  2  5  8  1  0  0
      1    5  5  3  2  1  4  0
      2    5  3  8  5  1  4  0
      1    4  4  2  5  7  0  0
      1    6  5  3  1  4  7  2
      1    6  3  8  2  6  4  7
      1    6  1  3  5  2  7  6
      1    6  6  3  1  4  8  5
      1    6  2  7  8  4  1  6
      1    6  1  5  8  7  3  6
      1    6  3  4  7  2  6  8
      1    5  2  8  6  5  1  0
      1    6  5  1  3  7  6  4
      1    5  7  2  6  8  4  0
      1    6  1  6  7  3  8  2
      1    5  1  3  2  4  5  0
      2    6  6  1  3  8  5  4
      2    6  4  3  6  8  1  2
      1    6  3  6  4  2  8  5
      2    6  1  6  5  4  2  3
      1    4  2  5  4  1  0  0
      1    5  2  1  4  6  8  0
      1    6  3  1  6  4  8  2
      2    6  4  1  5  3  2  7
      1    5  2  7  6  5  4  0
      1    5  1  3  6  4  8  0
      1    6  7  4  2  8  3  6
      1    4  1  7  6  2  0  0
      1    5  8  3  4  2  7  0
      1    5  3  2  6  4  5  0
      1    5  4  7  6  3  8  0
      1    5  2  4  8  1  3  0
      1    6  4  2  6  1  3  7
      1    5  5  1  3  4  8  0
      2    6  6  4  5  1  8  3
      2    6  1  5  6  8  4  2
      1    6  5  8  4  1  3  6
      1    5  1  4  3  2  7  0
      2    5  3  8  2  7  4  0
      1    6  2  6  4  3  1  8
      2    6  7  3  2  1  8  4
      1    6  5  7  2  1  8  3
      1    6  4  6  8  1  2  3
      1    6  2  6  4  3  7  8
      2    4  3  5  1  6  0  0
      1    6  3  4  8  2  1  7
      1    5  8  6  1  5  2  0
      2    6  2  4  3  6  1  8
      1    5  4  3  2  7  5  0
      2    4  2  5  3  8  0  0
      1    6  3  7  2  4  6  8
      1    6  7  6  1  2  5  3
      2    6  3  1  6  4  5  8
      1    6  2  7  3  5  1  4
      1    5  7  2  1  3  6  0
      1    4  5  4  8  3  0  0
      1    6  1  6  2  3  4  8
      1    6  1  4  8  5  7  2
      2    4  8  2  6  5  0  0
      1    6  6  3  1  2  8  4
      1    6  4  2  6  5  7  8
      2    6  2  7  6  3  5  4
      1    6  5  6  2  3  8  4
      1    6  6  4  3  7  2  1
      1    6  4  1  5  6  3  2
      1    6  3  4  6  8  2  7
      1    5  6  4  3  7  8  0
      1    4  6  5  2  1  0  0
      1    6  2  5  1  4  3  6
      1    5  7  2  4  6  3  0
      1    6  2  3  1  4  8  7
      1    6  5  1  6  2  4  8
      1    6  5  3  1  2  6  8
      2    5  6  1  4  2  3  0
      1    5  4  6  7  2  8  0
      1    5  7  4  6  2  3  0
      1    6  3  4  8  1  5  6
      2    6  2  3  7  1  8  4
      1    6  4  6  2  3  1  7
      1    6  1  2  3  5  7  4
      1    6  1  6  8  3  4  7
      1    6  1  5  3  7  8  4
      1    6  2  1  6  4  3  5
      1    6  3  1  4  8  7  5
      2    5  1  4  6  5  8  0
      1    4  7  1  4  3  0  0
      1    6  7  5  2  1  6  4
      1    6  3  1  5  6  4  7
      1    5  3  2  4  6  5  0
      1    6  5  2  1  8  3  7
      1    6  1  6  8  5  7  4
      1    5  1  2  3  6  8  0
      2    6  3  5  4  6  1  8
      1    6  4  6  3  1  7  2
      1    6  5  3  1  8  4  6
      2    5  2  4  6  3  1  0
      2    6  3  1  5  2  6  7
      2    6  2  7  6  3  5  8
      1    6  3  4  8  2  6  7
      1    6  7  3  5  4  6  8
      1    6  2  3  1  7  6  8
      2    5  6  1  5  3  2  0
      1    6  6  4  8  1  3  2
      1    6  5  1  7  2  8  6
      1    4  6  7  4  1  0  0
      1    6  7  1  5  6  3  8
      1    5  2  1  3  7  8  0
      1    6  3  2  8  6  4  5
      1    5  1  4  5  6  2  0
      1    5  4  6  5  3  2  0
      2    6  1  6  3  8  5  4
      1    6  2  7  1  3  5  8
      1    5  2  7  6  3  4  0
      1    5  7  4  2  8  6  0
      1    6  7  1  5  3  8  2
      1    6  6  5  1  3  8  4
      1    6  3  2  1  7  8  4
      1    6  6  8  4  3  2  1
      2    4  2  5  1  3  0  0
      2    6  1  2  3  4  5  8
      1    6  2  6  5  1  7  4
      2    6  8  3  2  7  4  5
      1    5  8  5  6  1  4  0
      1    6  2  1  5  7  6  8
      1    6  2  3  4  6  7  1
      1    5  7  8  6  1  2  0
      2    5  2  3  7  8  1  0
      1    5  1  4  6  2  5  0
      1    6  3  2  8  1  4  6
      2    5  2  6  1  5  8  0
      1    6  6  8  1  4  3  2
      1    6  1  5  4  2  7  6
      1    6  7  3  6  8  2  4
      1    6  5  6  8  4  3  2
      1    6  4  6  3  8  5  2
      2    6  4  3  2  1  6  5
      1    5  3  2  1  4  7  0
      1    6  1  7  6  8  3  4
      2    4  8  5  6  3  0  0
      1    6  4  6  8  7  2  3
      2    6  3  2  8  7  4  5
      1    6  2  1  7  3  8  4
      1    4  5  4  3  8  0  0
      1    4  3  5  6  8  0  0
      1    5  4  2  7  6  3  0
      2    5  2  7  1  4  8  0
      1    5  2  6  3  5  1  0
      1    4  6  8  5  4  0  0
      1    6  3  4  2  6  8  5
      2    4  7  2  5  8  0  0
      1    5  5  4  1  6  3  0
      1    6  3  6  7  2  5  1
      1    6  6  1  2  4  5  3
      2    6  1  2  5  3  8  6
      1    6  5  7  2  3  8  1
      1    6  2  8  3  4  1  6
      1    6  3  8  2  7  6  4
      1    5  7  4  2  6  3  0
      2    4  6  4  1  8  0  0
      1    5  3  4  2  1  5  0
      1    6  3  1  5  2  7  6
      1    6  1  5  8  3  6  7
      1    6  1  6  8  3  4  5
      2    6  2  4  6  7  3  8
      1    6  5  3  6  1  8  4
      1    4  4  5  2  7  0  0
      1    6  2  3  1  7  4  5
      2    6  2  3  1  7  5  8
      2    5  2  1  4  6  3  0
      1    6  7  3  1  5  8  4
      1    5  8  7  3  2  6  0
      1    6  1  3  4  2  7  8
      2    6  6  1  3  4  5  2
      1    6  1  2  8  7  3  5
      1    6  6  4  5  1  2  3
      1    4  5  6  3  7  0  0
      1    6  5  3  1  2  6  4
      1    5  2  5  3  4  7  0
      1    4  5  7  1  2  0  0
      1    5  4  1  3  2  7  0
      1    6  6  3  1  7  5  4
      1    5  4  8  3  6  1  0
      2    5  4  3  2  1  5  0
      1    6  5  3  8  6  7  1
      1    5  5  1  2  6  4  0
      1    6  5  2  6  1  3  4
      1    6  4  3  8  6  1  2
      1    6  1  4  2  5  8  6
      2    6  2  3  1  4  8  6
      1    6  2  7  8  5  1  3
      1    6  7  6  1  4  8  3
      1    6  2  6  3  8  7  1
      1    6  1  5  7  8  6  4
      1    5  3  1  5  6  8  0
      1    5  1  6  5  2  3  0
      2    5  7  5  8  1  2  0
      1    4  4  7  3  2  0  0
      1    6  3  1  8  5  4  6
      1    6  4  3  5  6  7  1
      1    6  2  8  7  4  1  5
      1    6  7  2  8  5  1  3
      1    6  6  3  2  8  4  5
      2    3  8  1  6  0  0  0
      1    6  2  8  7  4  3  1
      1    6  7  6  3  5  1  2
      1    5  3  1  7  8  6  0
      1    6  1  3  5  4  8  2
      2    5  1  5  3  7  8  0
      1    6  4  2  6  1  5  3
      1    6  4  2  3  1  7  6
      1    6  8  1  7  3  5  4
      1    5  7  8  4  3  6  0
      1    5  6  3  4  2  5  0
      2    6  5  3  7  4  1  2
      1    6  2  7  3  4  5  6
      2    6  3  4  6  2  7  8
      1    6  5  7  4  3  2  8
      1    6  4  2  3  7  1  8
      1    6  2  8  7  4  6  1
      2    6  1  6  2  4  5  3
      1    6  1  6  5  4  7  3
      2    6  3  2  8  4  6  7
      1    6  2  3  5  8  4  6
      1    4  8  1  3  4  0  0
      1    6  6  4  5  3  7  1
      1    5  4  2  3  1  6  0
      1    5  4  3  5  7  6  0
      1    5  7  2  8  4  1  0
      1    6  3  1  8  6  2  5
      1    6  1  2  7  4  6  5
      1    6  2  8  3  1  4  6
      1    4  5  6  3  4  0  0
      1    5  6  4  3  1  8  0
      1    5  2  6  3  7  8  0
      1    6  1  8  6  3  5  4
      2    5  2  3  6  4  5  0
      1    5  7  3  6  5  8  0
      2    5  7  8  2  6  4  0
      1    6  3  6  2  1  8  4
      2    6  7  2  8  3  5  6
      2    5  5  6  1  4  3  0
      1    4  4  1  6  8  0  0
      1    6  3  2  8  4  1  6
      1    6  2  4  1  6  3  8
      1    6  7  6  1  5  8  4
      2    5  2  3  1  5  4  0
      1    4  8  7  6  3  0  0
      1    5  3  6  7  4  1  0
      1    6  1  5  7  3  6  2
      1    6  2  8  1  3  7  6
      1    6  3  2  1  5  6  8
      2    6  1  3  2  7  8  5
      1    6  5  1  6  3  2  7
      2    5  3  7  4  6  8  0
      1    5  1  7  5  6  4  0
      2    4  5  7  1  8  0  0
      1    5  1  4  6  3  2  0
      1    6  1  5  6  7  3  8
      1    6  1  2  5  3  8  4
      1    5  3  1  8  6  7  0
      1    4  5  4  1  8  0  0
      1    6  1  4  6  3  2  5
      1    6  7  1  2  5  8  3
      1    6  1  4  7  6  2  5
      1    4  8  6  1  3  0  0
      1    4  7  8  1  2  0  0
      1    6  7  2  3  1  8  5
      1    5  3  4  7  5  1  0
      1    5  7  2  8  5  3  0
      1    6  3  1  4  8  7  2
      1    6  4  1  6  7  3  8
      1    5  2  7  8  6  5  0
      2    6  4  6  1  2  3  5
      1    6  6  5  1  2  3  4
      1    4  5  3  4  8  0  0
      1    6  3  4  7  5  2  1
      1    4  7  1  6  8  0  0
      2    6  1  3  4  6  5  8
      1    6  4  2  1  7  8  5
      1    4  5  8  6  3  0  0
      2    6  6  1  5  3  7  8
      1    6  3  8  4  2  1  6
      1    6  1  5  4  6  2  8
      2    6  5  1  4  3  6  2
      1    5  2  4  1  5  3  0
      1    4  5  2  7  1  0  0
      1    5  5  2  3  8  7  0
      1    5  1  2  8  5  6  0
      1    5  7  3  5  8  1  0
      2    5  3  2  1  7  4  0
      1    6  4  3  2  8  5  7
      1    3  4  5  8  0  0  0
      2    4  1  7  5  8  0  0
      1    5  6  4  5  2  1  0
      2    6  7  2  1  8  5  6
      2    6  1  6  3  2  8  7
      1    5  2  6  4  3  7  0
      1    6  4  2  3  7  8  5
      1    6  4  5  3  2  1  8
      2    6  3  2  8  5  4  1
      1    6  8  7  6  2  3  4
      1    6  1  6  3  5  2  8
      1    5  8  6  2  3  4  0
      2    5  4  3  5  8  6  0
      1    5  2  5  4  6  3  0
      1    6  1  7  5  6  8  3
      2    6  2  3  8  5  4  6
      1    5  2  8  3  6  5  0
      1    4  7  1  3  2  0  0
      1    5  1  2  7  5  6  0
      1    6  5  4  1  3  8  7
      1    6  1  5  4  3  7  6
      2    6  3  4  7  8  2  6
      1    6  5  6  1  3  7  4
      1    5  5  7  2  1  3  0
      2    5  3  7  8  2  4  0
      1    6  5  4  6  1  3  2
      1    4  3  8  6  2  0  0
      1    6  2  4  6  8  3  5
      1    6  5  3  7  6  2  8
      1    5  7  2  6  3  5  0
      1    5  6  4  3  8  7  0
      2    5  4  8  2  3  6  0
      1    6  1  6  2  3  4  5
      2    6  7  2  1  5  3  6
      1    5  7  5  3  6  2  0
      1    6  4  1  3  8  5  6
      1    6  3  6  1  4  8  2
      1    6  1  4  8  6  5  2
      1    6  2  3  4  1  6  7
      2    5  3  4  2  6  5  0
      1    6  5  2  4  3  1  6
      1    5  4  7  8  6  2  0
      1    5  6  4  2  8  1  0
      2    5  1  7  6  4  3  0
      1    5  5  8  2  4  3  0
      1    5  1  5  8  2  6  0
      1    5  1  3  4  5  7  0
      1    6  1  4  2  7  5  8
      1    6  5  2  3  6  4  1
      1    6  6  1  5  4  2  7
      1    6  6  3  4  1  2  7
      1    6  7  2  3  5  4  1
      2    4  8  2  6  4  0  0
      2    6  2  7  8  3  5  1
      1    6  8  4  3  6  1  5
      1    5  1  2  5  7  4  0
      2    6  4  2  1  3  8  6
      1    5  3  6  4  2  5  0
      1    6  5  8  2  1  4  7
      2    6  7  2  8  3  4  6
      1    5  2  7  4  8  6  0
      1    5  7  4  3  8  1  0
      1    6  3  8  5  6  4  1
      1    5  1  5  4  6  7  0
      1    6  1  5  4  7  2  3
      2    4  5  6  8  1  0  0
      1    6  5  1  4  8  6  3
      1    5  2  5  8  4  7  0
      1    6  2  8  7  6  4  3
      2    6  1  5  3  2  8  7
      1    5  3  8  2  5  6  0
      1    6  2  7  8  4  3  6
      1    6  5  1  6  2  8  3
      2    6  4  3  5  6  1  7
      1    5  3  5  6  8  1  0
      2    6  1  6  4  2  3  7
      1    6  5  2  4  1  3  8
      1    4  7  1  3  5  0  0
      2    6  2  4  3  8  1  6
      1    4  8  6  5  3  0  0
      1    6  3  2  5  1  4  7
      2    6  4  1  3  6  2  8
      1    5  5  2  6  1  7  0
      1    6  2  5  7  6  4  3
      1    5  5  8  1  7  6  0
      2    6  1  5  7  2  3  6
      2    6  2  3  1  5  6  7
      1    6  4  6  8  1  5  3
      1    6  4  5  3  1  8  2
      1    6  2  6  3  4  1  8
      1    6  5  6  1  2  8  3
      2    6  3  1  6  2  4  5
      1    6  6  1  5  7  2  3
      1    5  2  5  6  4  8  0
      2    5  1  7  5  3  8  0
      1    6  7  2  6  8  3  5
      2    5  1  5  4  8  6  0
      1    6  7  4  5  3  1  2
      1    6  2  3  6  7  1  4
      1    6  1  2  3  8  7  5
      2    6  2  3  8  4  7  5
      2    4  1  8  3  4  0  0
      1    6  5  7  8  6  3  4
      1    6  3  6  4  1  5  8
      1    6  8  6  3  2  7  4
      1    4  7  4  1  2  0  0
      1    5  5  6  1  3  2  0
      1    5  5  7  3  4  6  0
      1    6  7  2  3  1  5  4
      1    6  4  8  6  7  5  2
      1    6  2  1  3  7  6  5
      1    5  4  2  3  8  5  0
      1    4  8  2  5  1  0  0
      1    6  3  4  5  2  1  7
      1    6  2  7  6  3  4  5
      1    5  1  6  7  8  2  0
      1    6  8  3  7  1  4  2
      1    5  6  5  8  7  1  0
      1    6  2  6  1  4  3  5
      1    5  3  1  6  5  8  0
      1    6  6  7  2  4  8  3
      2    6  1  4  8  3  5  6
      1    6  2  8  3  4  7  1
      1    6  8  2  5  1  6  4
      1    6  2  1  3  6  8  5
      1    6  4  3  1  7  2  5
      1    6  3  2  5  4  7  8
      1    5  5  1  3  7  4  0
      1    6  4  3  8  2  5  1
      1    6  7  2  3  6  8  4
      1    5  4  2  1  5  3  0
      2    6  2  4  3  6  5  1
      1    4  2  6  7  5  0  0
      1    6  6  2  1  4  8  7
      2    5  1  5  8  3  7  0
      1    5  6  5  3  8  1  0
      2    6  8  2  4  7  1  5
      1    5  2  8  4  7  3  0
      1    5  2  7  3  1  6  0
      1    6  2  7  5  3  1  6
      2    6  3  4  5  1  6  2
      1    6  1  2  6  8  3  5
      2    5  2  7  3  8  5  0
      1    5  2  7  6  3  8  0
      1    4  1  4  3  7  0  0
      2    4  4  1  6  2  0  0
      1    5  3  4  8  7  2  0
      1    5  5  1  3  6  7  0
      1    6  5  1  3  4  6  8
      1    6  6  5  1  3  2  4
      1    6  2  4  1  3  8  5
      2    6  4  6  3  1  7  5
      1    6  2  5  3  6  1  7
      2    6  6  4  7  1  5  8
      1    4  1  7  4  5  0  0
      2    6  4  6  3  1  8  2
      1    6  2  4  7  6  8  3
      1    6  2  7  6  5  1  8
      1    6  3  2  1  4  7  8
      1    5  1  8  2  7  5  0
      2    5  6  1  3  4  8  0
      1    6  4  3  2  1  6  7
      1    5  7  5  3  8  1  0
      1    5  3  5  1  7  8  0
      1    5  5  6  3  8  4  0
      1    6  3  7  2  5  1  8
      1    6  4  6  2  7  5  1
      2    5  4  3  7  2  6  0
      1    6  5  4  2  3  7  6
      2    5  2  7  3  5  8  0
      1    5  2  7  6  8  5  0
      1    6  1  2  8  7  6  5
      1    5  7  2  1  3  4  0
      1    6  1  6  3  4  7  5
      2    6  1  2  3  8  5  6
      1    6  1  4  2  5  6  7
      1    4  6  3  5  7  0  0
      1    5  4  8  5  3  7  0
      1    6  5  8  4  1  2  3
      1    4  2  6  4  8  0  0
      1    6  8  5  1  7  6  4
      2    6  3  8  6  1  4  5
      1    6  4  2  8  1  5  3
      2    6  5  1  3  2  8  6
      2    5  3  2  6  8  5  0
      1    6  6  7  3  2  8  1
      1    6  7  8  2  6  1  5
      1    6  4  6  3  5  2  1
      2    5  4  2  6  8  3  0
      1    6  2  4  3  5  6  1
      1    6  7  1  5  8  2  3
      1    6  7  5  3  2  6  8
      1    6  6  3  8  5  1  2
      1    4  5  4  6  8  0  0
      1    5  6  8  3  4  5  0
      2    4  3  1  7  8  0  0
      1    6  4  6  7  2  3  8
      1    6  2  8  3  5  1  4
      1    5  2  1  4  3  8  0
      2    4  1  4  7  3  0  0
      1    6  6  3  1  5  8  4
      1    5  4  1  8  6  7  0
      2    6  1  7  2  5  8  6
      1    6  7  5  6  8  2  1
      1    5  3  4  7  8  5  0
      1    4  5  6  7  3  0  0
      2    6  6  4  3  2  1  8
      1    6  5  1  8  7  2  6
      1    6  2  7  5  4  6  1
      1    6  7  2  1  6  3  8
      2    4  7  8  2  1  0  0
      1    6  5  4  2  1  3  6
      2    6  2  1  3  5  4  6
      1    6  3  6  2  4  5  8
      1    5  6  5  1  4  8  0
      1    6  3  5  1  4  8  2
      1    6  4  8  3  1  5  2
      1    5  1  2  4  3  7  0
      2    6  2  1  4  5  3  6
      1    6  7  5  1  3  2  6
      2    6  6  8  1  5  3  2
      2    3  8  3  5  0  0  0
      1    6  6  1  2  3  7  5
      1    6  3  8  4  6  1  2
      1    4  8  5  1  2  0  0
      1    6  2  7  3  6  1  4
      1    5  4  2  5  1  8  0
      1    6  4  2  1  5  3  6
      1    6  4  2  8  3  1  5
      2    5  2  7  6  4  3  0
      1    6  3  4  8  2  5  6
      1    4  8  3  4  7  0  0
      1    6  3  6  5  8  1  2
      1    6  7  2  8  6  4  3
      2    6  2  3  7  5  1  8
      1    5  2  3  4  8  5  0
      2    4  7  5  1  8  0  0
      1    6  7  2  6  5  1  8
      1    6  7  4  3  8  2  5
      1    6  7  3  2  4  8  6
      2    6  2  4  1  6  5  3
      1    4  6  3  8  5  0  0
      2    3  5  8  4  0  0  0
      1    6  1  6  5  7  4  3
      1    5  2  7  5  1  6  0
      1    6  4  2  5  3  8  7
      1    5  2  1  8  5  7  0
      1    6  5  7  8  2  3  1
      1    5  4  1  3  8  6  0
      1    5  4  3  2  1  8  0
      1    6  2  4  6  5  7  8
      1    6  6  7  5  8  2  1
      2    5  4  2  3  5  6  0
      1    5  7  1  5  6  2  0
      1    6  2  3  7  4  5  6
      1    6  1  6  2  5  3  7
      1    6  7  1  2  3  5  6
      1    6  5  7  6  4  8  3
      1    6  6  4  8  2  1  5
      1    6  2  3  6  7  5  1
      1    5  7  2  6  4  3  0
      1    6  6  1  3  4  8  2
      1    5  2  8  4  6  7  0
      2    6  6  2  8  3  4  7
      2    6  2  1  5  7  8  6
      1    6  3  6  4  5  1  2
      1    6  7  3  1  5  2  8
      2    4  1  2  7  6  0  0
      2    5  2  5  3  1  6  0
      1    6  2  8  1  5  4  6
      2    5  8  1  6  5  4  0
      1    6  6  1  2  5  8  7
      1    6  2  7  3  6  5  1
      2    6  3  4  5  1  2  6
      1    6  2  1  8  7  3  5
      1    6  2  8  4  3  1  5
      1    6  3  2  5  7  4  6
      2    6  1  5  2  3  8  7
      1    6  5  3  4  6  1  2
      2    4  4  2  7  8  0  0
      1    6  1  5  6  8  7  2
      1    6  4  6  8  3  2  1
      2    5  2  3  6  7  8  0
      1    4  6  5  7  2  0  0
      1    6  5  4  3  2  6  7
      1    5  5  2  8  6  4  0
      1    5  6  5  3  8  2  0
      1    4  6  1  3  8  0  0
      1    6  2  1  3  8  6  5
      1    6  7  5  1  6  4  3
      2    6  5  4  3  2  6  8
      2    5  1  2  6  4  5  0
      1    5  5  6  8  2  3  0
      1    6  5  1  3  6  4  7
      1    5  8  4  1  5  3  0
      1    4  5  3  4  7  0  0
      1    6  5  7  1  2  6  4
      1    5  1  5  4  2  8  0
      1    6  7  2  5  3  4  6
      1    5  1  2  3  4  5  0
      1    5  7  2  3  1  5  0
      1    4  3  4  6  7  0  0
      1    5  2  1  4  6  7  0
      2    5  2  3  8  7  5  0
      1    6  2  4  8  3  7  5
      1    6  5  4  1  7  3  2
      1    6  7  8  2  3  4  6
      1    6  3  5  8  2  6  1
      1    6  3  4  1  2  6  5
      2    5  3  2  1  6  7  0
      1    6  6  8  3  1  5  4
      1    6  3  6  1  5  4  7
      2    6  2  1  3  5  7  8
      1    6  1  5  7  8  4  3
      1    6  2  7  1  3  8  6
      1    5  7  1  4  3  2  0
      2    6  1  7  5  2  4  3
      1    5  3  6  1  2  8  0
      1    6  5  3  6  2  4  7
      1    6  2  7  3  4  6  8
      1    6  8  3  2  1  5  7
      1    6  3  8  4  7  6  2
      2    4  3  1  8  5  0  0
      1    6  2  6  1  8  4  5
      1    5  3  2  6  5  1  0
      1    6  2  8  3  4  7  6
      1    5  5  7  4  1  6  0
      1    5  2  6  3  1  7  0
      1    6  5  2  8  1  4  3
      2    6  3  4  8  6  2  1
      1    4  7  5  4  3  0  0
      1    6  1  3  4  5  2  7
      1    5  1  5  8  6  4  0
      1    6  8  2  6  4  1  3
      1    6  1  8  6  5  7  3
      1    6  2  6  3  5  1  4
      1    6  6  1  3  4  7  2
      2    6  1  3  5  4  6  7
      1    6  1  6  4  8  3  5
      2    4  7  5  2  4  0  0
      1    5  3  7  8  2  6  0
      2    5  4  6  7  1  2  0
      1    6  2  4  1  6  3  7
      1    5  3  6  7  5  1  0
      1    6  3  2  1  5  7  4
      1    4  1  4  2  8  0  0
      1    6  5  4  2  3  7  8
      1    5  8  2  6  7  4  0
      1    4  2  4  1  6  0  0
      2    6  5  1  6  3  4  2
      1    6  6  8  4  3  5  1
      1    4  7  6  5  2  0  0
      1    6  1  5  3  7  2  8
      2    6  7  2  5  1  6  8
      1    4  8  4  3  2  0  0
      1    6  1  5  2  8  3  4
      1    6  2  7  5  8  3  6
      1    6  6  1  5  2  4  3
      1    5  3  4  6  7  1  0
      2    6  2  1  3  5  6  7
      1    5  4  5  6  1  3  0
      1    5  8  3  5  2  1  0
      1    5  3  6  1  8  5  0
      1    6  8  2  3  5  1  7
      1    6  2  4  8  3  5  1
      1    6  1  6  2  8  5  3
      1    6  5  7  8  3  2  1
      1    6  7  2  5  8  6  3
      1    4  4  5  7  3  0  0
      2    6  6  4  1  8  3  5
      1    6  2  8  4  7  1  5
      1    6  3  1  4  7  6  2
      1    5  7  5  6  1  4  0
      1    5  5  6  3  1  2  0
      2    4  7  4  6  3  0  0
      1    6  2  3  4  5  1  7
      1    4  6  1  5  7  0  0
      1    6  6  2  3  1  4  5
      1    4  7  4  1  6  0  0
      1    5  1  4  7  5  2  0
      1    6  3  4  2  1  8  5
      1    6  6  8  4  3  1  5
      2    5  8  6  3  4  7  0
      1    5  6  2  1  8  7  0
      1    6  7  1  2  5  6  8
      1    6  1  4  7  5  2  8
      1    6  6  3  8  2  4  7
      1    6  2  3  7  4  1  5
      2    6  3  6  4  2  1  8
      1    4  3  8  2  5  0  0
      1    6  7  1  2  8  6  5
      1    5  4  6  2  7  3  0
      2    6  1  5  3  6  2  8
      1    6  3  6  5  2  1  8
      1    6  8  6  5  3  4  1
      1    5  8  3  2  1  6  0
      1    6  1  5  7  2  3  8
      1    4  8  2  7  4  0  0
      1    5  7  8  2  4  3  0
      1    6  7  8  2  3  5  1
      1    6  2  8  3  6  7  1
      1    6  2  6  1  4  3  8
      1    6  4  3  2  6  5  7
      1    4  2  5  6  7  0  0
      1    6  2  5  1  8  6  7
      2    6  6  4  8  5  1  3
      1    5  3  1  8  4  2  0
      1    5  5  1  6  2  4  0
      1    6  2  1  6  8  4  3
      1    5  4  8  6  3  2  0
      2    6  3  2  7  4  8  1
      1    6  2  5  1  8  3  7
      1    6  2  1  3  8  5  7
      1    5  4  3  6  8  7  0
      1    4  7  4  1  3  0  0
      1    6  3  4  8  7  2  6
      1    6  4  3  5  2  8  1
      1    6  8  3  1  4  5  6
      1    6  1  6  2  5  7  8
      2    6  1  3  2  5  6  8
      1    5  4  6  1  7  5  0
      1    5  4  8  1  2  3  0
      2    4  5  2  3  6  0  0
      1    5  3  2  8  1  6  0
      1    6  1  2  5  6  8  4
      1    6  4  7  8  3  5  2
      1    6  5  3  7  4  8  1
      1    6  3  2  7  6  5  1
      1    6  5  2  1  7  3  4
      1    6  1  7  6  4  2  3
      1    5  7  8  6  2  3  0
      2    6  4  3  8  6  2  7
      2    5  6  2  8  3  4  0
      1    4  4  1  8  7  0  0
      2    6  1  2  3  7  5  6
      1    6  2  6  5  3  1  8
      1    6  4  6  8  3  2  7
      1    6  7  2  6  3  4  1
      1    4  3  5  4  2  0  0
      1    6  2  1  4  8  3  5
      1    5  7  3  2  4  6  0
      1    6  8  2  7  3  1  5
      1    6  3  7  4  5  2  6
      2    6  1  4  5  3  6  2
      1    6  1  5  7  4  3  6
      1    6  1  2  4  6  5  7
      2    6  6  4  3  2  1  5
      2    5  1  3  4  6  8  0
      1    6  2  3  5  1  7  4
      2    6  3  1  5  2  4  8
      1    6  5  7  1  2  8  6
      1    6  5  6  1  3  8  4
      1    6  7  6  8  2  5  1
      1    6  7  5  1  3  4  8
      1    5  7  8  3  2  5  0
      1    6  7  2  4  3  6  5
      1    5  2  3  4  5  6  0
      2    6  3  2  8  6  1  4
      1    6  2  4  6  1  5  3
      1    5  2  4  8  3  1  0
      1    5  2  8  7  5  4  0
      2    6  3  2  7  1  4  6
      1    6  1  4  2  3  7  5
      1    6  2  7  4  3  5  6
      1    6  6  5  1  4  2  8
      2    6  2  5  1  4  8  3
      1    6  2  4  1  5  7  3
      1    5  2  8  1  7  6  0
      1    5  4  8  2  3  7  0
      1    6  6  1  5  8  2  3
      1    6  2  3  7  6  5  1
      2    4  2  7  6  4  0  0
      1    6  3  8  6  5  7  1
      1    4  8  7  5  2  0  0
      1    5  3  2  1  4  5  0
      1    6  6  3  1  2  4  8
      2    6  2  3  8  4  5  1
      1    5  7  5  1  2  4  0
      1    6  7  1  5  4  2  3
      1    6  5  1  2  4  8  7
      2    6  5  1  3  6  2  4
      1    5  8  3  5  1  4  0
      1    6  7  2  6  8  3  4
      2    6  1  3  4  7  6  5
      1    5  6  1  5  2  7  0
      1    6  6  3  5  2  1  8
      1    6  6  1  3  8  4  5
      1    5  3  7  6  1  4  0
      2    4  4  2  5  1  0  0
      1    6  3  8  2  4  6  5
      1    5  6  3  2  5  4  0
      2    6  2  5  1  4  3  8
      1    6  3  8  4  6  1  7
      1    6  6  1  2  3  4  7
      1    6  1  7  4  5  3  2
      1    4  4  3  7  1  0  0
      1    5  5  1  6  4  7  0
      1    6  7  1  2  4  5  8
      1    5  2  3  8  5  1  0
      1    6  3  4  8  7  1  5
      1    5  4  1  7  8  3  0
      2    6  1  5  7  8  2  6
      1    6  2  7  3  8  6  5
      1    5  5  7  3  4  8  0
      1    4  6  7  3  2  0  0
      1    5  1  7  5  3  2  0
      1    6  6  1  4  3  8  5
      1    4  3  8  1  4  0  0
      1    6  2  8  3  6  7  5
      1    6  6  4  3  1  8  2
      1    6  8  2  3  7  4  6
      2    5  2  1  3  4  7  0
      1    6  8  5  3  4  1  6
      1    6  2  6  1  3  4  5
      2    5  3  6  2  4  1  0
      1    6  7  2  3  6  1  5
      1    6  8  3  4  6  5  1
      2    6  5  1  4  6  3  2
      1    5  1  8  5  2  7  0
      1    4  8  6  2  5  0  0
      1    6  4  5  1  2  7  3
      1    6  3  5  1  6  4  2
      2    6  2  1  5  4  6  8
      1    5  2  6  5  3  4  0
      1    6  6  2  7  4  3  5
      1    6  3  4  7  5  1  6
      1    5  4  1  5  3  7  0
      2    5  1  2  5  3  7  0
      1    5  7  4  2  5  6  0
      1    6  6  3  2  1  4  5
      2    6  2  7  3  8  4  6
      1    6  8  2  4  7  5  3
      2    6  2  7  3  6  8  4
      1    4  4  2  1  7  0  0
      1    5  4  8  6  7  2  0
      1    6  7  5  8  4  6  2
      1    6  3  2  4  6  5  7
      1    5  8  7  2  5  4  0
      1    6  2  6  4  3  8  5
      1    6  6  4  8  2  7  1
      1    4  8  5  2  1  0  0
      1    6  3  1  5  7  4  8
      1    4  5  4  6  2  0  0
      1    5  1  3  5  2  4  0
      1    6  7  2  8  6  1  3
      1    6  4  6  1  8  5  3
      1    6  4  5  7  2  6  3
      2    6  4  6  2  3  8  7
      1    6  2  7  8  5  6  4
      1    5  3  4  2  8  5  0
      1    5  1  4  6  3  8  0
      1    6  7  2  4  3  8  1
      1    6  8  3  7  6  5  4
      1    5  2  1  4  8  6  0
      1    6  2  3  1  7  8  4
      1    6  2  3  7  4  1  6
      2    5  1  2  5  3  8  0
      1    6  3  8  1  7  6  4
      1    4  3  4  7  6  0  0
      1    6  1  4  6  3  5  7
      1    5  6  3  2  8  5  0
      1    6  4  6  3  5  8  2
      1    6  1  2  3  7  4  5
      1    6  4  1  8  3  7  6
      2    6  6  1  3  5  4  8
      1    6  4  2  8  5  7  1
      2    6  2  3  5  6  1  8
      1    5  2  3  7  5  6  0
      1    6  4  2  6  8  1  5
      1    5  1  8  4  6  2  0
      2    4  8  7  5  1  0  0
      1    6  1  7  6  2  8  4
      1    6  6  8  7  2  1  5
      1    6  4  8  3  7  1  5
      1    5  8  2  4  3  1  0
      2    6  2  7  6  1  5  3
      1    6  6  4  3  1  2  5
      1    5  3  5  1  4  7  0
      1    4  8  6  3  1  0  0
      1    6  7  5  1  8  3  2
      1    6  3  7  5  1  6  8
      2    6  5  1  3  6  2  7
      2    6  4  6  2  3  1  8
      1    6  7  3  8  5  4  2
      1    6  6  1  2  3  8  5
      2    5  7  2  4  3  8  0
      1    6  2  7  6  4  5  3
      1    6  6  3  4  7  2  1
      2    4  3  8  4  1  0  0
      2    5  1  2  4  5  3  0
      1    5  8  2  4  6  7  0
      1    6  1  2  3  4  7  6
      1    6  6  4  3  8  7  1
      1    6  2  5  8  4  6  3
      1    6  1  2  5  4  7  6
      1    6  1  8  7  3  6  2
      2    6  4  3  5  1  6  8
      1    6  3  4  2  5  8  6
      1    5  2  8  1  6  3  0
      2    5  2  1  3  8  4  0
      1    6  3  2  8  1  6  5
      1    4  1  6  8  4  0  0
      1    5  1  5  8  7  2  0
      2    4  5  6  1  8  0  0
      1    4  7  5  8  2  0  0
      2    5  4  1  3  2  5  0
      1    6  1  5  2  4  8  3
      1    4  7  3  1  4  0  0
      2    5  4  1  3  6  8  0
      1    6  7  4  5  1  2  3
      1    6  1  8  2  6  3  7
      1    5  1  3  6  8  5  0
      1    5  1  2  3  7  4  0
      1    6  2  1  4  3  8  5
      1    6  8  2  7  3  4  1
      1    6  2  5  3  8  7  6
      2    5  2  1  7  3  6  0
      2    6  2  3  4  6  8  5
      1    4  7  8  3  1  0  0
      1    6  6  5  1  4  8  2
      1    4  4  5  8  1  0  0
      1    6  3  6  2  1  8  5
      1    6  1  3  6  5  8  7
      1    5  4  6  7  3  8  0
      1    5  6  4  7  1  3  0
      1    5  1  3  7  4  8  0
      1    6  3  5  2  1  4  6
      1    6  6  2  4  8  3  5
      1    5  2  4  8  6  7  0
      2    6  2  4  3  6  7  8
      1    6  2  5  7  3  4  8
      1    6  4  1  3  6  7  8
      1    5  7  4  2  8  1  0
      1    6  6  2  7  5  1  4
      1    6  3  6  4  7  8  2
      1    6  2  3  8  1  5  7
      1    6  1  7  6  2  3  4
      1    5  2  3  6  1  8  0
      1    5  3  2  1  7  8  0
      1    4  3  6  8  1  0  0
      1    5  5  1  6  3  7  0
      1    6  3  2  6  4  5  1
      1    6  2  7  5  8  3  1
      1    6  4  2  3  5  6  1
      1    5  1  6  5  7  2  0
      1    6  1  3  8  5  7  6
      2    5  1  2  8  7  5  0
      1    5  7  6  4  1  3  0
      1    6  5  1  6  4  7  2
      1    5  1  2  6  4  7  0
      1    6  4  3  2  6  7  1
      1    5  6  5  3  1  8  0
      2    5  2  7  3  1  5  0
      1    6  1  3  4  6  7  2
      1    6  3  2  7  4  8  6
      1    5  8  1  3  6  4  0
      1    5  1  6  5  3  7  0
      1    5  2  4  8  5  1  0
      1    5  2  5  4  6  7  0
      1    6  6  2  3  4  7  5
      1    6  3  2  7  1  5  8
      1    6  2  1  6  3  4  7
      1    6  1  4  3  2  5  8
      1    6  3  2  7  1  6  4
      1    6  1  5  2  6  8  4
      1    6  2  3  1  7  8  6
      1    6  1  3  6  4  2  5
      1    6  3  4  1  5  2  8
      2    5  1  3  2  7  5  0
      1    6  6  4  3  2  8  1
      2    6  2  1  5  6  7  3
      1    5  3  2  7  6  1  0
      1    6  3  2  8  1  5  6
      1    5  4  8  3  1  2  0
      1    6  2  3  8  5  7  4
      1    6  2  5  4  7  8  1
      2    5  2  4  3  7  6  0
      1    6  7  3  1  2  4  8
      1    6  1  2  5  7  4  6
      1    6  4  3  1  7  5  8
      2    6  7  2  3  6  4  1
      1    6  1  6  2  3  8  5
      1    6  1  6  3  4  5  7
      2    5  5  1  4  7  3  0
      1    5  1  7  6  2  5  0
      1    6  7  3  6  5  8  2
      1    5  1  5  2  3  7  0
      1    6  6  1  2  8  4  3
      1    5  5  1  3  4  2  0
      1    6  1  4  3  2  6  7
      2    5  1  3  6  5  8  0
      1    6  2  3  6  1  7  4
      1    6  2  1  3  5  8  7
      1    6  2  5  4  1  3  6
      1    6  6  3  4  8  2  7
      1    6  5  1  2  3  6  8
      2    5  5  2  1  7  8  0
      1    5  6  3  5  8  4  0
      2    5  2  7  6  8  1  0
      1    5  7  4  6  5  8  0
      1    5  1  6  2  8  5  0
      1    6  3  6  1  5  7  8
      2    4  1  4  2  7  0  0
      1    6  3  5  1  8  7  6
      1    6  2  8  5  3  7  4
      1    5  4  5  8  3  6  0
      1    6  4  1  3  5  8  2
      1    5  5  2  1  8  6  0
      1    6  4  3  6  5  1  7
      1    6  2  7  5  8  4  6
      1    5  4  6  2  1  7  0
      1    6  3  1  2  5  7  6
      1    6  7  3  6  2  4  1
      1    6  7  1  3  8  5  2
      1    6  3  5  4  2  7  8
      1    6  5  1  8  3  7  4
      1    5  1  5  8  4  7  0
      1    5  8  7  2  4  5  0
      1    6  8  6  2  3  7  5
      1    5  6  7  5  2  1  0
      1    5  7  8  1  4  6  0
      2    6  1  5  4  6  7  3
      1    6  8  7  3  4  2  6
      1    5  1  4  2  5  7  0
      1    6  4  6  1  3  2  5
      1    4  3  5  4  7  0  0
      1    4  1  8  4  6  0  0
      1    6  6  8  4  5  1  2
      1    4  6  3  7  4  0  0
      1    6  2  4  8  7  1  5
      1    5  8  3  4  1  5  0
      1    6  2  1  7  8  3  5
      1    5  6  3  8  4  1  0
      1    4  7  5  2  1  0  0
      1    4  4  8  3  5  0  0
      1    6  2  1  5  8  3  4
      1    5  5  3  6  7  2  0
      1    5  6  3  2  4  5  0
      1    6  2  5  1  7  6  3
      1    6  5  6  4  3  8  2
      1    5  2  4  5  3  8  0
      1    6  7  4  1  5  3  2
      1    6  1  2  4  7  5  3
      1    5  1  2  8  4  3  0
      2    4  1  8  5  6  0  0
      1    6  3  8  7  6  4  2
      1    6  2  8  7  1  5  6
      1    6  4  3  2  6  7  5
      1    5  8  6  1  4  3  0
      1    4  5  6  2  4  0  0
      1    5  7  3  2  6  8  0
      1    6  7  4  5  8  3  6
      1    6  5  1  4  3  6  7
      1    4  2  1  8  7  0  0
      1    6  6  1  2  5  8  4
      1    6  7  1  4  5  3  6
      1    5  3  5  2  7  8  0
      1    6  5  1  8  6  4  3
      1    5  5  2  8  7  1  0
      1    5  5  3  1  8  6  0
      2    5  3  2  6  7  4  0
      1    5  2  6  7  8  3  0
      1    6  2  3  7  1  8  5
      1    5  6  1  2  3  8  0
      1    6  7  2  8  1  3  5
      1    6  3  5  4  2  6  8
      1    5  3  2  5  7  8  0
      1    6  6  4  1  2  3  8
      1    6  7  5  1  4  8  2
      1    5  4  1  2  6  7  0
      1    4  6  7  5  8  0  0
      1    6  7  8  1  5  3  6
      1    6  3  6  4  1  5  7
      1    6  3  2  8  5  4  6
      1    6  7  3  1  2  5  8
      1    6  5  1  6  7  3  4
      2    5  2  1  3  7  5  0
      1    4  7  2  6  4  0  0
      2    4  1  4  8  7  0  0
      1    5  3  1  5  7  2  0
      1    6  5  1  6  2  3  8
      1    6  5  1  3  2  8  7
      1    5  3  7  6  4  2  0
      2    5  1  7  2  6  4  0
      1    5  2  4  1  5  6  0
      1    5  5  3  1  4  2  0
      1    6  3  6  5  4  2  8
      1    6  2  7  1  3  4  8
      1    6  4  6  3  7  2  5
      1    5  2  7  4  5  3  0
      1    4  8  2  7  6  0  0
      1    4  7  4  3  2  0  0
      1    5  5  1  8  3  4  0
      1    6  2  1  3  6  7  8
      1    5  3  1  5  7  8  0
      1    6  7  2  3  8  5  6
      1    6  2  1  5  3  4  8
      1    6  1  6  3  5  7  4
      1    6  4  1  3  7  6  5
      1    4  3  8  1  7  0  0
      1    6  2  4  6  3  1  8
      1    5  3  7  4  1  6  0
      1    6  4  2  3  7  8  6
      1    5  7  8  4  1  2  0
      1    6  5  4  1  2  3  7
      1    5  8  6  3  4  2  0
      1    6  5  1  3  4  2  6
      1    5  1  4  7  2  5  0
      1    6  7  8  3  6  2  4
      1    5  1  2  6  7  5  0
      1    6  4  3  8  1  6  7
      1    6  5  1  8  7  6  4
      1    6  6  2  3  5  1  4
      1    6  2  4  6  8  3  1
      1    6  1  5  4  3  8  6
      1    5  3  2  4  7  5  0
      1    5  3  2  4  5  7  0
      1    5  7  3  4  6  5  0
      2    4  6  1  2  8  0  0
      1    4  6  1  8  4  0  0
      2    5  3  8  4  5  2  0
      1    6  2  8  5  1  7  4
      1    5  1  2  3  5  8  0
      1    5  4  2  8  1  3  0
      1    6  6  1  7  3  2  8
      1    4  7  1  3  4  0  0
      1    6  1  4  6  2  7  5
      1    6  3  5  7  6  4  1
      1    4  6  1  4  8  0  0
      1    6  8  1  5  6  3  7
      1    5  4  5  1  2  6  0
      2    5  2  7  1  5  6  0
      1    4  4  5  2  3  0  0
      1    5  6  8  3  4  1  0
      1    5  8  7  2  6  4  0
      1    5  7  4  1  8  2  0
      1    5  3  6  4  1  8  0
      1    6  4  3  5  8  6  2
      1    4  6  5  1  2  0  0
      1    5  3  1  2  7  6  0
      1    4  1  6  4  7  0  0
      1    6  2  1  3  5  7  4
      1    5  2  8  3  4  5  0
      1    6  5  3  7  1  2  6
      1    6  6  1  3  8  4  2
      1    6  7  1  5  4  8  3
      1    6  3  4  6  7  8  2
      1    6  3  5  1  4  6  8
      1    4  8  6  7  2  0  0
      1    4  8  1  5  3  0  0
      1    6  2  3  5  1  8  4
      1    6  3  1  6  8  4  5
      1    6  3  4  1  2  8  5
      1    5  1  6  4  2  3  0
      1    6  1  2  7  3  8  5
      1    4  5  7  1  4  0  0
      2    6  3  1  5  8  4  6
      1    6  2  8  1  5  7  4
      1    4  8  1  5  6  0  0
      1    6  2  1  8  5  4  6
      1    5  1  8  3  4  2  0
      1    4  7  6  1  3  0  0
      1    6  4  3  8  5  2  1
      1    6  2  8  1  5  3  6
      1    6  1  2  3  7  4  6
      1    6  2  4  3  7  1  8
      1    4  6  3  7  5  0  0
      1    6  3  8  6  2  4  5
      1    5  5  1  8  4  3  0
      1    6  7  1  5  3  4  6
      1    6  7  2  1  8  6  5
      1    5  6  8  2  3  7  0
      1    5  7  5  3  2  8  0
      1    5  6  2  8  1  3  0
      1    5  1  8  5  4  3  0
      1    6  3  4  8  6  2  5
      1    6  4  5  1  6  3  2
      1    6  3  2  6  4  1  7
      1    6  7  3  5  1  4  8
      1    6  6  1  8  7  5  4
      1    5  3  5  2  1  4  0
      1    6  5  2  7  1  8  4
      1    6  2  3  4  5  1  6
      1    4  2  8  4  5  0  0
      1    6  5  7  1  6  3  8
      1    5  2  6  8  3  1  0
      1    6  2  1  8  3  6  7
      1    6  7  1  2  5  6  3
      1    6  8  7  3  2  5  1
      1    5  7  3  4  2  6  0
      1    6  8  6  5  1  4  3
      1    5  1  3  2  4  8  0
      1    5  5  1  7  8  4  0
      1    6  4  3  8  7  1  5
      1    5  1  6  2  7  8  0
      1    6  1  3  6  7  5  8
      1    5  1  5  2  4  8  0
      1    6  3  8  5  1  2  4
      1    5  4  5  1  8  2  0
      1    6  6  1  4  2  5  7
      1    6  6  2  1  3  4  5
      2    6  2  3  7  4  8  6
      1    6  1  2  4  5  6  7
      1    6  7  8  5  4  1  3
      1    6  2  6  5  3  1  4
      1    6  2  3  4  7  1  6
      1    6  4  3  8  6  5  2
      1    6  4  8  2  7  3  5
      1    4  6  7  8  4  0  0
      1    5  3  1  8  7  5  0
      1    6  7  2  1  5  6  8
      1    6  1  5  2  4  6  8
      1    5  6  2  8  3  7  0
      2    6  1  6  2  5  8  3
      1    6  1  4  5  3  6  7
      1    6  2  5  3  7  1  8
      1    5  4  2  7  8  3  0
      1    5  3  2  8  7  1  0
      1    4  3  5  2  7  0  0
      1    6  6  2  7  5  3  8
      2    6  3  2  4  1  8  6
      1    6  2  1  5  6  4  8
      1    5  5  4  7  1  2  0
      2    6  2  3  4  8  5  7
      1    4  5  6  8  2  0  0
      1    5  6  1  2  3  7  0
      1    6  4  3  7  1  6  8
      1    6  3  2  4  8  5  7
      1    6  2  7  3  8  1  6
      1    5  2  8  3  6  1  0
      1    5  8  7  4  3  2  0
      1    6  7  5  1  6  2  3
      1    5  6  1  5  8  4  0
      1    5  1  8  5  3  2  0
      1    5  8  3  7  1  6  0
      1    6  1  5  7  2  4  3
      1    6  1  5  7  4  6  2
      1    6  2  3  8  1  5  4
      1    5  5  2  3  8  1  0
      1    6  4  2  7  8  5  6
      1    6  1  2  5  4  3  7
      1    5  2  1  8  5  4  0
      1    5  6  3  1  2  5  0
      1    6  2  4  7  6  3  1
      1    6  5  1  6  8  7  2
      2    4  2  3  5  6  0  0
      1    6  1  8  3  5  4  6
      1    4  5  8  1  7  0  0
      1    5  1  5  6  3  7  0
      1    6  1  8  6  2  3  4
      1    6  6  1  5  3  7  4
      1    6  3  7  2  6  4  1
      1    6  2  5  1  3  7  6
      1    6  4  3  1  8  2  6
      1    6  8  6  3  2  4  1
      1    6  6  4  1  5  3  7
      1    6  2  7  4  8  3  6
      1    6  6  2  3  1  8  4
      2    6  6  4  3  8  2  1
      1    6  6  4  2  7  3  1
      1    4  8  5  3  2  0  0
      1    5  5  4  2  3  1  0
      1    6  2  8  7  3  4  5
      1    6  4  1  3  8  5  2
      1    4  7  3  5  2  0  0
      1    6  1  6  5  8  2  3
      1    5  6  1  8  2  3  0
      1    6  5  2  7  3  4  6
      1    6  2  8  6  5  3  1
      2    4  1  4  8  3  0  0
      1    5  4  8  6  1  7  0
      1    6  2  5  8  3  4  6
      1    6  8  3  4  5  2  1
      1    6  3  8  4  6  7  2
      1    6  4  7  1  5  3  8
      1    5  3  4  1  6  8  0
      1    6  1  4  7  5  2  3
      1    6  2  8  3  7  1  5
      1    6  5  4  1  2  3  6
      1    6  1  3  2  5  4  8
      1    5  1  2  6  7  3  0
      1    4  7  3  1  6  0  0
      1    6  6  1  4  5  8  3
      1    4  4  7  3  5  0  0
      1    5  1  2  7  6  3  0
      1    6  7  4  2  1  5  3
      1    6  7  1  2  3  4  5
      1    6  2  8  3  6  7  4
      1    6  7  5  3  8  2  6
      1    6  1  7  8  5  2  6
      1    5  5  2  3  8  4  0
      1    5  3  6  2  8  7  0
      1    5  4  1  3  2  8  0
      1    5  8  2  1  5  4  0
      1    5  2  3  4  1  8  0
      1    5  3  6  8  2  5  0
      2    6  6  1  3  4  5  7
      1    6  1  2  3  5  4  8
      1    6  7  3  2  8  4  5
      1    6  4  1  5  2  6  8
      1    4  1  8  3  6  0  0
      1    5  1  4  2  6  5  0
      1    6  2  5  1  7  8  6
      1    6  6  8  3  5  4  1
      1    6  8  1  5  3  4  6
      1    6  2  8  6  3  5  4
      1    6  1  3  4  2  8  7
      1    5  4  7  3  5  1  0
      1    6  6  5  3  4  2  7
      1    6  8  7  3  2  6  4
      1    6  2  7  8  3  4  1
      1    6  3  5  4  2  1  6
      1    6  2  3  8  7  1  6
      1    6  4  6  3  8  1  2
      1    4  2  1  6  8  0  0
      1    6  5  2  1  8  3  6
      1    6  5  2  1  4  3  6
      1    4  5  6  7  2  0  0
      1    4  7  4  5  3  0  0
      1    5  2  3  7  8  5  0
      1    5  4  8  2  6  7  0
      1    6  1  2  8  5  3  4
      1    6  1  2  5  7  3  6
      1    6  7  5  6  1  3  8
      1    4  1  3  4  7  0  0
      1    5  8  1  5  7  3  0
      1    6  2  7  6  3  8  4
      2    5  1  2  5  7  3  0
      1    6  4  3  5  2  6  1
      1    6  4  5  3  1  6  2
      1    6  5  8  3  6  4  1
      1    6  3  1  4  8  2  6
      1    6  3  1  4  7  2  5
      1    6  1  8  6  7  3  5
      1    6  3  5  8  7  1  6
      1    6  2  5  3  7  6  8
      1    6  4  2  6  3  5  8
      1    4  6  2  8  7  0  0
      1    5  2  7  6  4  1  0
      1    5  6  5  1  2  3  0
      1    5  3  1  7  8  4  0
      1    4  2  1  4  6  0  0
      1    6  4  2  3  8  5  1
      1    5  4  6  7  5  3  0
      1    6  7  4  2  1  5  8
      1    6  4  2  1  7  3  8
      1    6  3  2  6  4  7  1
      1    5  4  1  5  6  7  0
      1    6  6  1  5  8  7  4
      1    6  6  1  3  4  7  5
      1    6  5  6  4  3  8  1
      1    6  2  1  7  6  4  3
      1    6  2  8  3  5  7  4
      1    6  5  2  3  8  7  1
      1    6  2  7  3  1  6  4
      1    6  1  5  2  7  8  3
      1    6  3  6  4  8  7  1
      1    4  3  6  7  2  0  0
      2    6  1  2  3  5  8  7
      1    4  4  2  6  7  0  0
      1    5  2  3  6  5  4  0
      1    6  8  3  4  2  7  6
      1    5  5  7  6  2  1  0
      1    6  3  8  5  7  6  4
      1    5  1  8  5  7  6  0
      1    6  2  8  6  4  3  7
      1    6  4  3  2  1  5  7
      1    6  6  4  3  8  1  7
      1    5  7  2  5  8  3  0
      1    6  1  4  8  3  5  2
      1    6  5  1  2  6  7  8
      1    6  4  6  1  8  3  5
      1    6  1  8  5  3  2  4
      1    6  1  6  3  2  4  7
      1    6  8  3  4  2  6  5
      1    6  7  8  1  4  2  5
      2    6  2  8  3  7  6  4
      1    6  1  6  2  5  4  8
      1    6  3  2  6  4  5  7
      1    5  3  7  2  6  4  0
      1    5  3  1  6  8  2  0
      2    5  4  8  5  1  6  0
      1    6  2  4  8  5  3  7
      1    6  1  6  8  5  4  3
      1    6  2  6  8  1  7  4
      1    4  3  4  6  5  0  0
      1    6  3  7  8  5  1  6
      1    6  3  4  2  5  6  7
      1    6  2  8  6  7  4  3
      1    6  8  3  2  6  4  5
      1    5  2  7  5  4  3  0
      1    5  5  1  8  3  6  0
      1    5  4  5  3  1  6  0
      1    6  5  6  7  2  1  3
      1    6  4  6  2  1  3  5
      1    5  2  5  3  4  1  0
      1    6  5  1  2  3  4  6
      1    6  1  2  7  5  8  3
      1    6  2  7  8  5  1  4
      1    5  4  1  5  3  2  0
      1    6  2  6  3  8  4  1
      1    5  3  5  6  4  2  0
      1    6  5  4  7  6  8  2
      1    5  8  4  1  3  2  0
      1    6  7  1  3  2  4  5
      1    4  4  3  7  2  0  0
      1    5  8  2  6  4  3  0
      1    5  8  4  6  2  5  0
      1    6  6  5  1  2  7  8
      1    4  2  8  3  5  0  0
      1    6  8  3  2  4  5  7
      1    6  1  8  3  2  7  6
      1    6  3  2  4  6  7  5
      1    6  2  3  7  4  8  1
      1    6  6  3  2  7  1  4
      1    6  5  3  4  8  1  6
      2    6  3  4  8  6  1  5
      1    5  5  1  6  7  3  0
      1    6  8  7  2  1  4  3
      1    5  7  4  3  6  8  0
      1    6  1  7  6  5  3  4
      1    5  3  8  7  6  2  0
      1    6  6  5  1  2  4  3
      1    6  3  1  6  2  5  4
      1    6  4  2  3  6  7  1
      1    6  2  1  6  7  5  4
      1    6  1  3  2  4  6  8
      1    6  2  3  4  5  7  6
      1    6  3  6  4  8  2  7
      1    6  7  2  3  6  8  5
      1    6  3  4  5  7  6  8
      1    5  2  3  6  5  8  0
      1    5  4  3  1  6  7  0
      1    6  3  1  4  2  5  7
      1    6  4  2  3  1  6  8
      1    5  6  2  1  5  3  0
      1    5  8  3  4  6  2  0
      1    6  1  2  3  7  6  8
      1    6  3  1  2  4  8  6
      1    6  2  4  5  3  7  6
      1    6  3  2  1  6  5  4
      1    6  5  1  7  3  8  4
      1    6  3  6  7  2  4  8
      1    6  6  5  4  1  3  2
      1    4  4  7  6  8  0  0
      1    4  5  6  3  1  0  0
      1    6  6  5  1  7  4  3
      1    6  1  5  4  7  3  2
      1    6  8  3  2  5  1  4
      1    5  5  7  2  3  1  0
      1    5  6  7  2  4  1  0
      1    6  6  5  7  2  1  8
      1    5  3  8  4  1  7  0
      1    6  5  3  6  1  4  8
      1    5  4  8  3  2  5  0
      1    4  4  1  2  7  0  0
      1    6  1  7  5  3  2  6
      1    5  3  6  4  8  1  0
      1    6  6  3  8  4  7  5
      1    6  2  7  3  5  8  6
      1    6  3  1  7  6  5  4
      1    6  3  6  1  2  4  8
      1    6  8  3  4  6  7  2
      1    5  4  1  3  5  8  0
      1    5  6  1  4  5  8  0
      1    5  7  3  5  1  2  0
      2    6  1  5  2  3  8  4
      1    6  1  8  4  3  2  7
      1    3  6  8  7  0  0  0
      1    5  3  8  2  1  7  0
      1    6  2  3  5  6  4  8
      1    6  2  1  3  6  8  4
      1    5  3  6  4  2  7  0
      1    5  1  5  8  3  4  0
      1    4  2  1  6  7  0  0
      1    5  4  6  2  5  8  0
      1    6  1  7  5  3  8  6
      1    6  5  2  1  3  7  4
      1    5  5  1  3  6  8  0
      1    6  3  7  4  2  5  8
      1    5  2  1  6  5  4  0
      1    6  2  7  8  6  3  1
      1    6  2  5  3  4  8  6
      1    5  2  8  1  3  5  0
      1    5  4  1  2  7  8  0
      1    5  3  6  1  2  5  0
      1    6  1  2  8  6  3  5
      1    5  4  1  8  5  3  0
      1    4  3  8  1  6  0  0
      1    4  2  8  6  5  0  0
      1    6  4  3  5  7  6  2
      1    5  1  2  7  4  3  0
      1    6  2  7  4  5  1  6
      1    6  2  1  8  3  5  6
      1    4  4  1  7  3  0  0
      1    5  2  5  6  1  8  0
      1    6  2  6  3  1  7  8
      1    5  3  1  2  6  7  0
      1    6  3  2  4  6  1  5
      1    5  6  3  8  5  4  0
      1    6  7  2  1  5  8  6
      1    5  1  7  2  5  3  0
      1    5  1  5  3  4  8  0
      1    6  3  8  4  1  5  2
      1    4  7  4  8  1  0  0
      1    5  4  7  8  1  3  0
      1    6  6  2  3  4  5  1
      1    6  4  2  1  6  5  3
      1    6  4  3  2  1  5  8
      1    6  4  1  8  6  3  2
      2    4  6  4  2  1  0  0
      1    6  5  4  3  8  2  1
      1    4  5  8  1  2  0  0
      1    6  2  3  8  4  7  1
      1    5  8  3  6  2  4  0
      1    6  3  1  6  2  5  8
      1    4  6  8  2  3  0  0
      1    5  1  6  3  2  4  0
      1    4  8  7  5  3  0  0
      1    4  6  3  8  1  0  0
      1    4  1  7  8  2  0  0
      1    5  5  3  2  6  7  0
      1    6  3  2  4  8  1  7
      1    5  8  6  3  1  4  0
      1    6  6  3  2  8  1  5
      1    5  4  8  6  3  7  0
      1    5  5  1  3  8  6  0
      1    6  4  3  2  7  1  8
      1    6  1  2  3  8  5  7
      1    5  3  4  5  1  8  0
      1    6  2  3  6  7  8  4
      1    5  5  1  8  6  3  0
      1    6  3  8  2  4  5  6
      1    6  2  5  3  1  7  4
      1    6  3  4  2  1  8  6
      1    5  8  1  5  7  2  0
      1    6  6  3  8  5  2  7
      1    5  7  5  2  4  3  0
      1    6  4  2  6  3  8  5
      1    4  5  7  2  3  0  0
      1    5  1  6  2  5  8  0
      1    6  7  5  3  2  8  1
      1    6  2  6  4  5  3  8
      1    6  2  4  3  8  1  5
      1    5  7  5  3  6  8  0
      1    6  7  8  3  1  2  4
      1    6  2  1  4  6  5  7
      1    6  1  4  5  3  8  2
      1    5  3  7  4  1  5  0
      1    4  7  1  6  4  0  0
      1    6  1  6  5  2  3  7
      1    6  7  2  3  5  1  6
      1    5  5  2  4  1  7  0
      1    6  6  8  1  7  5  4
      1    6  7  6  2  3  4  8
      1    6  5  1  6  2  3  4
      1    6  2  7  6  8  4  1
      1    6  3  1  2  5  4  8
      1    5  2  4  6  7  8  0
      1    5  7  2  4  5  6  0
      1    6  5  8  7  2  3  1
      1    6  4  7  8  6  1  2
      1    5  6  8  3  1  5  0
      1    6  2  3  1  7  4  6
      1    6  1  4  6  8  5  2
      1    6  1  6  5  8  4  7
      1    4  4  6  8  7  0  0
      1    6  5  1  7  2  3  4
      1    6  2  8  3  5  7  6
      1    5  4  6  7  8  2  0
      1    3  8  7  5  0  0  0
      1    6  1  3  5  8  4  6
      1    6  4  3  2  5  1  8
      1    6  3  8  2  4  6  1
      1    6  8  3  5  6  4  1
      1    6  5  2  7  4  1  3
      1    6  6  2  1  4  7  5
      1    6  2  8  5  7  6  1
      1    6  8  2  7  3  6  5
      1    6  2  4  5  1  3  8
      1    6  2  5  7  8  3  6
      1    5  7  5  2  8  6  0
      1    6  7  1  3  8  6  4
      1    6  2  3  8  6  1  4
      1    6  1  3  7  2  8  6
      1    5  4  1  6  2  3  0
      1    6  4  2  8  3  7  5
      1    6  6  7  8  3  1  5
      1    6  3  8  7  4  2  1
      1    6  1  3  7  2  5  6
      1    5  5  7  4  1  8  0
      1    6  3  2  8  1  7  4
      1    6  5  3  4  6  8  1
      1    6  7  2  3  4  6  1
      1    5  2  5  7  3  6  0
      1    6  3  1  2  8  5  4
      1    5  6  4  7  1  8  0
      1    6  1  5  2  8  4  3
      1    6  2  1  8  3  5  4
      1    6  3  1  7  5  4  6
      1    6  5  1  8  6  7  2
      1    5  2  5  3  8  4  0
      1    6  3  8  4  7  2  1
      1    5  5  3  2  4  8  0
      1    5  2  6  4  8  3  0
      1    6  2  3  8  7  4  5
      1    6  4  3  5  8  6  1
      1    6  6  3  4  1  8  7
      1    6  5  3  6  1  4  2
      1    6  3  1  5  8  2  4
      1    5  2  7  3  6  8  0
      1    6  8  2  3  6  7  5
      1    4  4  8  7  3  0  0
      1    6  3  2  6  8  7  4
      1    6  6  5  8  3  4  1
      1    6  5  1  4  2  8  3
      1    6  4  2  1  3  5  8
      1    6  2  3  6  1  4  7
      1    6  6  3  4  5  1  8
      1    5  5  1  3  4  7  0
      1    6  7  5  3  4  6  2
      1    6  5  3  4  1  6  8
      1    5  6  5  8  3  1  0
      1    5  1  4  5  2  6  0
      1    5  6  7  3  4  2  0
      1    6  7  2  8  6  5  4
      1    5  5  4  1  6  8  0
      1    5  5  4  3  7  1  0
      1    5  5  4  2  1  3  0
      1    6  6  1  2  5  4  3
      1    6  3  6  4  8  5  1
      1    6  2  3  5  1  4  6
      1    6  6  2  5  1  3  8
      1    6  3  4  2  7  1  5
      1    5  2  4  8  7  6  0
      1    6  3  1  4  2  8  5
      1    6  2  7  1  5  6  3
      1    5  7  4  6  3  2  0
      1    4  6  2  8  4  0  0
      1    5  1  7  2  6  3  0
      1    5  2  4  8  6  3  0
      1    4  7  1  6  5  0  0
      1    6  2  3  1  7  5  6
      1    5  3  4  6  5  8  0
      1    5  2  3  6  7  5  0
      1    6  1  5  2  4  3  6
      1    6  2  6  8  4  3  1
      1    6  1  2  7  5  6  8
      1    4  7  8  4  3  0  0
      1    6  4  6  2  1  8  3
      1    6  2  1  7  3  5  8
      1    6  2  6  7  1  5  4
      1    6  5  6  1  2  7  3
      1    5  3  2  1  8  5  0
      1    6  5  1  4  3  7  8
      1    6  3  1  5  7  4  6
      1    5  2  8  6  5  4  0
      1    5  2  6  8  7  4  0
      1    6  7  6  1  8  3  4
      1    5  4  6  8  1  5  0
      1    6  3  1  5  4  6  7
      1    5  2  1  3  4  6  0
      1    5  5  1  3  6  2  0
      1    5  3  7  4  8  1  0
      1    6  2  1  6  5  3  8
      1    6  1  2  4  3  5  7
      1    6  1  5  3  4  7  8
      1    5  1  6  5  2  7  0
      1    5  7  8  2  3  1  0
      1    6  1  7  5  4  6  2
      1    6  8  3  1  6  5  4
      1    6  2  3  8  7  1  5
      1    4  7  8  5  1  0  0
      1    6  6  3  1  8  4  2
      1    6  5  1  4  8  6  2
      1    5  1  6  7  8  5  0
      1    6  1  5  3  7  6  4
      1    4  8  7  4  3  0  0
      1    6  5  7  2  1  8  6
      1    6  1  3  5  6  8  2
      1    6  7  3  4  2  6  8
      1    6  1  2  3  7  6  5
      1    5  4  2  7  3  8  0
      1    6  1  5  2  8  7  3
      1    6  2  7  4  8  5  1
      1    6  6  5  1  2  3  8
      1    6  3  6  8  4  1  5
      1    6  3  1  5  7  4  2
      1    6  7  2  5  8  1  4
      1    6  7  4  2  3  8  5
      1    6  1  3  6  5  2  4
      1    5  8  6  3  7  2  0
      1    6  2  1  4  8  5  6
      1    6  2  3  1  7  4  8
      1    6  1  5  2  8  4  6
      1    6  5  4  6  2  3  8
      1    6  6  1  5  2  4  8
      1    6  8  7  5  1  3  2
      1    5  7  6  3  8  4  0
      1    5  7  5  6  3  2  0
      1    4  3  5  6  4  0  0
      1    6  5  6  7  1  3  8
      1    5  7  3  1  2  5  0
      1    4  5  6  1  3  0  0
      1    6  5  1  2  3  6  7
      1    6  1  8  5  2  6  4
      1    6  2  1  8  3  4  5
      1    5  8  6  1  2  5  0
      1    5  2  7  3  4  1  0
      1    6  5  4  1  6  2  3
      1    5  1  6  7  3  4  0
      1    5  8  1  2  6  4  0
      1    6  2  5  7  4  1  3
      1    5  7  8  2  4  5  0
      1    4  6  2  4  5  0  0
      1    6  5  2  3  7  4  1
      1    4  2  5  3  1  0  0
      1    6  3  6  1  4  8  5
      1    5  3  4  1  2  8  0
      1    6  3  4  8  2  1  5
      1    5  7  8  6  1  5  0
      1    5  6  4  8  1  5  0
      1    5  2  6  4  3  5  0
      1    5  6  8  1  4  5  0
      1    4  7  1  5  4  0  0
      1    6  3  2  1  8  4  5
      1    5  7  2  3  5  6  0
      1    5  3  2  5  6  7  0
      1    6  2  1  6  5  8  7
      1    6  2  7  4  5  3  8
      1    6  2  8  5  1  6  7
      1    5  2  1  7  5  8  0
      1    6  3  4  8  2  6  1
      1    5  6  8  3  4  7  0
      1    6  7  2  3  4  1  6
      1    6  8  4  3  6  2  5
      1    6  6  3  8  1  5  4
      1    6  2  4  7  1  5  3
      1    6  5  7  3  1  4  6
      1    3  8  4  7  0  0  0
      1    6  4  1  6  8  5  7
      1    5  5  1  8  3  7  0
      1    4  8  4  7  6  0  0
      1    4  4  2  6  1  0  0
      1    6  8  1  3  6  4  5
      1    6  3  1  6  8  5  4
      1    6  2  7  4  8  6  3
      1    6  6  2  1  3  8  4
      1    5  2  3  7  6  8  0
      1    6  1  2  3  6  7  8
      1    6  1  7  5  4  6  3
      1    5  1  3  2  7  4  0
      1    6  4  3  1  8  2  7
      1    5  1  3  6  8  4  0
      1    5  8  4  3  1  7  0
      1    6  3  6  2  8  7  4
      1    5  2  4  6  1  5  0
      1    6  1  3  4  6  7  5
      1    6  3  6  2  1  4  7
      1    5  7  3  2  4  1  0
      1    5  2  8  3  1  7  0
      1    5  2  7  3  1  8  0
      1    5  3  8  6  4  7  0
      1    6  6  2  5  8  1  7
      1    6  2  1  4  5  6  3
      1    6  6  5  1  8  4  2
      1    4  3  5  2  1  0  0
      1    6  6  5  4  1  3  8
      1    5  7  5  1  2  6  0
      1    5  6  1  2  4  3  0
      1    6  4  6  7  3  5  2
      1    6  8  3  4  6  5  2
      1    5  4  3  6  7  8  0
      1    5  8  1  4  2  6  0
      1    6  4  3  1  5  8  7
      1    6  3  4  2  7  5  1
      1    6  1  4  3  6  2  5
      1    5  1  7  3  2  6  0
      1    5  3  4  8  7  6  0
      1    5  2  7  3  6  1  0
      1    6  3  4  7  2  6  1
      1    6  4  3  6  8  7  5
      1    5  1  7  6  3  4  0
      1    5  7  1  2  3  8  0
      1    6  2  3  7  8  5  6
      1    6  2  6  4  3  5  1
      1    6  2  8  7  1  6  3
      1    6  2  1  6  4  8  5
      1    4  6  1  8  5  0  0
      1    5  3  8  2  4  5  0
      1    6  1  2  8  5  3  7
      1    6  7  1  8  2  4  6
      1    6  3  1  8  6  5  2
      1    5  4  3  5  6  2  0
      1    6  2  3  7  4  8  5
      1    6  1  5  4  3  8  7
      1    6  1  5  8  4  6  7
      1    6  2  7  4  8  3  5
      1    6  1  7  5  2  8  3
      1    6  5  3  8  6  4  1
      1    6  5  6  1  3  2  7
      1    5  1  6  2  3  5  0
      1    6  4  8  6  3  5  1
      1    6  7  5  1  3  2  8
      1    6  3  4  2  5  7  1
      1    6  5  8  7  1  2  3
      1    6  8  2  3  4  6  5
      1    5  7  4  8  3  6  0
      1    4  4  8  2  6  0  0
      1    6  4  6  2  8  1  3
      1    5  5  3  4  1  6  0
      1    6  2  6  4  7  5  8
      1    6  5  2  1  3  8  4
      1    6  1  2  6  7  5  3
      1    6  6  1  2  8  5  3
      1    6  5  1  6  7  3  2
      1    5  4  2  1  6  8  0
      1    6  1  4  7  5  3  2
      1    5  6  7  5  8  1  0
      1    6  2  4  7  3  1  8
      1    5  7  2  8  4  6  0
      1    4  1  3  2  8  0  0
      1    6  3  6  2  4  5  1
      1    6  6  4  3  2  7  5
      1    6  2  5  3  7  8  4
      1    5  8  3  5  2  6  0
      1    4  8  7  2  4  0  0
      1    5  6  4  7  8  3  0
      1    6  2  1  6  8  5  4
      1    5  4  7  2  6  3  0
      1    5  6  5  4  8  2  0
      1    6  3  7  8  2  4  1
      1    6  2  6  3  1  8  5
      1    4  4  5  6  1  0  0
      1    6  7  2  4  3  1  5
      1    6  6  4  1  2  3  5
      1    6  2  8  4  6  3  1
      1    4  5  2  1  4  0  0
      1    5  4  2  8  3  1  0
      1    6  4  8  1  6  3  5
      1    5  1  7  3  5  6  0
      1    6  7  5  2  1  8  6
      1    6  1  7  2  5  6  4
      1    5  2  3  7  4  1  0
      1    6  1  2  3  8  4  7
      1    6  7  1  8  3  2  4
      1    4  7  3  4  2  0  0
      1    5  5  4  1  2  3  0
      1    5  6  1  8  3  7  0
      1    5  6  4  3  7  2  0
      1    4  7  5  2  3  0  0
      1    6  2  1  6  3  7  4
      1    6  3  2  6  7  4  8
      1    6  2  6  4  7  3  8
      1    6  3  1  8  2  7  5
      1    6  6  1  2  5  8  3
      1    6  3  8  7  6  5  4
      1    6  8  2  3  6  4  5
      1    6  4  1  6  5  3  2
      1    6  3  4  1  6  2  7
      1    6  5  1  3  4  7  2
      1    6  4  2  5  1  7  3
      1    6  2  1  7  5  3  8
      1    6  6  8  1  7  3  5
      1    6  3  8  2  1  6  5
      1    6  2  7  8  5  6  3
      1    6  4  3  1  2  5  6
      1    6  1  3  6  5  7  8
      1    6  3  8  1  5  2  4
      1    6  2  7  1  3  8  4
      1    6  6  1  4  8  5  7
      1    4  3  1  6  7  0  0
      1    6  3  1  5  4  2  8
      1    6  1  5  6  8  2  7
      1    6  1  2  7  5  3  6
      1    6  7  2  6  1  5  4
      1    5  6  4  2  1  5  0
      1    6  5  2  7  6  3  1
      1    5  2  4  5  6  1  0
      1    6  7  1  5  8  3  6
      1    6  2  4  7  1  5  6
      1    6  3  7  2  4  8  6
      1    6  6  3  4  5  7  8
      1    3  8  7  3  0  0  0
      1    6  3  5  2  7  6  4
      1    5  2  1  8  5  6  0
      1    4  5  2  8  7  0  0
      1    5  7  2  8  1  5  0
      1    5  3  8  6  1  5  0
      1    6  1  4  8  2  6  7
      1    6  4  6  2  3  5  1
      1    6  3  2  1  5  4  6
      1    6  6  8  1  4  5  2
      1    6  3  1  2  4  7  8
      1    5  2  6  3  1  5  0
      1    6  7  3  6  4  8  5
      1    6  1  6  5  3  2  4
      1    5  6  5  1  8  7  0
      1    6  1  6  3  5  8  7
      1    6  5  1  3  6  7  2
      1    6  2  8  3  4  6  1
      1    6  2  1  7  8  3  4
      1    6  1  3  7  5  6  2
      1    6  2  4  6  7  5  3
      1    5  4  7  2  1  8  0
      1    5  2  1  6  3  8  0
      1    6  3  6  1  2  8  4
      1    5  1  7  5  2  6  0
      1    6  5  1  3  7  4  6
      1    6  3  4  7  1  8  5
      1    5  4  3  8  7  5  0
      1    5  3  1  8  5  4  0
      1    6  2  7  4  5  3  6
      1    6  3  2  7  4  8  5
      1    5  8  7  1  5  3  0
      1    6  2  5  1  7  8  3
      1    5  6  8  3  2  1  0
      1    6  1  7  6  8  5  3
      1    6  4  6  1  3  8  2
      1    6  4  2  3  6  8  5
      1    6  7  8  6  3  2  4
      1    6  4  3  1  2  8  6
      1    6  1  2  5  4  8  3
      1    6  6  2  1  4  5  3
      1    6  4  1  3  2  5  7
      1    5  2  7  1  4  3  0
      1    6  7  4  2  6  3  8
      1    6  2  1  3  4  5  7
      1    5  2  5  3  1  7  0
      1    6  3  7  5  2  4  8
      1    6  6  1  3  8  2  4
      1    6  3  6  1  5  7  2
      1    6  2  8  6  1  3  5
      1    5  6  1  5  8  7  0
      1    4  3  5  7  1  0  0
      1    6  5  2  3  7  1  6
      1    5  7  2  1  5  3  0
      1    5  1  6  5  2  8  0
      1    6  8  1  3  2  4  5
      1    6  1  5  6  7  3  2
      1    5  3  8  6  4  1  0
      1    6  7  8  2  1  3  6
      1    6  1  4  6  2  5  8
      1    5  4  2  3  5  1  0
      1    4  8  4  1  3  0  0
      1    6  2  3  8  6  7  4
      1    5  1  4  8  2  3  0
      1    6  7  3  8  6  4  1
      1    6  1  6  2  5  4  7
      1    5  2  3  8  4  5  0
      1    6  1  7  2  8  6  5
      1    4  8  5  6  4  0  0
      1    6  1  2  5  7  8  6
      1    6  8  2  3  6  4  7
      1    6  6  3  5  2  4  8
      1    6  6  3  2  5  4  1
      1    5  1  8  3  6  4  0
      1    6  2  1  5  6  4  7
      1    6  6  1  5  7  2  8
      1    6  1  6  4  2  5  8
      1    6  6  7  4  2  1  5
      1    5  8  5  1  3  4  0
      1    6  2  4  8  7  6  3
      1    6  3  8  4  1  6  2
      1    6  1  4  8  2  6  5
      1    6  1  5  8  7  2  6
      1    6  2  4  8  6  3  5
      1    5  2  1  5  8  7  0
      1    6  1  5  8  3  4  2
      1    6  1  2  8  3  6  5
      1    6  7  1  5  2  3  6
      1    6  6  4  8  3  5  1
      1    6  2  5  1  3  6  7
      1    6  8  3  5  1  2  6
      1    5  4  1  2  8  5  0
      1    6  7  1  5  3  2  4
      1    6  2  3  6  4  8  5
      1    6  1  5  7  6  2  4
      1    6  7  3  4  5  2  1
      1    6  3  4  6  2  5  8
      1    6  2  3  4  6  5  8
      1    6  4  3  8  6  2  1
      1    6  3  2  8  4  7  5
      1    6  6  2  3  8  4  1
      1    6  4  6  2  1  3  8
      1    6  2  3  8  7  6  1
      1    5  5  6  4  1  3  0
      1    6  4  1  3  8  2  7
      1    6  8  6  2  7  5  3
      1    6  7  2  5  3  1  8
      1    5  2  6  3  7  4  0
      1    6  4  2  3  1  6  5
      1    6  6  3  4  2  7  1
      1    6  3  7  6  1  8  5
      1    4  8  6  1  2  0  0
      1    5  8  3  2  1  5  0
      1    6  2  3  4  5  8  6
      1    5  1  5  6  7  3  0
      1    6  1  7  5  3  4  6
      1    6  3  4  7  2  8  6
      1    6  2  5  8  1  6  4
      1    5  3  4  5  8  6  0
      1    6  3  2  4  5  7  6
      1    4  5  1  7  4  0  0
      1    6  2  8  3  5  6  1
      1    3  4  5  7  0  0  0
      1    6  1  2  6  3  5  8
      1    6  6  4  2  3  5  1
      1    5  3  2  4  1  5  0
      1    5  7  2  1  8  6  0
      1    6  3  8  1  4  5  6
      1    6  1  4  2  3  5  8
      1    6  5  1  2  6  3  8
      1    5  3  8  2  6  7  0
      1    6  2  8  7  1  5  3
      1    5  1  5  8  7  6  0
      1    6  5  1  7  2  3  8
      1    6  6  4  5  1  3  8
      1    6  7  3  2  5  1  6
      1    6  4  1  5  7  2  3
      1    6  7  8  1  5  6  3
      1    6  1  2  7  6  5  8
      1    6  5  3  4  1  8  6
      1    3  8  6  5  0  0  0
      1    6  1  2  8  5  6  4
      1    4  5  2  6  4  0  0
      1    6  5  4  8  3  6  1
      1    5  4  3  8  5  2  0
      1    6  5  1  7  3  6  4
      1    6  5  6  4  3  2  1
      1    6  4  8  6  3  2  1
      1    6  4  7  2  3  8  1
      1    5  6  4  1  2  5  0
      1    6  1  5  8  6  7  3
      1    6  6  4  3  2  1  7
      1    4  6  7  5  2  0  0
      1    6  4  2  6  1  3  8
      1    6  6  7  1  5  4  2
      1    6  7  8  6  4  2  5
      1    6  1  2  5  7  6  3
      1    6  3  5  2  4  6  8
      1    6  2  1  5  3  8  4
      1    6  2  1  5  6  3  7
      1    5  4  8  3  5  6  0
      1    6  4  3  5  1  8  2
      1    5  2  3  8  6  7  0
      1    4  8  5  6  1  0  0
      1    6  2  3  1  8  6  4
      1    6  7  1  5  2  8  6
      1    6  5  2  1  4  3  8
      1    5  8  3  6  2  7  0
      1    6  5  1  2  7  8  6
      1    5  2  8  1  6  7  0
      1    5  1  3  7  2  4  0
      1    6  3  4  1  6  2  8
      1    5  6  2  8  7  5  0
      1    6  6  4  3  2  8  5
      1    6  2  8  7  6  4  5
      1    5  5  8  1  2  4  0
      1    6  2  3  4  1  7  8
      1    6  4  3  1  8  5  6
      1    5  6  2  1  8  4  0
      1    6  3  4  2  6  7  5
      1    6  5  1  7  3  4  6
      1    5  5  1  3  8  2  0
      1    6  3  8  6  4  7  2
      1    4  2  5  3  6  0  0
      1    4  3  7  8  4  0  0
      1    5  1  2  8  7  4  0
      1    6  6  1  3  2  4  8
      1    5  3  6  4  1  2  0
      1    4  5  2  4  6  0  0
      1    6  4  6  7  1  2  5
      1    5  2  1  5  8  4  0
      1    6  3  8  6  4  2  1
      1    6  1  6  5  4  8  2
      1    6  5  1  6  7  8  3
      1    6  2  7  1  4  5  3
      1    6  4  3  6  1  7  2
      1    6  1  3  8  6  2  4
      1    6  7  2  4  6  8  5
      1    6  1  6  4  5  3  7
      1    5  1  3  4  8  6  0
      1    4  4  8  7  2  0  0
      1    5  7  8  4  2  3  0
      1    5  6  7  5  2  3  0
      1    6  1  7  5  2  3  6
      1    5  2  8  7  6  5  0
      1    5  7  8  6  4  3  0
      1    6  5  1  8  6  2  7
      1    5  4  3  5  1  7  0
      1    6  8  7  6  3  2  4
      1    6  1  2  6  5  8  7
      1    5  4  1  5  7  6  0
      1    6  1  2  5  3  7  6
      1    6  6  2  4  5  3  1
      1    6  7  2  8  5  6  3
      1    5  2  7  4  1  3  0
      1    6  7  1  5  8  4  6
      1    6  1  7  6  2  3  5
      1    6  1  6  3  4  2  8
      1    5  5  3  1  2  7  0
      1    6  5  6  2  3  4  8
      1    5  6  2  7  5  3  0
      1    6  3  2  1  7  6  8
      1    6  2  6  7  5  4  8
      1    6  3  2  7  5  8  1
      1    6  2  3  1  4  5  8
      1    5  5  8  6  4  3  0
      1    6  5  2  7  6  3  4
      1    4  3  7  1  6  0  0
      1    5  6  4  3  2  5  0
      1    6  8  5  1  6  3  4
      1    5  5  2  3  1  7  0
      1    6  1  8  2  3  6  4
      1    6  7  2  5  1  8  3
      1    6  8  2  7  5  1  3
      1    4  2  7  1  4  0  0
      1    6  3  2  1  8  5  7
      1    6  1  3  4  2  7  5
      1    6  3  1  5  2  8  6
      1    6  2  3  4  7  8  1
      1    5  6  4  5  8  1  0
      1    6  5  7  1  3  8  2
      1    6  7  3  4  1  6  5
      1    6  2  7  1  8  3  5
      1    5  2  5  3  8  6  0
      1    6  7  1  5  4  2  6
      1    6  2  7  1  5  6  8
      1    5  5  3  6  1  4  0
      1    6  2  8  3  6  5  4
      1    6  5  4  3  1  6  8
      1    5  4  2  7  3  6  0
      1    6  7  2  3  4  5  1
      1    5  3  4  7  8  1  0
      1    4  1  3  8  2  0  0
      1    4  1  8  5  7  0  0
      1    6  3  1  5  8  2  6
      1    6  2  3  4  7  6  5
      1    6  2  8  3  6  4  1
      1    5  1  6  3  8  5  0
      1    4  3  7  2  5  0  0
      1    6  1  3  4  7  8  6
      1    6  7  2  3  8  4  5
      1    6  1  2  5  6  4  8
      1    6  6  7  5  3  4  8
      1    6  7  4  6  3  8  2
      1    6  1  2  8  3  6  4
      1    6  7  4  3  8  6  2
      1    6  5  1  3  4  6  7
      1    4  6  7  2  1  0  0
      1    6  2  1  5  3  7  8
      1    4  4  5  6  3  0  0
      1    6  6  1  2  5  7  3
      1    5  7  8  2  6  3  0
      1    6  4  1  3  6  8  5
      1    5  6  1  3  2  8  0
      1    6  2  3  6  7  1  5
      1    6  3  2  1  4  7  5
      1    5  2  6  3  5  4  0
      1    6  3  8  2  5  7  1
      1    5  4  6  2  8  5  0
      1    6  1  6  3  2  4  8
      1    5  6  2  3  1  7  0
      1    5  2  1  6  3  7  0
      1    6  2  7  3  1  6  8
      1    6  5  8  1  4  3  6
      1    6  4  2  8  7  3  6
      1    6  6  1  2  4  3  5
      1    6  1  3  5  2  4  6
      1    6  2  3  7  1  4  5
      1    6  6  2  5  1  3  4
      1    6  1  3  4  5  7  2
      1    6  2  6  1  3  5  7
      1    6  6  2  3  4  1  7
      1    6  1  2  3  7  5  4
      1    6  4  6  5  1  2  3
      1    6  4  5  7  1  6  2
      1    6  1  6  4  7  3  8
      1    4  2  5  7  1  0  0
      1    4  1  6  7  3  0  0
      1    6  6  5  1  3  8  2
      1    6  1  4  6  2  8  5
      1    6  2  1  3  6  7  4
      1    6  1  8  4  6  5  3
      1    6  2  4  3  7  5  1
      1    4  4  8  6  7  0  0
      1    4  8  4  6  5  0  0
      1    4  1  3  4  8  0  0
      1    5  3  4  1  7  5  0
      1    6  4  2  3  6  5  1
      1    6  5  2  6  4  1  8
      1    5  1  7  4  2  5  0
      1    6  2  7  1  8  3  4
      1    6  1  2  5  7  8  3
      1    6  7  2  1  5  8  4
      1    6  4  3  8  2  5  7
      1    6  2  3  7  1  5  6
      1    5  4  6  1  7  8  0
      1    6  3  6  8  2  4  7
      1    5  7  3  2  4  8  0
      1    5  2  5  3  6  8  0
      1    4  5  7  2  8  0  0
      1    6  6  3  2  7  4  1
      1    5  8  6  3  2  7  0
      1    6  4  3  5  7  1  2
      1    6  1  6  7  3  5  2
      1    6  2  7  8  1  3  4
      1    6  1  5  3  7  2  6
      1    5  2  5  1  4  7  0
      1    6  1  2  3  4  7  8
      1    6  4  1  6  3  5  8
      1    6  1  3  8  5  2  4
      1    5  7  5  8  3  6  0
      1    5  3  1  6  5  4  0
      1    6  3  1  5  6  2  8
      1    6  2  7  8  5  3  6
      1    6  8  3  5  4  6  1
      1    6  4  2  7  3  5  6
      1    4  7  5  1  3  0  0
      1    5  5  1  4  2  3  0
      1    6  3  4  2  5  6  1
      1    5  4  1  2  3  6  0
      1    5  8  1  2  4  3  0
      1    6  4  1  2  8  3  5
      1    5  8  6  4  5  3  0
      1    5  1  2  4  3  5  0
      1    6  5  3  2  7  1  6
      1    6  4  2  3  6  1  8
      1    6  5  3  4  6  7  2
      1    6  4  2  5  1  3  6
      1    6  8  7  1  6  4  5
      1    5  1  4  3  8  5  0
      1    4  5  8  7  1  0  0
      1    4  6  8  2  4  0  0
      1    6  1  2  8  5  6  3
      1    5  5  1  8  2  4  0
      1    6  7  5  3  6  2  4
      1    6  6  4  1  3  2  7
      1    6  7  2  3  1  8  4
      1    6  5  6  2  1  3  7
      1    6  2  6  1  5  3  7
      1    5  2  3  7  1  8  0
      1    6  1  4  3  6  7  2
      1    6  6  5  1  8  3  2
      1    6  3  2  6  1  4  8
      1    6  4  1  2  5  6  3
      1    6  6  5  1  8  4  3
      1    6  5  1  7  6  8  4
      1    6  3  2  1  4  8  5
      1    4  3  7  8  6  0  0
      1    6  6  1  4  3  7  5
      1    6  2  5  7  4  6  8
      1    6  3  7  5  1  8  2
      1    5  3  4  6  8  7  0
      1    5  7  2  6  3  4  0
      1    6  3  5  6  4  1  2
      1    6  4  8  6  2  1  3
      1    6  7  4  6  1  5  3
      1    5  6  5  8  1  2  0
      1    6  3  8  4  7  2  6
      1    5  1  3  4  8  5  0
      1    6  6  4  3  5  1  2
      1    4  5  8  6  1  0  0
      1    6  7  2  1  3  6  4
      1    5  3  1  2  6  4  0
      1    6  2  7  4  3  1  5
      1    6  4  6  5  1  2  8
      1    6  6  2  1  5  7  3
      1    6  3  4  8  2  6  5
      1    6  1  6  3  2  5  8
      1    6  6  2  4  8  1  3
      1    6  6  4  1  3  5  2
      1    5  3  6  8  2  7  0
      1    6  3  2  4  7  8  5
      1    6  3  6  2  1  5  8
      1    6  1  3  5  7  2  8
      1    6  2  1  7  4  5  6
      1    5  8  2  7  3  1  0
      1    5  4  2  1  7  6  0
      1    6  4  3  1  2  6  7
      1    6  6  4  1  5  2  8
      1    6  1  3  4  5  2  6
      1    6  5  6  7  1  8  2
      1    6  5  2  1  7  6  3
      1    6  6  1  5  2  3  8
      1    6  1  4  3  6  5  7
      1    3  5  8  2  0  0  0
      1    6  2  1  6  3  7  5
      1    6  5  1  3  6  8  2
      1    5  2  1  8  3  4  0
      1    6  1  2  7  8  4  5
      1    6  2  1  7  6  8  5
      1    6  6  3  8  5  1  4
      1    6  1  7  2  6  5  3
      1    4  1  6  4  8  0  0
      1    5  8  2  7  1  4  0
      1    6  2  4  5  3  6  1
      1    6  2  5  3  6  7  1
      1    6  1  3  2  6  8  4
      1    6  8  2  6  1  5  7
      1    6  3  7  6  4  2  5
      1    6  6  2  3  4  1  5
      1    6  2  1  6  5  4  3
      1    5  1  7  2  5  8  0
      1    6  4  3  5  1  6  2
      1    4  8  6  4  1  0  0
      1    6  3  2  8  7  1  6
      1    6  1  2  3  6  5  8
      1    6  7  2  1  5  6  3
      1    6  3  2  8  7  5  1
      1    5  4  3  8  2  5  0
      1    4  4  6  1  7  0  0
      1    4  1  6  7  2  0  0
      1    5  6  5  2  3  8  0
      1    6  2  8  3  6  1  5
      1    6  1  3  8  4  2  5
      1    6  6  4  2  3  1  5
      1    6  5  3  1  6  2  8
      1    6  1  2  7  5  3  8
      1    5  2  6  5  1  4  0
      1    5  5  6  2  8  7  0
      1    6  1  2  5  6  4  3
      1    4  2  4  8  6  0  0
      1    6  5  4  3  1  8  6
      1    5  3  2  7  8  5  0
      1    6  7  8  2  1  3  5
      1    6  2  4  5  6  1  8
      1    6  1  6  3  2  5  4
      1    6  7  2  5  1  8  4
      1    6  1  8  2  7  3  5
      1    5  6  2  4  3  1  0
      1    6  2  7  1  8  5  3
      1    6  7  8  6  5  2  3
      1    6  4  3  8  1  6  5
      1    5  3  6  7  4  8  0
      1    6  3  1  2  6  4  7
      1    6  2  3  1  4  5  6
      1    6  4  6  3  2  7  1
      1    5  5  3  8  4  7  0
      1    6  6  3  1  2  5  4
      1    6  3  4  2  7  8  5
      1    6  1  3  5  6  8  7
      1    6  1  7  3  2  5  6
      1    5  5  3  4  1  7  0
      1    6  5  2  1  6  7  8
      1    6  1  6  5  3  7  8
      1    5  2  7  5  3  8  0
      1    6  1  2  5  3  4  8
      1    6  5  2  1  3  6  4
      1    5  2  7  4  1  6  0
      1    6  3  7  2  1  5  6
      1    5  3  4  5  2  1  0
      1    5  7  5  8  1  4  0
      1    5  6  1  5  7  8  0
      1    5  3  8  2  7  5  0
      1    6  3  2  6  4  7  5
      1    6  2  1  6  3  8  4
      1    6  4  1  2  3  6  7
      1    6  1  3  5  4  2  8
      1    6  2  3  8  4  5  6
      1    6  3  2  6  7  1  8
      1    5  3  1  2  8  6  0
      1    5  7  1  5  4  3  0
      1    6  7  8  6  4  1  2
      1    6  3  6  8  7  2  5
      1    6  2  3  8  7  5  6
      1    6  3  6  4  2  5  1
      1    6  6  1  5  4  7  3
      1    5  2  3  5  1  8  0
      1    6  1  4  3  5  8  6
      1    6  6  5  1  2  4  8
      1    6  8  7  3  4  5  1
      1    5  4  7  3  6  2  0
      1    4  1  4  3  5  0  0
      1    5  3  8  1  6  5  0
      1    6  2  3  4  8  1  5
      1    4  2  1  7  6  0  0
      1    6  3  2  7  6  8  5
      1    6  2  3  7  1  4  8
      1    6  7  1  4  5  2  6
      1    6  1  6  2  7  4  3
      1    6  6  4  5  7  8  3
      1    5  3  1  5  2  4  0
      1    6  2  4  3  8  5  1
      1    6  2  7  5  4  6  3
      1    6  1  5  3  2  8  4
      1    6  3  1  2  8  4  6
      1    6  1  5  6  7  4  8
      1    6  3  4  1  8  5  6
      1    6  6  8  2  4  1  3
      1    5  7  6  1  3  5  0
      1    5  2  6  1  8  4  0
      1    6  6  3  4  7  1  8
      1    6  4  5  8  3  2  1
      1    6  4  2  5  1  8  3
      1    6  6  7  1  8  2  5
      1    5  4  8  7  5  3  0
      1    6  2  7  3  5  6  4
      1    5  1  4  7  5  6  0
      1    5  1  3  7  5  6  0
      1    5  2  4  1  5  7  0
      1    5  3  8  5  1  2  0
      1    4  7  8  6  4  0  0
      1    5  2  5  8  1  7  0
      1    6  1  3  2  6  4  5
      1    6  5  7  3  6  4  1
      1    6  1  6  4  2  3  5
      1    6  2  1  6  5  8  4
      1    5  8  4  2  5  6  0
      1    6  2  1  7  3  5  6
      1    6  1  3  4  2  6  8
      1    6  7  1  6  5  3  4
      1    6  5  1  3  2  6  8
      1    6  2  8  6  4  3  5
      1    6  2  7  5  4  1  3
      1    6  8  2  7  6  4  1
      1    6  2  4  7  3  5  1
      1    6  2  4  1  8  3  5
      1    5  5  8  1  6  3  0
      1    5  7  8  1  3  5  0
      1    6  2  4  6  1  3  5
      1    6  8  2  4  3  7  6
      1    5  5  4  8  1  2  0
      1    6  4  8  2  7  6  5
      1    5  6  1  7  2  4  0
      1    5  2  6  3  5  8  0
      1    6  6  4  2  3  8  1
      1    5  2  6  3  4  7  0
      1    6  1  7  6  4  5  8
      1    6  4  3  1  2  6  5
      1    4  8  4  6  1  0  0
      1    4  3  7  6  4  0  0
      1    5  4  6  8  3  5  0
      1    5  3  4  7  8  6  0
      1    5  2  7  6  4  8  0
      1    5  1  8  2  6  5  0
      1    6  5  4  3  6  1  8
      1    6  2  1  4  5  6  7
      1    6  2  3  8  4  7  6
      1    6  5  2  7  3  8  4
      1    6  5  1  3  2  4  7
      1    6  7  3  8  2  6  4
      1    6  7  1  5  6  4  3
      1    6  7  4  6  2  8  3
      1    6  2  4  5  1  3  7
      1    6  3  4  1  5  6  2
      1    6  3  4  1  5  6  7
      1    4  1  8  3  5  0  0
      1    6  2  3  6  7  4  5
      1    5  1  4  5  2  3  0
      1    5  1  6  5  8  3  0
      1    6  2  7  6  4  3  1
      1    5  2  1  7  4  5  0
      1    6  6  4  1  5  8  2
      1    6  6  3  4  1  2  8
      1    5  6  4  8  2  3  0
      1    6  6  1  3  2  5  7
      1    6  7  2  3  1  6  8
      1    6  2  1  3  7  4  5
      1    6  8  3  1  6  4  5
      1    5  5  1  2  8  6  0
      1    6  2  7  4  1  8  3
      1    6  2  1  8  3  7  5
      1    5  2  7  6  5  1  0
      1    6  7  3  4  5  1  2
      1    6  3  1  8  5  2  6
      1    6  3  1  7  4  8  2
      1    4  8  1  6  2  0  0
      1    6  8  4  3  2  1  5
      1    5  7  3  2  8  1  0
      1    5  3  6  5  1  7  0
      1    5  7  6  1  4  8  0
      1    6  6  1  5  8  3  2
      1    6  3  4  5  1  2  8
      1    5  1  6  4  5  7  0
      1    6  4  3  2  8  7  6
      1    5  3  1  4  6  7  0
      1    6  3  7  8  4  6  2
      1    5  3  5  1  8  6  0
      1    6  7  2  5  4  1  3
      1    6  1  2  8  3  7  6
      1    4  7  8  4  2  0  0
      1    4  2  8  4  7  0  0
      1    6  4  5  1  3  8  6
      1    5  5  6  8  7  1  0
      1    5  7  8  1  5  6  0
      1    5  5  1  7  3  6  0
      1    5  2  8  6  3  5  0
      1    5  3  4  5  1  7  0
      1    6  5  1  3  8  7  4
      1    6  8  6  4  5  3  1
      1    6  1  2  4  5  6  8
      1    5  4  6  3  7  8  0
      1    6  8  1  3  5  7  2
      1    6  5  3  1  4  6  8
      1    6  3  7  2  5  8  1
      1    5  2  8  3  6  7  0
      1    6  7  2  6  4  3  5
      1    5  1  7  3  8  4  0
      1    5  3  5  2  4  1  0
      1    5  4  3  7  8  2  0
      1    4  6  2  4  8  0  0
      1    5  8  2  1  3  5  0
      1    6  4  8  3  2  6  5
      1    6  6  1  8  4  3  5
      1    5  1  5  8  6  3  0
      1    6  7  2  1  8  3  4
      1    5  1  2  4  5  7  0
      1    6  5  4  8  6  1  3
      1    6  3  4  8  7  6  2
      1    6  2  7  8  4  6  5
      1    5  5  1  8  6  7  0
      1    6  8  4  6  7  3  1
      1    6  7  2  1  5  6  4
      1    5  6  4  5  1  2  0
      1    6  2  8  4  6  3  5
      1    6  3  6  7  1  5  4
      1    6  6  4  2  1  7  8
      1    6  4  3  7  5  2  1
      1    5  3  4  1  8  6  0
      1    6  1  7  2  5  6  8
      1    5  3  8  1  6  4  0
      1    6  4  1  5  2  6  7
      1    6  5  3  2  4  6  1
      1    6  4  3  6  2  5  8
      1    6  1  2  5  8  7  3
      1    5  3  6  7  8  5  0
      1    6  1  3  5  7  2  6
      1    6  7  2  5  1  3  8
      1    6  4  1  6  7  3  5
      1    6  1  5  3  7  8  2
      1    5  4  1  7  5  8  0
      1    5  2  4  6  5  7  0
      1    6  2  6  5  1  8  3
      1    6  2  5  4  3  6  8
      1    4  6  3  7  1  0  0
      1    6  4  2  3  8  1  5
      1    5  1  6  8  3  4  0
      1    6  1  6  4  3  2  8
      1    5  3  8  6  7  2  0
      1    6  4  3  7  8  6  1
      1    6  1  2  4  5  6  3
      1    6  2  5  7  3  1  6
      1    5  8  5  1  2  3  0
      1    6  2  7  4  3  8  1
      1    6  4  3  1  5  2  6
      1    6  5  1  6  4  2  8
      1    6  2  4  3  7  1  6
      1    6  7  3  4  6  1  2
      1    6  7  8  4  2  3  5
      1    4  8  2  1  3  0  0
      1    6  4  5  6  1  8  7
      1    6  1  3  6  7  4  2
      1    6  1  2  6  4  3  7
      1    5  5  4  3  6  8  0
      1    5  3  5  6  4  1  0
      1    5  1  4  3  5  8  0
      1    5  7  6  5  1  4  0
      1    6  3  2  4  1  6  8
      1    6  2  3  6  7  4  8
      1    5  2  8  4  6  3  0
      1    6  1  5  2  4  6  7
      1    6  3  2  1  5  7  8
      1    6  3  8  2  1  5  6
      1    6  7  6  1  4  3  8
      1    5  2  3  1  7  4  0
      1    6  1  3  5  6  7  4
      1    5  1  4  7  8  3  0
      1    6  2  8  5  3  1  6
      1    4  4  7  1  6  0  0
      1    6  1  4  6  5  8  2
      1    6  7  5  8  3  1  2
      1    5  1  5  2  8  6  0
      1    5  5  6  4  3  2  0
      1    6  2  8  3  4  5  1
      1    6  3  2  6  7  8  4
      1    6  5  6  3  4  8  7
      1    6  4  2  3  8  6  1
      1    5  8  3  6  1  5  0
      1    5  6  8  5  1  7  0
      1    3  8  7  4  0  0  0
      1    6  3  7  8  4  6  5
      1    5  6  8  2  3  4  0
      1    6  1  2  5  7  6  8
      1    6  4  2  7  1  3  6
      1    6  3  2  7  4  5  1
      1    6  5  2  1  7  8  6
      1    6  6  3  5  1  8  2
      1    6  3  8  6  7  1  5
      1    4  7  3  4  1  0  0
      1    6  6  8  3  4  2  7
      1    4  1  3  7  8  0  0
      1    6  2  6  1  8  3  5
      1    6  7  1  3  2  5  6
      1    5  3  8  2  6  1  0
      1    6  3  2  4  6  1  8
      1    6  7  8  2  3  4  1
      1    6  2  7  4  3  5  8
      1    6  6  2  1  4  5  7
      1    6  1  5  2  4  8  6
      1    6  4  3  6  8  5  2
      1    6  3  2  1  4  6  5
      1    5  5  1  2  6  7  0
      1    6  7  5  1  3  6  4
      1    5  5  6  1  4  8  0
      1    5  6  2  1  8  5  0
      1    6  2  5  1  6  8  7
      1    6  3  2  6  7  1  4
      1    6  6  2  7  1  3  4
      1    6  2  8  3  4  6  5
      1    6  3  4  5  2  6  1
      1    5  1  5  7  4  8  0
      1    6  2  6  3  8  5  1
      1    6  3  5  7  2  1  4
      1    6  2  8  3  1  7  4
      1    6  7  8  3  2  1  6
      1    4  3  6  5  4  0  0
      1    6  4  5  1  8  6  3
      1    6  3  2  1  4  5  8
      1    5  1  3  7  5  8  0
      1    6  5  1  2  8  3  6
      1    6  4  2  8  1  5  7
      1    6  1  3  2  5  4  6
      1    6  4  7  8  5  6  2
      1    6  1  7  8  3  6  4
      1    5  1  6  4  8  3  0
      1    6  6  1  8  3  4  5
      1    6  2  3  7  4  5  1
      1    5  1  3  5  2  8  0
      1    6  1  2  4  5  3  6
      1    6  6  3  4  2  1  8
      1    4  2  6  5  1  0  0
      1    6  1  2  5  4  7  3
      1    5  1  6  3  2  8  0
      1    6  3  5  2  8  7  1
      1    6  4  1  2  5  6  8
      1    6  7  5  1  2  8  3
      1    5  7  3  2  5  4  0
      1    5  2  1  8  5  3  0
      1    6  4  2  3  1  8  7
      1    5  6  1  2  8  3  0
      1    6  2  1  3  7  5  8
      1    6  1  2  3  5  7  8
      1    5  4  1  6  5  2  0
      1    6  7  6  2  8  4  1
      1    6  2  6  3  4  5  1
      1    5  8  3  5  2  4  0
      1    6  4  2  7  3  5  1
      1    6  3  6  4  5  1  8
      1    6  3  4  6  1  8  5
      1    4  5  1  8  4  0  0
      1    4  1  4  7  5  0  0
      1    4  3  5  4  6  0  0
      1    5  5  6  1  2  8  0
      1    6  1  6  5  3  4  7
      1    5  4  1  2  6  3  0
      1    6  5  2  3  7  6  8
      1    6  3  6  2  8  4  5
      1    6  2  8  7  6  3  4
      1    5  5  3  1  2  4  0
      1    5  2  7  5  6  4  0
      1    4  3  7  6  2  0  0
      1    4  4  3  1  7  0  0
      1    4  7  8  3  5  0  0
      1    5  7  8  2  1  5  0
      1    6  3  6  1  4  2  8
      1    6  3  8  1  2  6  4
      1    5  2  7  1  8  3  0
      1    6  1  2  6  5  3  8
      1    6  7  2  6  4  3  8
      1    6  1  5  6  2  7  4
      1    6  6  1  4  7  2  5
      1    6  5  1  4  8  3  2
      1    6  2  4  5  3  1  6
      1    6  4  1  8  2  7  5
      1    6  4  3  2  5  7  6
      1    5  5  1  6  3  2  0
      1    6  4  2  3  6  7  8
      1    6  3  2  7  6  4  8
      1    6  6  8  1  3  4  2
      1    6  1  3  7  6  2  4
      1    6  4  2  3  1  5  7
      1    6  3  6  8  5  1  4
      1    5  2  3  1  5  7  0
      1    6  1  5  4  2  3  8
      1    6  4  6  2  1  5  3
      1    4  3  5  7  2  0  0
      1    6  5  1  2  8  4  3
      1    6  2  3  1  5  7  6
      1    5  7  3  5  1  6  0
      1    5  5  1  4  2  6  0
      1    5  4  6  2  3  1  0
      1    6  2  7  8  6  3  4
      1    6  7  3  2  1  5  4
      1    5  4  3  1  7  2  0
      1    5  4  2  1  6  7  0
      1    6  3  2  5  8  1  4
      1    5  1  6  7  5  4  0
      1    6  5  4  7  3  8  6
      1    6  1  6  7  2  3  8
      1    5  8  1  4  2  5  0
      1    6  1  7  2  6  4  8
      1    4  5  8  2  1  0  0
      1    6  2  7  1  8  4  6
      1    5  5  2  1  3  8  0
      1    5  2  3  7  5  8  0
      1    4  8  1  6  3  0  0
      1    6  6  5  3  1  8  4
      1    6  1  5  7  8  6  3
      1    6  1  5  7  6  8  4
      1    6  6  1  8  5  7  2
      1    6  5  1  4  7  6  3
      1    6  2  5  3  4  8  7
      1    6  6  7  1  3  5  8
      1    5  2  3  7  1  5  0
      1    5  1  4  2  6  3  0
      1    6  5  1  7  2  6  4
      1    6  7  6  3  1  8  5
      1    4  4  2  1  6  0  0
      1    6  2  7  5  3  6  8
      1    5  3  2  6  1  7  0
      1    6  1  3  7  2  4  6
      1    6  4  3  5  2  7  1
      1    6  1  4  3  2  6  8
      1    6  8  3  1  5  2  4
      1    6  1  3  5  7  4  6
      1    5  5  1  3  7  6  0
      1    6  1  5  4  8  7  6
      1    6  7  2  8  6  5  3
      1    5  1  3  8  6  2  0
      1    6  7  1  6  3  2  4
      1    5  4  1  8  6  5  0
      1    6  2  7  1  6  3  5
      1    6  4  7  2  1  3  5
      1    5  1  5  4  3  7  0
      1    4  4  8  1  3  0  0
      1    5  2  4  6  5  8  0
      1    6  2  5  1  8  4  3
      1    4  4  2  1  8  0  0
      1    6  2  7  1  4  3  8
      1    6  3  4  2  1  7  8
      1    6  5  3  4  2  1  6
      1    6  1  6  3  5  8  4
      1    5  3  8  6  4  2  0
      1    5  8  2  5  1  4  0
      1    5  3  2  7  4  6  0
      1    6  1  2  6  5  8  3
      1    5  2  1  5  6  4  0
      1    6  6  3  2  7  1  5
      1    6  6  1  8  2  5  3
      1    6  6  8  7  2  3  1
      1    5  1  6  3  5  2  0
      1    6  1  8  5  4  3  2
      1    6  4  3  1  6  2  8
      1    5  7  8  5  4  3  0
      1    5  1  3  8  6  4  0
      1    6  3  1  6  2  8  5
      1    5  8  2  7  3  5  0
      1    5  6  1  8  4  5  0
      1    5  6  2  7  8  4  0
      1    6  5  1  7  3  8  2
      1    5  2  8  1  4  7  0
      1    5  2  1  4  3  6  0
      1    6  6  2  7  4  1  5
      1    6  5  1  2  7  6  4
      1    5  1  2  7  8  5  0
      1    6  2  3  5  7  6  1
      1    4  3  5  2  4  0  0
      1    6  4  1  7  6  8  5
      1    6  2  1  7  4  8  3
      1    6  7  2  5  8  3  4
      1    6  3  2  6  4  5  8
      1    6  6  1  2  5  3  8
      1    6  2  5  7  3  8  1
      1    6  1  4  6  7  8  3
      1    4  4  1  5  2  0  0
      1    6  7  8  6  1  5  2
      1    4  8  5  7  6  0  0
      1    6  2  8  1  6  5  3
      1    6  2  4  6  3  8  7
      1    5  7  8  3  6  5  0
      1    6  5  2  1  4  7  6
      1    6  7  2  3  4  6  8
      1    6  2  3  6  8  7  1
      1    6  3  2  7  8  5  1
      1    6  4  5  1  6  8  3
      1    5  1  5  7  8  4  0
      1    6  2  7  3  5  4  6
      1    6  1  4  3  7  5  6
      1    4  7  8  5  3  0  0
      1    6  2  3  1  7  5  4
      1    6  5  1  2  8  7  6
      1    5  3  2  1  4  6  0
      1    5  5  3  4  6  2  0
      1    6  2  4  1  3  5  6
      1    6  8  1  5  2  3  4
      1    5  3  6  4  8  5  0
      1    6  2  4  6  3  7  1
      1    4  1  7  8  3  0  0
      1    6  4  3  6  5  8  7
      1    6  3  2  7  1  6  8
      1    5  8  4  6  3  2  0
      1    5  7  3  8  4  2  0
      1    6  6  5  3  1  7  4
      1    6  2  1  6  5  3  4
      1    5  8  3  4  2  1  0
      1    6  3  2  1  8  5  6
      1    6  7  3  1  2  8  4
      1    5  5  7  2  8  1  0
      1    5  3  5  4  6  1  0
      1    6  2  3  6  4  1  7
      1    6  5  4  7  2  3  8
      1    5  5  6  3  4  1  0
      1    6  2  3  5  7  4  6
      1    6  5  1  2  7  4  8
      1    6  6  3  2  4  7  5
      1    5  6  3  4  2  7  0
      1    6  3  1  4  2  5  6
      1    6  4  6  7  3  8  2
      1    6  8  2  3  4  7  5
      1    6  2  4  3  5  7  6
      1    6  3  6  7  4  8  5
      1    6  4  3  2  6  5  8
      1    5  4  3  7  6  1  0
      1    6  3  2  4  8  7  1
      1    6  8  1  5  6  4  3
      1    6  6  7  2  4  3  1
      1    4  1  6  3  7  0  0
      1    6  1  5  8  4  6  3
      1    6  5  1  8  3  2  4
      1    6  5  2  3  1  4  8
      1    5  7  2  3  1  8  0
      1    6  3  1  4  2  8  6
      1    6  1  2  6  8  3  7
      1    6  3  2  8  5  1  6
      1    6  3  8  6  4  2  7
      1    6  1  5  6  2  3  7
      1    5  2  7  5  4  6  0
      1    6  5  1  2  8  3  7
      1    6  3  1  5  6  8  4
      1    6  5  4  1  8  3  2
      1    5  2  5  7  4  3  0
      1    6  3  2  8  1  5  4
      1    6  4  6  8  2  1  5
      1    6  1  7  8  2  3  5
      1    4  5  7  8  3  0  0
      1    6  1  7  8  5  6  3
      1    5  8  7  4  2  6  0
      1    5  5  8  4  3  1  0
      1    6  3  5  8  1  2  7
      1    6  1  5  2  7  8  4
      1    6  7  2  8  1  4  3
      1    6  3  4  2  7  6  1
      1    6  4  1  6  8  5  3
      1    4  2  5  4  3  0  0
      1    6  6  5  1  2  7  3
      1    6  1  7  4  2  5  3
      1    6  2  1  7  6  4  8
      1    5  1  3  6  8  7  0
      1    6  2  1  8  3  4  6
      1    6  2  3  1  4  6  8
      1    6  5  2  3  7  8  6
      1    6  6  3  4  7  2  8
      1    6  1  5  2  6  8  7
      1    6  2  5  4  1  6  3
      1    5  7  3  8  2  4  0
      1    5  8  4  2  6  7  0
      1    6  2  3  7  8  1  4
      1    4  6  3  1  8  0  0
      1    6  7  5  1  2  6  4
      1    6  6  5  2  1  7  3
      1    6  7  6  2  3  8  1
      1    6  7  2  3  8  4  6
      1    6  8  4  3  2  6  7
      1    6  1  6  2  3  5  4
      1    6  6  5  3  4  1  2
      1    6  3  6  2  5  1  8
      1    5  6  2  4  8  5  0
      1    6  6  2  1  4  3  7
      1    6  2  1  3  6  5  7
      1    4  1  3  6  2  0  0
      1    5  5  1  7  6  4  0
      1    5  2  7  5  8  4  0
      1    6  2  3  4  1  7  5
      1    5  4  2  7  1  5  0
      1    5  1  2  7  3  4  0
      1    6  6  5  4  8  2  3
      1    6  3  1  5  4  6  8
      1    6  7  3  2  8  1  6
      1    6  2  3  5  6  4  7
      1    6  8  2  3  7  1  6
      1    6  3  2  7  8  4  5
      1    6  4  6  8  2  5  3
      1    6  6  1  3  5  2  7
      1    6  6  4  3  7  1  2
      1    6  1  2  4  3  6  5
      1    6  1  4  3  7  6  8
      1    6  3  6  1  2  5  7
      1    4  5  3  7  4  0  0
      1    6  3  6  5  1  4  8
      1    6  5  3  1  6  4  8
      1    6  2  7  8  1  6  4
      1    5  1  5  8  7  4  0
      1    6  7  4  3  2  6  8
      1    6  3  2  7  6  4  1
      1    6  3  2  5  8  7  6
      1    5  3  2  7  6  4  0
      1    5  2  7  4  6  8  0
      1    6  2  3  5  4  6  8
      1    6  1  2  7  5  4  3
      1    5  7  3  8  5  6  0
      1    6  3  8  5  1  4  6
      1    6  3  4  7  5  6  1
      1    6  2  8  7  3  5  1
      1    6  2  3  8  7  4  1
      1    6  1  3  7  6  5  8
      1    6  1  6  3  4  8  2
      1    5  4  6  1  5  2  0
      1    6  2  6  8  7  3  5
      1    6  2  8  1  6  4  5
      1    6  3  4  2  7  5  8
      1    6  6  4  2  1  3  5
      1    6  1  4  3  6  7  8
      1    6  4  1  3  8  6  2
      1    6  6  3  2  1  4  7
      1    6  6  7  3  4  8  1
      1    5  4  6  7  2  3  0
      1    6  1  7  4  6  2  5
      1    6  6  4  8  3  2  7
      1    6  8  3  4  1  2  5
      1    6  4  3  8  2  1  6
      1    6  5  1  2  8  6  7
      1    6  2  6  7  3  1  5
      1    6  4  2  3  7  5  1
  0
DublinWest
