DublinNorth   Dublin  2007
'Rating type, # raw ballots, # processed, final # combined: ' -1     43942     43942      9106
'# candidates to be elected, # reduced, original #: '  4 10 12
'Max # ranked or rated, max # rating levels, undervote penalty: '  5  1  1
'Original candidates, as reordered: ' 10  9  4  6 12  2  7  1  5  3
    833    3  5  4  3  0  0
    705    3  3  4  5  0  0
    530    3  4  5  3  0  0
    504    3  5  3  4  0  0
    448    3  4  3  5  0  0
    385    3  3  5  4  0  0
    380    1  1  0  0  0  0
    289    1  6  0  0  0  0
    268    1  2  0  0  0  0
    220    3  2  1  6  0  0
    215    4  7  8  2  1  0
    202    3  6  2  1  0  0
    188    1  3  0  0  0  0
    182    3  2  6  1  0  0
    181    1  5  0  0  0  0
    178    3  6  1  2  0  0
    178    2  1  2  0  0  0
    176    2  6  1  0  0  0
    170    1  4  0  0  0  0
    169    2  2  1  0  0  0
    169    2  1  6  0  0  0
    162    4  5  4  3  1  0
    153    4  3  4  5  1  0
    142    2  6  2  0  0  0
    141    3  7  8  1  0  0
    139    3  1  2  6  0  0
    133    3  1  6  2  0  0
    122    4  7  8  1  2  0
    122    2  7  8  0  0  0
    121    3  2  1  7  0  0
    118    3  1  2  7  0  0
    103    3  7  8  2  0  0
     99    1  7  0  0  0  0
     99    5  7  8  2  1  6
     96    4  3  4  5  2  0
     96    1 10  0  0  0  0
     95    2  2  6  0  0  0
     92    2  1  7  0  0  0
     90    2  6 10  0  0  0
     89    2  6  9  0  0  0
     88    2  3  1  0  0  0
     87    3  1  6  9  0  0
     87    3  1  7  2  0  0
     81    2  5  3  0  0  0
     81    2  5  4  0  0  0
     81    4  4  3  5  1  0
     80    4  5  4  3  2  0
     77    2  4  5  0  0  0
     76    4  4  5  3  1  0
     76    2  7  1  0  0  0
     75    4  1  2  7  8  0
     75    5  5  4  3  2  1
     75    3  6  1  9  0  0
     76    3  3  4  1  0  0
     75    3  7  2  1  0  0
     74    4  4  3  5  2  0
     73    2  1  3  0  0  0
     73    3  2  7  1  0  0
     71    3  7  1  2  0  0
     71    2  4  3  0  0  0
     70    3  6  1 10  0  0
     69    5  7  8  2  1  9
     68    3  1  7  8  0  0
     67    3 10  6  1  0  0
     67    3  3  2  1  0  0
     67    4  1  7  8  2  0
     66    4  5  4  3  6  0
     65    3  6 10  9  0  0
     65    4  4  5  3  2  0
     64    3  7  1  8  0  0
     64    4  2  1  7  8  0
     64    3  1  2  9  0  0
     63    2  3  5  0  0  0
     62    4  5  3  4  1  0
     61    4  5  4  3  7  0
     61    2  1  9  0  0  0
     61    2  3  4  0  0  0
     61    4  2  1  6  9  0
     60    4  3  5  4  1  0
     60    3  2  1  9  0  0
     59    1  9  0  0  0  0
     59    3  2  1  3  0  0
     59    4  4  3  5  6  0
     57    5  3  4  5  1  2
     56    4  8  7  2  1  0
     55    3  5  4  1  0  0
     55    3  8  7  1  0  0
     54    1  8  0  0  0  0
     54    3  6 10  1  0  0
     53    3  6  9  1  0  0
     53    3  3  4  2  0  0
     53    5  3  4  5  2  1
     53    4  7  2  1  8  0
     52    3  4  5  1  0  0
     52    3  4  2  1  0  0
     50    5  4  5  3  2  1
     50    5  7  8  1  2  6
     50    2 10  6  0  0  0
     50    3  1  3  2  0  0
     50    3  2  3  1  0  0
     50    4  5  4  3 10  0
     50    4  2  6  1  9  0
     49    5  2  1  6  7  8
     49    4  4  5  3  6  0
     48    4  3  4  5  6  0
     48    3  6  2 10  0  0
     48    4  6  1  2  9  0
     47    2  1  5  0  0  0
     47    3  1  2  3  0  0
     48    3  8  7  2  0  0
     47    2 10  1  0  0  0
     46    3  4  3  2  0  0
     46    4  2  1  6  7  0
     46    3  6  4  5  0  0
     46    3  4  5  6  0  0
     46    5  1  2  7  8  6
     45    5  5  4  3  6  1
     45    4  2  7  8  1  0
     44    3  5  3  1  0  0
     44    5  5  4  3  1  7
     44    3  6 10  2  0  0
     44    2  9  1  0  0  0
     44    4  6  2  1  9  0
     43    4  1  6  9  2  0
     43    3  2  7  8  0  0
     43    5  4  5  3  1  2
     44    5  3  5  4  2  1
     44    3  3  5  1  0  0
     43    3  6  1  7  0  0
     43    5  1  2  6  7  8
     42    3  3  1  5  0  0
     42    5  5  4  3  1  2
     43    4  1  6  2  9  0
     42    2  8  7  0  0  0
     42    3  3  1  2  0  0
     42    3  1  6  7  0  0
     43    2  4  1  0  0  0
     42    4  7  1  2  8  0
     41    2  3  2  0  0  0
     41    3  6  2  4  0  0
     40    5  4  3  5  1  2
     40    5  5  4  3  7  1
     40    5  5  4  3  1  6
     39    3  1  2  8  0  0
     39    3  6  2  5  0  0
     40    4  1  2  7  6  0
     39    2  7  2  0  0  0
     39    3  6  2  9  0  0
     39    3  1  6 10  0  0
     39    4  3  4  1  5  0
     39    4  1  2  6  9  0
     39    3  6  4  2  0  0
     38    5  4  3  5  2  1
     38    3  4  6  1  0  0
     38    4  6  1  2  7  0
     37    3  2  6  9  0  0
     37    3  2  6 10  0  0
     37    5  5  4  3  7  8
     37    3  5  7  1  0  0
     38    4  3  5  4  2  0
     37    5  2  1  7  8  6
     36    3  6  4  1  0  0
     36    4  2  1  9  6  0
     38    3  2  1  8  0  0
     36    3  1  9  2  0  0
     36    4  2  1  7  6  0
     36    3  6  2  7  0  0
     36    5  4  5  3  6  1
     37    2  2  9  0  0  0
     36    3  4  3  6  0  0
     36    4  5  4  3  9  0
     35    3  2  6  7  0  0
     35    3  4  3  1  0  0
     35    4  6  2  1  7  0
     35    5  3  5  4  1  2
     35    3  1  2  4  0  0
     35    4  5  3  4  7  0
     35    3  1  3  4  0  0
     34    3  2  1  5  0  0
     34    3  1  7  6  0  0
     34    5  5  3  4  2  1
     34    2  5  1  0  0  0
     34    5  1  2  7  6  8
     34    4  6  1  2 10  0
     35    4  5  3  4  2  0
     35    4  3  4  5  9  0
     34    3  5  4  7  0  0
     35    3  4  6  5  0  0
     34    3  5  4  2  0  0
     33    5  7  8  1  2  9
     33    3  4  2  6  0  0
     34    3  2  1  4  0  0
     33    4  7  2  8  1  0
     33    3  7  2  8  0  0
     32    2  2  7  0  0  0
     32    3 10  6  9  0  0
     32    2  3  6  0  0  0
     32    3  6  1  4  0  0
     33    4  2  7  1  8  0
     32    5  1  2  7  8  9
     32    3  1  2  5  0  0
     32    3  2  8  7  0  0
     32    4  3  4  5 10  0
     32    5  3  4  5  8  7
     31    3 10  1  6  0  0
     31    3  4  1  6  0  0
     32    3  5  4  6  0  0
     32    3  5  1  4  0  0
     31    3  2  6  3  0  0
     32    5  2  1  7  6  8
     31    4  6  1 10  9  0
     31    3  4  2  5  0  0
     31    2  1  4  0  0  0
     31    3  4  5  2  0  0
     31    3  1  3  6  0  0
     31    5  4  5  3  2  6
     30    4  1  6  2  7  0
     31    4  6  2  1 10  0
     30    4  1  7  2  8  0
     30    4  6  1  9  2  0
     30    2  6  4  0  0  0
     30    3  3  1  4  0  0
     30    3  3  2  5  0  0
     30    2  1 10  0  0  0
     31    3  1  9  6  0  0
     29    5  4  5  3  6  2
     29    4  7  1  8  2  0
     29    3  3  6  1  0  0
     29    4  6 10  2  1  0
     29    2  5  7  0  0  0
     30    4  1  2  6  7  0
     30    5  1  7  8  2  6
     29    3  3  1  6  0  0
     29    2  2  4  0  0  0
     28    4  5  3  4 10  0
     28    3  3  4  6  0  0
     28    3  6  1  3  0  0
     29    3  6  1  8  0  0
     28    4  1  2  7  9  0
     29    5  7  2  1  8  6
     28    3  1  4  3  0  0
     27    2  1  8  0  0  0
     27    3  4  6  2  0  0
     27    3  2  4  1  0  0
     27    4  3  5  4  9  0
     27    5  7  8  2  1  3
     28    3  4  1  2  0  0
     28    5  2  6  1  7  8
     27    3  6  9 10  0  0
     27    3  1  3  8  0  0
     27    3  1  8  7  0  0
     28    4  1  3  4  5  0
     27    3  2  4  3  0  0
     27    3  2  9  1  0  0
     27    3  1  4  5  0  0
     27    3  2  7  6  0  0
     27    3  6  9  2  0  0
     28    3  5  2  4  0  0
     27    3  4  1  5  0  0
     26    3  9  1  6  0  0
     26    2  2  3  0  0  0
     26    3  1 10  6  0  0
     26    4  1  2  9  6  0
     26    5  5  4  3  7  2
     26    3  1  3  7  0  0
     27    3  6  7  1  0  0
     27    5  7  2  1  6  8
     26    5  2  7  1  8  6
     28    2  6  7  0  0  0
     26    4  2  6  1 10  0
     26    5  3  4  5  1  6
     26    3  2  4  5  0  0
     27    4  6 10  9  1  0
     26    3  1  2 10  0  0
     27    4  8  7  1  2  0
     26    5  4  3  5  2  6
     25    4  2  6  1  7  0
     25    3  6  7  2  0  0
     25    3  6  3  4  0  0
     25    3  5  6  4  0  0
     25    5  2  1  6  8  7
     25    4  2  7  1  6  0
     25    5  3  4  5  7  8
     25    3  1  5  7  0  0
     24    3  2  1 10  0  0
     25    5  5  4  3  2  7
     24    5  4  3  5  1  6
     24    2  4  6  0  0  0
     24    5  5  4  3  6  2
     24    3  1  7  3  0  0
     24    5  1  6  2  7  8
     25    3  9  6  1  0  0
     25    4  4  3  5 10  0
     25    5  2  7  8  1  6
     24    3  5  1  6  0  0
     24    3  2  6  8  0  0
     24    2  2  5  0  0  0
     24    3 10  6  2  0  0
     23    3  4  5  7  0  0
     23    4  7  8  1  6  0
     23    3  7  1  5  0  0
     23    5  8  7  2  1  6
     24    3  3  5  2  0  0
     23    4  6  9  2  1  0
     25    5  4  5  3  7  8
     23    5  5  3  4  7  8
     23    5  6  1  2  7  8
     23    4  1  4  3  5  0
     24    5  7  8  2  1  5
     24    5  4  5  3  1  6
     23    3  3  1  7  0  0
     23    3  2  6  4  0  0
     22    2  4  2  0  0  0
     22    5  7  8  6  2  1
     22    4  5  3  4  6  0
     22    5  5  3  4  1  2
     22    3  6  1  5  0  0
     22    3  3  2  6  0  0
     22    3  4  6  3  0  0
     23    5  3  4  5  1  9
     22    3  3  1  8  0  0
     22    3  6  5  4  0  0
     23    3  2  5  4  0  0
     23    4  4  5  3 10  0
     22    4  1  3  5  4  0
     22    5  1  7  2  8  6
     23    3  2  3  5  0  0
     22    3  3  2  4  0  0
     22    4  1  8  7  2  0
     22    4  2  1  6 10  0
     22    3  1  6  3  0  0
     24    3  7  2  6  0  0
     22    4  7  8  1  9  0
     21    2  2 10  0  0  0
     22    3  7  8  6  0  0
     22    4  2  6  9  1  0
     21    3  5  7  4  0  0
     23    5  2  7  1  6  8
     22    3  5  3  2  0  0
     23    3  2 10  1  0  0
     22    5  3  4  2  1  5
     21    5  4  3  5  6  2
     21    3 10  1  2  0  0
     21    4  1  6  7  2  0
     21    5  7  1  2  8  6
     21    3  5  4 10  0  0
     22    3 10  2  6  0  0
     21    5  6  2  1  7  8
     21    5  7  8  2  6  1
     22    5  5  4  3  8  7
     22    3  1  8  2  0  0
     21    4  1  2  8  7  0
     21    3  1  6  5  0  0
     20    2  5  2  0  0  0
     21    3  7  1  6  0  0
     21    3  1  3  5  0  0
     21    4  2  1  7  9  0
     20    4  6  3  4  5  0
     20    4  1  9  6  2  0
     20    3  6  3  2  0  0
     22    5  2  1  7  8  9
     20    3  1  7  9  0  0
     20    4  2  6 10  1  0
     20    3  5  2  6  0  0
     20    3  3  5  6  0  0
     20    2  8  1  0  0  0
     20    5  7  8  1  6  2
     20    4  1  6 10  9  0
     19    3  2  3  6  0  0
     20    3  5  3  7  0  0
     20    3  9  1  7  0  0
     19    5  4  5  3  2  7
     19    4  3  1  5  4  0
     20    4  7  2  1  6  0
     19    5  4  3  5  1  7
     19    3  4  1  3  0  0
     20    5  7  8  2  1  4
     21    5  3  4  5  6  2
     20    2  6  5  0  0  0
     20    3  1  4  6  0  0
     20    3  3  6  4  0  0
     19    3  2  4  6  0  0
     20    5  3  4  5  6  1
     19    5  3  4  5  1  8
     19    4  4  3  1  5  0
     20    3  5  3 10  0  0
     19    4  3  1  4  5  0
     19    3  1  5  3  0  0
     19    5  6  2  1  8  7
     20    4  4  5  3  7  0
     18    3  5  1  7  0  0
     18    3 10  2  1  0  0
     19    5  5  3  4  6  2
     19    3  3  7  1  0  0
     19    5  5  4  3  2  6
     18    4  4  1  3  5  0
     18    4  6  1 10  2  0
     18    2 10  2  0  0  0
     18    4  3  4  2  5  0
     19    3  2  6  5  0  0
     20    4  6 10  1  2  0
     18    5  7  1  2  6  8
     20    4  5  4  1  3  0
     18    4  6  2  1  8  0
     20    3  5  2  1  0  0
     18    3  5  1  2  0  0
     18    3  4  2  3  0  0
     18    5  3  4  5  2  7
     19    3  1  5  4  0  0
     19    4  1  2  7  3  0
     18    5  5  3  4  7  2
     19    4  2  6  7  1  0
     19    5  4  3  5  7  8
     18    2  3  7  0  0  0
     17    5  1  7  2  8  3
     17    4  6  7  2  1  0
     18    4  1  7  2  9  0
     18    5  7  1  8  2  6
     17    5  3  4  5  2  8
     19    5  4  3  5  2  7
     19    3  9  1  2  0  0
     17    4 10  6  1  2  0
     18    3  2  3  4  0  0
     19    3  6  3  1  0  0
     17    2  5  6  0  0  0
     18    4  6  5  4  3  0
     18    5  4  3  5  6  1
     18    5  5  3  4  1  7
     17    5  5  3  4  6  1
     19    3  6  2  8  0  0
     17    5  3  5  4  6  1
     18    3  2  7  9  0  0
     19    4  6  4  3  5  0
     18    3  3  6  2  0  0
     17    3  6  2  3  0  0
     17    3  6 10  4  0  0
     18    4  1  5  4  3  0
     17    4  6  1  9 10  0
     17    3  3  4 10  0  0
     17    5  5  4  3 10  1
     17    4  6  4  5  3  0
     17    3  5  6  1  0  0
     17    5  1  2  6  8  7
     16    5  5  4  2  1  3
     18    3  1  4  2  0  0
     16    5  7  8  1  2  5
     16    3  7  8  5  0  0
     16    5  5  3  4  7  1
     18    5  4  5  3  8  7
     16    4  1  2  6  8  0
     16    4  4  3  5  7  0
     16    5  1  6  3  4  5
     16    4 10  6  1  9  0
     17    4  1  6  2 10  0
     17    4  4  3  2  5  0
     16    4  3  5  4 10  0
     17    3  6  3  5  0  0
     16    4  6 10  1  9  0
     17    3  3  6  5  0  0
     18    4  4  3  5  9  0
     16    4  1  2  3  7  0
     16    2  6  3  0  0  0
     16    5  5  4  3  1  8
     16    5  1  2  7  6  9
     17    3  1  7  5  0  0
     17    5  1  2  7  9  6
     16    4  1  5  3  4  0
     16    5  3  5  4  2  8
     18    4  7  8  2  6  0
     17    5  4  5  3  1  9
     16    4  5  3  1  4  0
     16    5  2  7  8  1  9
     15    4 10  6  9  1  0
     15    3  1  4  7  0  0
     15    3  4  2  7  0  0
     16    4  1  6  7  8  0
     15    4  2  1  6  8  0
     15    4  7  2  1  9  0
     16    5  2  1  8  7  6
     15    5  2  1  6  9  7
     16    5  1  7  2  6  8
     15    3  3  4  7  0  0
     16    2  6  8  0  0  0
     16    5  4  5  3  1  7
     16    4  2  5  4  3  0
     15    5  4  5  3  7  1
     16    5  2  1  7  6  9
     15    5  6  1  3  4  5
     17    4  2  1  8  7  0
     15    3  5  1 10  0  0
     15    5  4  5  3  1 10
     16    3  1  6  8  0  0
     15    4  3  2  1  6  0
     15    4  6  2  7  1  0
     15    4  3  5  4  6  0
     16    5  2  7  8  6  1
     15    2 10  5  0  0  0
     15    5  3  4  5  1  7
     15    3  5  1  3  0  0
     18    5  7  2  1  8  9
     15    5  5  4  3  6  7
     16    5  3  4  5  2  6
     14    4  1  7  8  9  0
     15    3  7  1  9  0  0
     14    4  2  8  7  1  0
     15    2 10  9  0  0  0
     14    5  1  2  3  4  5
     16    3  1  9  7  0  0
     14    4  6  1  2  4  0
     15    3  2  9  6  0  0
     15    4  6 10  2  9  0
     15    4  5  3  4  9  0
     16    2  7  6  0  0  0
     14    3  7  6  8  0  0
     16    3  1  6  4  0  0
     14    4  3  2  1  5  0
     14    5  1  2  7  8  3
     15    3  6  4  3  0  0
     14    4  2  1 10  6  0
     15    5  2  6  7  1  8
     14    4  3  4  5  7  0
     15    4  4  5  3  9  0
     15    3  5  3  6  0  0
     14    4  3  4  2  1  0
     14    4  1  7  8  6  0
     14    5  6  1  2  7  9
     15    4  6  2  9  1  0
     13    3  3  5  7  0  0
     13    3  8  2  1  0  0
     14    5  3  4  5  1 10
     14    4  5  3  4  8  0
     14    3 10  4  5  0  0
     16    5  1  2  9  7  8
     13    5  3  5  4  7  2
     16    4  1  6  9 10  0
     14    3  1  3 10  0  0
     13    5  5  4  3  1  9
     13    3  4  7  1  0  0
     14    2  2  8  0  0  0
     13    4  4  3  1  2  0
     13    4  4  6  5  3  0
     13    3  7  2  5  0  0
     14    4  4  2  1  5  0
     13    4  6  1  2  8  0
     13    5  3  2  1  4  5
     15    2  9  6  0  0  0
     14    3  2  8  1  0  0
     14    5  5  3  4  1  6
     14    3  2  5  3  0  0
     14    4  1  7  6  2  0
     14    3  1  9  3  0  0
     13    5  1  7  8  2  9
     14    3  7  6  1  0  0
     13    4  2  9  1  6  0
     13    3  1  5  6  0  0
     14    4  6  2 10  9  0
     13    4  1  6  2  3  0
     14    5  7  8  2  1 10
     14    5  3  5  4  1  6
     13    5  2  4  3  5  1
     13    5  3  1  5  4  6
     14    5  7  2  1  8  3
     13    2 10  3  0  0  0
     13    5  1  7  2  9  8
     13    5  1  2  7  8  4
     13    5  2  1  7  9  6
     12    4  5  1  4  3  0
     13    3  7  1  3  0  0
     14    5  7  8  2  9  1
     13    4  2  1  7  4  0
     12    5  4  5  3 10  1
     12    3  6  5  2  0  0
     14    3  3  8  1  0  0
     12    5  2  1  4  3  5
     13    3  3  7  2  0  0
     15    5  2  1  5  4  3
     12    4  1  6  9  7  0
     13    5  2  6  1 10  9
     12    3  4  3  7  0  0
     13    4  5  4  2  1  0
     12    5  1  5  4  3  6
     13    4  6  2  1  5  0
     12    2  3  8  0  0  0
     12    5  3  4  5  6 10
     13    5  3  5  4  1  7
     12    3  6  4 10  0  0
     12    4  6  1  7  2  0
     13    4  4  2  6  1  0
     12    5  7  1  8  6  2
     12    5  6  1  2 10  9
     13    5  4  5  3 10  6
     13    4 10  6  2  1  0
     12    5  5  4  3 10  6
     13    5  1  5  4  3  7
     12    4  2  7  8  9  0
     12    4  6 10  9  2  0
     12    5  1  2  7  9  8
     12    5  3  2  1  5  4
     12    5  3  4  1  2  5
     13    5  1  6  7  2  8
     13    5  2  4  5  3  1
     12    3  3  1  9  0  0
     12    4  2  7  6  1  0
     12    2  7  3  0  0  0
     11    3  1  5  9  0  0
     13    3  6 10  3  0  0
     14    4  3  4  5  8  0
     13    5  2  1  3  5  4
     11    5  8  7  2  1  9
     11    5  2  1  6  5  4
     11    5  6  1  2  8  7
     13    5  7  8  1  2  3
     12    5  1  7  2  8  9
     12    4  2  4  3  5  0
     15    5  2  6  1  7  9
     14    3  4  7  5  0  0
     11    5  4  5  3  6  7
     12    5  1  2  8  7  6
     14    4  9  1  6  2  0
     11    3  5  6  3  0  0
     12    4  3  1  2  7  0
     12    3  7  1  4  0  0
     12    2  3  9  0  0  0
     13    4  1  6 10  2  0
     11    5  1  3  4  5  6
     12    3  2  5  7  0  0
     11    5  6  7  8  2  1
     11    3  5  7  2  0  0
     11    4  6  4  2  1  0
     12    5  3  4  5  7  1
     13    3  2  7  5  0  0
     11    3  8  3  4  0  0
     14    3  3  2  7  0  0
     11    5  6  1  2  9 10
     11    4  2  6  1  3  0
     11    4  1  2  8  6  0
     12    3  8  1  7  0  0
     12    3  2  5  6  0  0
     12    4  2  4  5  3  0
     11    3  4  5 10  0  0
     12    5  3  4  5 10  1
     12    3  2  7  4  0  0
     12    5  5  3  4  2  6
     12    3  9  6  2  0  0
     13    4  7  1  8  6  0
     11    3 10  6  5  0  0
     12    4  5  4  3  8  0
     11    3  1 10  9  0  0
     11    5  2  1  3  4  5
     10    5  2  1  6  7  9
     13    4  2  1  9  7  0
     10    4  3  2  1  4  0
     12    4  1  2  6 10  0
     11    4  1 10  6  9  0
     11    5  2  1  7  8  5
     11    4  1  9  2  6  0
     13    3 10  9  6  0  0
     10    3  7  3  1  0  0
     12    4 10  1  6  9  0
     10    4  7  1  2  9  0
     10    5  6  1  7  2  8
     12    4  2  1  8  6  0
     12    4  1  2  9  7  0
     10    5  4  3  5  6 10
     10    3  7  8  9  0  0
     11    4  7  8  2  9  0
     11    5  3  4  5  7  2
     10    3  9  2  6  0  0
     11    5  4  3  5 10  1
     11    5  3  4  5  2 10
     11    3  2 10  6  0  0
     10    4  6  2  1  3  0
     10    5  7  1  2  8  9
     10    4  4  1  5  3  0
     10    3  9  2  1  0  0
     11    3  1  8  3  0  0
     10    5  1  6  2  9  7
     10    4  6  1  2  3  0
     10    5  4  3  5  8  7
     10    5  3  5  4  8  2
     12    5  1  7  8  2  5
     10    4  2  6  1  4  0
     10    4  3  7  2  1  0
     12    4  2  6  1  8  0
     10    5  1  2  4  3  5
     10    4  4  5  1  3  0
     10    4  3  4  6  5  0
     10    4  6  2  9 10  0
     10    4  2  7  1  9  0
     10    4  1  7  6  8  0
     10    3 10  1  9  0  0
     11    3  4  3 10  0  0
     12    3  5  2  3  0  0
     10    5  3  5  4  1 10
     10    4  2  6  1  5  0
     10    4  4  5  6  3  0
     11    5  3  5  4  1  8
     11    4  1  3  4  2  0
     11    4 10  3  4  5  0
     12    3  5  6  2  0  0
     10    3  2  3 10  0  0
     10    5  3  4  5  8  1
     11    5  2  7  1  6  9
     10    5  2  6  1  9  7
     10    4  8  7  1  6  0
     10    4  4  5  2  3  0
     11    3  5  2  7  0  0
     11    5  4  3  5  2  8
     11    5  1  7  8  2  3
     10    3  3  5  9  0  0
     12    4  5  1  3  4  0
     10    5  5  4  3  6 10
     11    5  4  5  3  2  8
     11    5  3  5  4  1  9
     11    4  6  2  1  4  0
      9    4  6  1  9  7  0
     10    4  1  2  3  6  0
      9    5  6  1 10  2  9
      9    5  1  3  4  5  2
     10    4  2  1  3  8  0
     11    4  4  7  1  5  0
     10    4  6  4  1  5  0
      9    3 10  6  4  0  0
     10    5  3  5  4  2  6
     10    3  6  5  3  0  0
      9    5  3  4  5  2  9
     10    5  1  7  6  8  2
     12    3  7  6  2  0  0
     10    5  2  7  6  1  8
     10    5  5  4  1  2  7
     11    4  6  2 10  1  0
      9    5  1  2  7  8  5
     10    5  6  1  2  9  7
     10    4  7  8  1  3  0
     10    5  1  3  4  2  5
      9    5  1  7  6  2  8
     10    5  6  2  1  7 10
      9    5  4  3  6  1  5
     10    3  6 10  7  0  0
     11    2  4  7  0  0  0
     11    5  6  7  1  2  8
      9    5  1  8  7  2  6
      9    3  4  7  6  0  0
     11    5  3  1  5  4  2
     10    5  7  8  6  1  2
     13    5  2  7  1  9  6
     10    5  1  2  7  3  8
     11    5  3  5  4  7  1
      9    5  6  1  7  8  2
      9    3  2  3  9  0  0
     10    4  6  4  2  5  0
     11    4  7  1  5  8  0
      9    4  2  6 10  9  0
     11    5  2  1  7  4  8
      9    3  6  5  1  0  0
     11    5  5  4  3  7  6
      9    5  4  1  2  3  5
     10    5  4  3  2  1  5
     13    5  4  3  5  7  1
     12    2  7  5  0  0  0
     11    4  2  8  1  7  0
      9    4  2  4  1  5  0
     10    5  4  7  2  1  5
     11    5  4  5  1  3  2
     11    4  6  9  1  2  0
      9    5  6  1  2  4  5
     10    5  7  2  8  1  6
      9    5  2  1  6  7  4
      9    5  4  5  3  7  2
      9    5  3  4  1  5  2
      9    4  1  9  2  7  0
      9    2  9  3  0  0  0
     10    5  7  1  6  8  2
      9    3  2  3  7  0  0
     10    3  3  2  9  0  0
     10    5  6  2  1  7  9
      9    5  6  2  1 10  7
     10    3  3  4  9  0  0
      9    4  4  2  1  6  0
     10    3  2  7  3  0  0
      9    3  2  8  6  0  0
      9    4  6  9  1 10  0
      9    4  1  4  5  3  0
     10    5  8  7  1  2  6
      9    3  4 10  1  0  0
      9    5  3  4  5  6  9
      9    5  5  4  3 10  2
     10    2  9  2  0  0  0
     10    3  3  5 10  0  0
      9    4  2  1  7  5  0
     10    2  3 10  0  0  0
      9    4  5  4  1  7  0
     10    3  1  3  9  0  0
      9    5  2  6  7  8  1
      8    4  9  6  1  2  0
      9    5  7  8  5  4  3
      8    4  7  8  6  1  0
      8    4  2  4  3  1  0
     11    3  9  1  3  0  0
      8    4  1  6  2  5  0
      9    3  5  7  3  0  0
     10    5  5  4  3  1 10
      8    5  6  2  5  4  3
     11    5  4  2  1  5  3
      8    5  6  1  5  4  3
     10    3  3  2  8  0  0
      8    5  4  5  2  3  6
      8    4  2  1  6  3  0
     10    5  1  2  6  9  7
      9    5  2  6  1  5  4
     10    5  2  6  1  8  7
      9    5  3  4  2  5  1
     10    5  3  4  5  8  2
      8    4  2  1  4  6  0
      9    3  7  5  1  0  0
      9    3  4  6 10  0  0
     10    5  1  5  4  3  2
      8    3  6  3 10  0  0
      9    4  4  6  3  5  0
     11    5  4  3  5  1 10
      9    5  2  7  1  9  8
     10    5  2  1  4  5  3
      9    3  5  4  8  0  0
      8    4  1  5  4  2  0
     11    5  6  2  1  9  7
     10    5  1  6  7  8  2
     11    4  2  6  9 10  0
      9    5  3  4  5 10  6
      8    5  6 10  1  2  9
      8    4  2  1  3  6  0
     10    2  8  2  0  0  0
     10    4  1  2  7  4  0
     11    3  2 10  9  0  0
     10    4  5  7  4  3  0
      9    4  5  4  7  3  0
     10    5  2  1  9  7  8
      8    5  6  5  4  3  2
     12    5  2  1  9  6  7
      8    5  1  2  6  3  8
      8    5  5  3  4  1 10
      8    5  5  1  7  4  3
      9    5  5  3  4  2  7
      9    3  6  8  1  0  0
      9    5  4  2  5  3  6
     10    3  4  3  8  0  0
      9    4  4  3  6  5  0
      8    4  7  1  9  8  0
      9    2  7  4  0  0  0
     10    3  9  7  8  0  0
      8    5  3  4  5  6  7
      8    3  7  8  4  0  0
      8    3  1  7 10  0  0
     10    5  2  1  7  8  4
      8    5  7  1  8  2  3
      8    5  5  3  4  8  7
     10    3  4  1 10  0  0
     11    4  1  7  2  6  0
      8    4  2  6  3  1  0
     10    2  5 10  0  0  0
     11    4  1 10  6  2  0
      7    4  1  9  3  2  0
      9    4  9  1  2  7  0
      8    4  1  7  8  3  0
      8    5  1  4  5  3  2
      7    2  4 10  0  0  0
      9    4  1  2  7  5  0
      8    4  3  4  1  2  0
      9    3  3  4  8  0  0
      9    4  3  1  6  2  0
      8    5  6  2  1  5  4
      8    5  2  8  7  1  9
      9    4  3  5  4  8  0
      8    3  6 10  5  0  0
      7    5  4  5  3  2 10
      7    3 10  4  1  0  0
      9    3  7  5  2  0  0
      8    4  7  1  6  2  0
      7    5  5  3  4  1  9
      7    4  7  8  6  2  0
      7    5  7  2  6  1  8
      9    3  4 10  5  0  0
      7    3  7  8 10  0  0
      8    4  1  3  7  2  0
      7    5  2  4  3  1  5
      9    5  1  5  7  4  3
      7    5  2  1  7  3  8
      7    2  9  7  0  0  0
      8    5  1  3  5  4  7
      8    3  8  7  6  0  0
      8    5 10  3  4  5  1
      8    5  6  3  4  2  1
      8    4  1  9  6 10  0
      7    3  1 10  7  0  0
      9    3  7  5  8  0  0
      9    3  3  1 10  0  0
      7    5  2  6 10  1  9
      8    5  7  2  1  5  8
      8    4  1  6  7  9  0
      7    5  7  8  1  4  2
      7    5  7  1  6  2  8
      7    5  2  6  1  7 10
     12    3  1  5  2  0  0
      7    4  3  1  6  5  0
      9    5  8  7  1  2  3
      9    4  2  1  7  3  0
      7    3  6  5  7  0  0
      7    4  2  6  7  8  0
      8    3  8  1  6  0  0
      8    3  9  6 10  0  0
      8    3  5 10  4  0  0
      7    5  6  1  2  3  4
      9    4  4  3  2  1  0
     10    5  5  1  4  3  2
      8    5  1  4  3  5  2
      7    5  2  6  8  7  1
      7    5  2  1 10  6  9
      7    4 10  1  2  6  0
      8    3  4  7  2  0  0
      7    3  7  5  4  0  0
      7    5  2  3  5  4  1
      9    4  5  7  1  4  0
      7    5  1  3  4  5  8
      8    5  6  2  1 10  9
      7    5  2  1  8  7  3
      7    5  3  1  4  5  6
      9    3  9  6  7  0  0
      9    5  8  7  2  1  4
      7    5  1  6  9  2  7
     10    5  5  1  4  3  7
      9    4  2  1  9 10  0
      9    4  3  2  1  7  0
      7    5  5  3  2  1  6
      8    3  4 10  6  0  0
      8    3  7  2  9  0  0
      8    4  2  1  6  4  0
      7    3  6  7  5  0  0
      9    5  5  4  1  3  2
      8    5  2  1  5  7  4
      8    3  3  8  7  0  0
      8    4  6  2  3  1  0
      7    5  3  5  2  4  1
      7    4  1  6  8  2  0
      8    4 10  1  9  6  0
      7    3  6  4  7  0  0
     10    5  2  1  9  8  7
      7    4 10  1  6  2  0
      7    5  2  1  5  3  4
      7    5  1  2  8  7  9
      7    4  4  2  1  9  0
      8    5  6  2 10  1  9
      9    4  1  2  4  3  0
      8    5  2  1  6  9  8
      7    5  4  6  2  5  3
      8    5  6  1  2  4  3
      7    5  2  5  4  3  6
      7    5  1  2  9  6  7
      6    4  5  6  4  3  0
      8    4  6  3  5  4  0
      6    3  2  3  8  0  0
      8    4  1  3  7  6  0
      9    3  3 10  1  0  0
      7    5  4  5  6  3  2
      6    3  7  4  2  0  0
      6    3  4  5  9  0  0
      7    5  2  1  6  7  5
      9    5  6  2  4  1  5
      6    5  2  3  4  1  5
      7    5  5  4  1  7  3
      7    5  2  6  4  1  5
      8    4  2 10  6  1  0
      7    5  4  3  5  2 10
      6    5  2  7  1  8  5
      7    3  8  7  5  0  0
      6    4  1  2  3  8  0
      7    4  3  6  4  5  0
      7    5  1  7  8  6  2
      6    5  5  4  3  6  9
      8    3  1 10  2  0  0
      7    4  2  1  4  9  0
      7    5  7  8  9  1  2
      7    3  4  5  8  0  0
      6    4  6  1  3  2  0
      6    5  2  1  7  9  8
      7    5  5  4  3 10  9
      7    4  1  7  6  9  0
      6    4  2  7  8  6  0
      7    5  5  3  1  2  4
      8    3  5  3  9  0  0
      6    5  5  1  4  3  6
      8    5  5  4  3  8  1
      8    4  2  7  6  8  0
      6    5  2  8  1  7  6
      7    4  2  6  8  7  0
      6    5  7  1  2  3  8
      6    5  2  1  3  8  7
      7    3  9  1  4  0  0
     11    4  7  1  6  8  0
      6    5 10  1  3  4  5
      7    5  2  1  6  9 10
      6    5  2  1  3  5  8
      7    4  2  1  4  3  0
      7    4  9  2  1  6  0
      6    4  6  4  7  2  0
      6    4  1  9  7  2  0
      8    5  3  1  4  5  2
      7    5  6  1  2  5  4
     10    4  3  5  2  1  0
      7    2  4  9  0  0  0
      8    4  6  2  4  1  0
      7    3  2  4  7  0  0
      7    4  7  8  3  1  0
      6    3  5  4  9  0  0
      7    3  8  7  9  0  0
      8    5  2  1  6  4  5
      6    5  1  2  7 10  6
      7    4  3  2  6  1  0
      6    4  7  6  2  1  0
      6    4  1  2  6  3  0
      7    5  5  7  1  4  3
      6    4  1  5  4  7  0
      7    5  1  2  7  5  6
      7    4  9  6  2  1  0
      6    4  1  8  7  9  0
      7    4  9  3  4  5  0
      6    5  6  2  4  5  3
      6    5  7  2  1  3  8
      7    3  6  3  7  0  0
      7    5  4  5  7  2  1
      7    3  1  5 10  0  0
      8    4  6  1  8  2  0
      6    4  3  1  7  2  0
      7    3 10  1  3  0  0
      7    4  2  7  1  5  0
      7    3  1  4  9  0  0
      7    4  3 10  4  5  0
      6    5  7  1  8  3  2
      6    5  2  1  7  5  8
      6    4  2  1  5  4  0
      6    4  1  5  2  7  0
      7    3  7  4  1  0  0
      6    4 10  6  2  9  0
      6    5  2  1  8  6  7
      6    5  3  4  5  9  2
      7    5  1  6  7  8  9
      8    4  6  1  3  9  0
      6    5  3  4  1  5  6
      6    5  2  1  7  4  5
      6    5  6  1  2  9  3
      7    4  1  6  2  8  0
      6    5  6  2  7  1  9
      6    5  4  5  3  6  9
      9    5  6  7  2  1  8
      6    5  1  7  2  5  8
      8    4  1  6  8  7  0
      7    5  4  3  5  7  2
      7    4  5  2  4  3  0
      6    3 10  1  4  0  0
      7    4 10  6  9  2  0
      7    4  4  5  3  8  0
      9    4  2  7  1  4  0
      8    3  2  8  5  0  0
      7    4  3  4  1  7  0
      6    4  3  5  6  4  0
      6    5  4  2  3  5  1
      6    5  4  5  3  7  6
      6    4  1  2  3  9  0
      6    5  8  7  2  4  3
      6    5  5  4  7  1  3
      6    5  2  6  1  7  5
      8    3  2  5  1  0  0
      7    5  8  7  2  1  3
      6    5  6  2  7  1  8
      6    5  2  3  4  5  6
      6    5  1  2  3  7  8
      7    3  8  2  6  0  0
      6    4  1  8  7  3  0
      7    4  1  3  2  7  0
      7    5  8  7  2  6  1
      7    5  4  6  1  5  3
      7    5  6  4  3  5  1
      7    4 10  4  5  3  0
      6    4  3  5  1  6  0
     10    4 10  5  4  3  0
      8    4  3  5  4  7  0
      7    5  1  6  8  7  2
      6    3  3  7  5  0  0
      6    5 10  6  1  2  9
      8    3  9  7  1  0  0
      7    3  7  2  3  0  0
      7    3  4  6  7  0  0
      6    4  3  1  2  5  0
      6    5  6  4  2  1  5
      6    5  7  8  1  3  2
      6    5  1  6  2  9 10
      9    5  8  7  2  1  5
      6    5  7  8  1  5  3
      6    5  1  7  8  9  2
      6    4  8  1  2  3  0
      6    4  4  3  6  1  0
      5    5  2  7  1  8  9
      6    4  1  9 10  6  0
      5    3 10  4  6  0  0
      6    5  1  5  4  3  8
      7    5  2  7  1  8  3
      7    5  2  1  7  8  3
      7    3  1  9 10  0  0
      7    5  6  2  1  9 10
      6    5  1  5  2  7  4
      5    5  1  6  2  5  3
      8    4  5  7  2  1  0
      6    3  3  7  8  0  0
      5    4  1  6  3  8  0
      6    5  1  6 10  2  9
      5    3  5  6  7  0  0
      7    3  6  9  4  0  0
      8    3  1  7  4  0  0
      7    5  7  8  2  5  3
      5    4  2  3  1  8  0
      6    5  2  5  4  3  1
      6    4  9  6 10  1  0
      7    4  1  3  6  2  0
      8    5  7  2  6  8  1
      7    4  1  7  2  3  0
      6    4  6  1  7  8  0
      6    3  1  8  9  0  0
      6    4  6  5  3  4  0
      5    4  5  2  1  7  0
      6    4  1  7  3  8  0
      5    5 10  6  2  1  9
      5    3 10  9  1  0  0
      7    3  9 10  1  0  0
      5    5  5  7  4  1  3
      7    3  4  1  7  0  0
      5    5  1  2  4  3  6
      6    5  1  9  7  8  2
      5    5  4  3  2  5  6
      6    3  2  8  3  0  0
      5    5  1  2  9  8  7
      6    3  7  1 10  0  0
      5    4  1  6  5  2  0
      6    4  2  4  1  3  0
      6    5  7  8  1  5  2
      6    4  7  6  1  2  0
      7    5  9  3  4  5  1
      6    4  7  1  8  5  0
      6    4  1  7  8  5  0
      5    4  1  6  4  2  0
      5    5  1  2  7  3  5
      6    2 10  4  0  0  0
      6    5  6  9  2  1 10
      5    5  4  5  1  3  7
      5    3  3  8  6  0  0
      7    4  5  4  7  2  0
      5    4  7  8  9  2  0
      5    5  1  4  3  5 10
      6    4  3  5  1  2  0
      7    5  6  1  2  7  4
      8    4  8  7  1  9  0
      5    5  2  7  1  5  8
      6    3  2  9  8  0  0
      7    5  2  1  8  7  9
      5    5  2  6  1  5  7
      5    4  6  2  7  8  0
      5    5  5  3  1  4  2
      5    3  4 10  3  0  0
      6    4 10  5  3  4  0
      5    5  6  4  1  3  5
      5    5  2  1  9  6 10
      6    5  2  1  6 10  7
      8    5  1  6  2  8  7
      8    5  7  8  1  9  2
      5    5  3  2  5  4  1
      6    4  6  7  1  2  0
      5    5  3  4  1  6  8
      5    5  3  5  4  6  9
      6    4  4  1  5  2  0
      5    3  5  2 10  0  0
      6    5  7  8  2  6  9
      5    4  1  2  5  6  0
      9    5  3  5  4  7  8
      6    5  2  1  6  7  3
      7    5  6  1  2  3  8
      7    5  1  3  8  7  2
      6    4  9  1  2  6  0
      7    5  1  2  7  3  6
      7    3  5  7  8  0  0
      5    5  6  2  1  3  9
      6    3  3 10  4  0  0
      5    5  7  8  2  3  1
      7    4  3  7  1  2  0
      5    5  5  4  3  9  1
      5    4  4  2  3  5  0
      6    5  5  4  3 10  8
      5    5  4  3  1  2  5
      7    5  5  4  3  2  8
      7    4  1  6  2  4  0
      5    5  6  2  1  8 10
      5    5  4  3  2  5  1
      6    5  5  2  3  4  1
      6    4  5  3  2  1  0
      6    5  4  5  3 10  2
      5    4  2  5  1  7  0
      5    3 10  2  9  0  0
      8    4  8  2  1  7  0
      5    5  6  1  3  7  2
      5    3  3  2 10  0  0
      5    5  7  5  1  4  3
      5    5  1  8  2  7  6
      7    3  5  7  9  0  0
      6    5  5  2  4  3  1
      6    2  7  9  0  0  0
      7    4  2  6  8  1  0
      6    5  1  2  7  4  6
      5    5  5  4  7  3  8
      7    4  6  1  3  5  0
      5    5  2  6  4  5  3
      6    4  1  3  2  8  0
      6    4  6  1  5  4  0
      5    4 10  2  6  1  0
      7    5  5  4  3 10  7
      6    5  4  5  2  1  3
      5    5  5  4  1  3  6
      6    5  4  5  1  2  7
      7    5  1  4  3  5  7
      7    5  3  1  2  7  8
      5    5  4  2  1  6  5
      5    4  1  8  7  6  0
      7    4  2  1  6  5  0
      8    5  2  1  6  4  7
      5    5  1  6  4  5  3
      6    4  7  2  1  4  0
      6    4  4  6  5  1  0
      6    5  3  2  1  5  8
      5    5  5  7  4  3  2
      5    4  6  8  2  1  0
      5    5  5  3  4 10  6
      5    5  1  7  3  8  2
      6    5  1  7  8  2  4
      5    5  6 10  2  1  9
      7    5  2  1  6  7 10
      6    3  3  5  8  0  0
      6    3  9  1  5  0  0
      5    5  6  4  5  2  1
      5    3  3  8  5  0  0
      6    3 10  1  5  0  0
      8    4  7  8  2  5  0
      7    3  5  6 10  0  0
      6    5  4  3  5  2  9
      5    3  4  1  9  0  0
      5    2  9 10  0  0  0
      5    5  4  3  5  1  9
      5    4  5  3  7  4  0
      7    5  3  1  2  4  5
      5    4  6  5  2  7  0
      7    5  1  2  5  4  3
      7    4  3  5  1  4  0
      6    5  6  2  3  4  5
      6    5  6  1  3  2  5
      8    4  2  1  3  7  0
      6    3  3  9  1  0  0
      6    3  6  3  9  0  0
      7    4  1  2  9  3  0
      4    5  2  4  5  1  6
      4    5  7  1  4  2  5
      5    5  2  7  1  8  4
      4    4  7  1  8  4  0
      7    4  3  2  5  4  0
      5    4  2  6  4  1  0
      6    3  6  7  9  0  0
      6    3 10  4  3  0  0
      7    5  6  1  2  8  3
      4    5  1  6  5  3  4
      5    5  1  2  8  9  7
      5    5  2  6  1 10  8
      6    5  5  3  4 10  2
      5    5  1  7  8  3  4
      6    4  2  1  8  3  0
      5    5  4  1  6  5  3
      6    5  2  1  7  4  3
      5    5  6  1  4  5  2
      5    5  4  5  6  2  1
      5    5  3  5  1  2  4
      7    4  3  2  5  1  0
      5    5  4  5  2  3  1
      6    5  1  2  6 10  9
      5    5  5  1  4  3  9
      4    4  4  1  5  6  0
      7    4  5  2  7  1  0
      6    4  2 10  1  6  0
      5    4  4  3  2 10  0
      6    5  3  8  7  2  1
      4    4  6  1  9  8  0
      4    5  1  2 10  6  9
      5    4  6  1  5  7  0
      7    4  9  6  1  7  0
      4    5  2  1  7  8 10
      4    3  4  8  2  0  0
      7    3  8  1  2  0  0
      6    5  1  2  3  5  4
      5    5  3  1  4  2  5
      6    5  3  6  4  5  1
      4    5  3  4  5  9  6
      5    5  1  2  6  3  4
      5    5  6  2  1  9  8
      5    4  6  1  5  2  0
      7    4  6  9 10  1  0
      4    5  2  7  8  6  9
      6    4  4  7  2  1  0
      7    3  8  3  1  0  0
      7    5  6  3  4  5  1
      5    5  4  7  3  5  8
      4    5  1 10  2  7  6
      5    3  9  2  3  0  0
      5    5  2  6  1  3  8
      4    4  7  2  3  1  0
      6    5  3  1  6  4  5
      4    4  4  5 10  3  0
      6    5  6  4  2  5  1
      8    4  1  2  6  5  0
      6    3  1  9  8  0  0
      4    4  4  2  1  3  0
      5    4  8  1  9  2  0
      4    5  4  1  3  2  5
      6    4  6  4  5  2  0
      4    5  3  4  2  5  6
      6    5  4  2  6  1  5
      4    5  3  5  1  2  6
      7    4  7  1  8  9  0
      6    5  7  8  2  5  4
      6    4  7  3  1  5  0
      5    3  7  3  2  0  0
      5    5  1  6  2  7  4
      7    4  7  2  6  1  0
      6    5  1  3  5  4  6
      4    5  2  1  4  8  6
      5    5  3  5  1  4  6
      4    5  6  4  3  5 10
      4    3  4  7  8  0  0
      4    4  2  7  1  3  0
      4    5  5  4 10  1  3
      5    4  2  4  5  1  0
      5    4  5  1  2  6  0
      6    3  3 10  6  0  0
      4    4  1  2  8  3  0
      5    4  9  7  2  1  0
      4    5 10  3  4  5  6
      5    5  6  2  1  5  7
      4    4  7  1  3  8  0
      6    4  5  4  6  1  0
      5    4  1  7  2  4  0
      4    5  1  7  8  2 10
      6    5  7  8  1  2  4
      4    5  3  6  4  2  5
      7    5  3  5  4  2  7
      6    4  6  1  2  5  0
      4    3  9  4 10  0  0
      6    4  5  1  7  4  0
      4    5  3  7  8  2  1
      5    5  3  7  1  2  6
      4    5  2  9  6  7  1
      5    5  5  4  3  2  9
      6    5  8  7  1  6  2
      4    5  1  6  4  3  5
      5    5  2  6  9  1  8
      7    4  2  9  6  1  0
      5    4  7  2  8  6  0
      6    5  1  8  7  2  3
      5    5  6  2  8  7  1
      8    3  8  2  7  0  0
      4    5  1  7  2  6  9
      7    5  2  3  4  5  1
      6    5  3  6  2  1  5
      5    5  7  1  5  4  3
      4    4  4  1  7  2  0
      4    5  3  4  1  8  6
      5    4  2  1  8  9  0
      6    5  5  7  4  3  8
      7    3  6  7  4  0  0
      4    5  8  7  2  3  4
      6    5  7  2  1  9  6
      4    5  3  2  1  5  7
      5    5  7  2  1  8  4
      4    5 10  5  3  4  1
      5    4  9  2  1  7  0
      5    4  8  7  2  9  0
      5    5  2  4  1  3  7
      7    5  2  6  1  9 10
      4    5  4  5  3  1  8
      4    5  1  6  4  2  5
      4    3  9 10  6  0  0
      6    5  2  4  3  5  7
      6    4  3  5  2  4  0
      4    4  2  5  3  1  0
      4    3  7  9  8  0  0
      4    4  1  2  9 10  0
      4    5  1  2  6  8  3
      5    5  1  2 10  6  7
      6    3  3  6  9  0  0
      7    5  4  5  1  7  3
      4    5  2  6  1  8 10
      5    4  1  2  5  3  0
      6    4  2  1  4  5  0
      5    4  6  3  4  2  0
      4    5  6  1  7  8  9
      5    4  2  3  1  9  0
      4    5  1  2  6  5  4
      6    4  1  7  2  5  0
      5    5  2  7  8  1  3
      7    5  5  4  3  6  8
      6    5  2  3  1  5  4
      4    5  6  1  9  7  2
      5    4  1  2  4  6  0
      6    5  4  3  5  9  2
      5    5  6  2  7  8  1
      7    2  8  3  0  0  0
      5    5 10  3  5  4  1
      6    5  3  4  2  1  6
      4    5  1  6  2 10  9
      5    5  7  8  3  1  2
      5    5  6 10  5  4  3
      5    3  8  6  1  0  0
      6    3  3  7  4  0  0
      4    5  1  2  9 10  6
      6    5  2  7  6  8  1
      5    5  7  2  8  6  1
      7    4  4  5  2  1  0
      4    5  2  1  3  6  7
      4    5  2  6  1  7  4
      4    5  2  1  9  8  6
      6    5  2  6  1  3  4
      7    5  7  8  1  3  4
      5    5  9  6  1  2 10
      6    5  6  9  1  2  7
      5    2  9  4  0  0  0
      4    5  5  1  4  6  7
      6    2  5  9  0  0  0
      5    5  2  1  5  8  7
      5    5  9  6  1  2  7
      6    4  1  9  2 10  0
      4    5  1  5  3  4  2
      6    5  6  1  5  3  4
      4    5  5  2  1  7  3
      5    4  4  5  6  1  0
      5    4  6  9  2  8  0
      5    5  4  5  6  1  3
      4    5  4  2  6  5  1
      4    5  2  4  6  5  1
      6    3  6  8  9  0  0
      6    5  2  8  7  1  6
      5    3 10  7  2  0  0
      4    5  3  1  2  6  8
      4    4  7  8  9  1  0
      5    5  1  8  7  2  9
      4    4  7  8  1  4  0
      4    4  1  2  3  5  0
      4    4  1  5  4  6  0
      4    5  2  6  1  3  5
      4    5  2  5  4  3  8
      4    3  9  1 10  0  0
      4    5  3  5  4  2  9
      6    3 10  6  3  0  0
      4    5  4  2  5  1  3
      5    4  7  3  2  1  0
      5    5  6  1  9  2 10
      6    4  1  7  3  2  0
      5    3  1  9  4  0  0
      5    4  6  9  1  7  0
      6    4  4  3  5  8  0
      6    4  1  7  9  6  0
      4    5  1  6  2  7  3
      5    4  1  2  4  8  0
      5    5  1  2  5  3  4
      6    3  1 10  3  0  0
      6    4  2  4  3  6  0
      4    4  4  3  1  6  0
      4    4  4  1  6  3  0
      4    5  4  5  2  3  7
      5    5  3  1  7  8  5
      4    5  6 10  7  2  1
      6    5  2  6  7  8  9
      3    5  1  7  5  8  4
      5    5  6  5  4  3  1
      4    5  7  1  4  8  2
      4    5  1  2  6  4  3
      5    4 10  2  1  9  0
      3    4  3  4  8  5  0
      5    4  6  2  4  3  0
      5    5  1  2  7  9 10
      4    5  1  7  4  8  5
      5    3  1 10  5  0  0
      3    5  2  1  3  7  5
      4    4  2  3  1  6  0
      5    5  1  2  4  7  8
      3    5  2  7  1  4  8
      5    4 10  2  6  9  0
      3    3 10  3  2  0  0
      5    4  4  6  2  5  0
      5    5  1  2  9  6  8
      3    5  1  6  2 10  3
      5    5  5  6  4  3  1
      4    4  2  5  7  1  0
      4    4  2  9  7  1  0
      5    5  5  3  4  6  9
      4    5  1  2  4  7  5
      4    4  8  1  2  6  0
      4    4  8  2  1  6  0
      4    5  2  6  1 10  3
      3    5  4  1  2  6  5
      5    5  1  6  7  2  9
      3    4  9  4  3  5  0
      3    4  2  9  1  7  0
      3    5  2  9  6  1 10
      4    5  1  2  8  7  4
      6    5  3  4  5  8  6
      5    3  2  8  4  0  0
      4    4  4  5  7  1  0
      6    4  4  5  2  6  0
      4    4  5  6  3  4  0
      3    4  1  3  7  4  0
      6    4  7  1  2  6  0
      3    5  4  2  1  5  6
      3    5  4  5  3  9  7
      4    5  2  4  6  5  3
      4    5  5  1  3  4  6
      4    4  4  3 10  5  0
      4    5  1  9  6  2  7
      7    5  7  6  2  1  8
      4    3  7  3  4  0  0
      6    5  1  2  6  7  3
      5    5  6  4  3  5  2
      4    5  3  1  5  7  4
      3    5  4  6  1  2  5
      5    4  6  1  4  3  0
      3    5  9  1  5  3  4
      5    5  6  4  1  5  3
      7    4  6  1  4  2  0
      3    4 10  9  6  2  0
      6    4  3  4  1  6  0
      3    4  6  1  7 10  0
      6    5  4  3  5 10  6
      4    5  1  7  2  8  5
      4    5  4  1  5  3  2
      4    5  1  2  3  6  4
      6    4  3  1  7  8  0
      6    5  3  4  1  5  7
      7    4 10  3  5  4  0
      5    5  7  8  1  4  3
      3    5  3  5  2  4  7
      4    4  8  2  7  1  0
      5    5  7  1  2  8  3
      3    5  1  9  3  5  4
      4    5  9  1  2  6  7
      4    4  2  7  8  3  0
      3    5  4  5  2  1  6
      6    3 10  5  1  0  0
      5    4  7  8  2 10  0
      3    3  9  5  4  0  0
      3    4  7  5  8  3  0
      4    3  8  7  3  0  0
      3    5  6  3  4  2  5
      4    5  3  7  1  8  2
      4    4  7  1  9  2  0
      5    5  4  5  1  6  7
      3    4  7  4  3  1  0
      6    5  1  3  6  4  5
      4    5  3  2  1  6  4
      3    5  1  4  2  6  3
      3    4  6  2 10  7  0
      3    5  5  3  4  9  7
      3    5 10  1  6  2  3
      3    4  6  7  1  9  0
      4    4  1  3  6  5  0
      6    4  7  2  8  9  0
      3    5  4  3  2  1  9
      4    5  2  4  5  3  6
      3    5  3  5  4  2 10
      6    4  3  2  4  5  0
      3    5  7  2  1  4  8
      5    3  6  7  8  0  0
      3    5  1  2  6  4  7
      6    4  1  3  2  5  0
      4    4  6  5  2  3  0
      4    5  2  6  4  5  1
      6    5  5  7  4  3  1
      4    4  2  1  5  3  0
      3    4 10  1  9  4  0
      5    4  3  1  8  6  0
      4    4  5 10  4  3  0
      4    5  3  1  2  5  4
      3    5  6  2  5  1  4
      5    5  6  2  4  3  5
      7    5  1  7  8  6  9
      3    5  4  6  9  1  3
      6    4  4  7  5  3  0
      4    3  8  2  9  0  0
      3    5  1  2  9  6  3
      3    3 10  5  4  0  0
      4    5  5  2  1  4  3
      3    5  4  3  2  1  8
      4    4  2  6  5  1  0
      6    4  4  1  2  6  0
      5    5  5  4  3  9 10
      5    5  2  3  1  6  4
      5    4  6  1 10  4  0
      6    4  6  1  9  5  0
      4    5  6  4  5  3  1
      6    4  6  1  7  4  0
      6    5  7  8  9  2  1
      7    4  6  3  2  1  0
      3    4  2  1  5  7  0
      5    3  8  6  3  0  0
      4    5  3  4  5  9 10
      3    4  1  6  4  5  0
      3    5  2  7  8  1 10
      5    4  1  6 10  3  0
      6    4  2  1  7 10  0
      4    4  6  2  4  5  0
      6    5  6  4  5  3  2
      3    5  4  6  3  5 10
      3    5  2  3  1  5  8
      4    4  8  7  6  2  0
      6    5  2  7  6  1 10
      5    5  2  6  5  1  4
      6    5  1  2  4  5  3
      4    4  5  7  1  6  0
      3    3  8  3  5  0  0
      6    3  7  8  3  0  0
      5    3  2  4 10  0  0
      3    4  1  6  9  5  0
      3    5  2  7  5  1  8
      8    4  6  1  7  9  0
      4    5  3  4  2  1  7
      4    5  3  4  1  7  8
      6    5  3  4  2  5  8
      3    5  7  2  8  1  4
      5    3  6  8  2  0  0
      4    5  6  2  3  1  5
      5    5  4  3  5 10  9
      4    5 10  5  4  3  1
      5    5  7  1  8  2  9
      4    5  4  3  1  7  8
      4    5  3  5  4  6  7
      7    3  8  3  2  0  0
      4    4  3  6  1  5  0
      4    5  4  5  1  6  3
      3    3  8  4  5  0  0
      4    5  1  2  6  9 10
      3    5  2  7  6  8  9
      4    5  1  7  2  4  9
      3    4  1  4  2  5  0
      4    5  3  1  5  4  8
      3    3  5  2  8  0  0
      3    5  1  6  2  4  5
      3    5  5  1  2  3  4
      4    4  6  4  1 10  0
      5    5  1  9 10  6  2
      6    5  5  4  3  2 10
      4    4  4  3  2  7  0
      4    5  3  7  2  1  5
      6    3  3  8  2  0  0
      4    5  2  1  6  8  3
      4    4  2  7  8 10  0
      3    5  8  7  1  3  6
      3    5  3  1  2  4  6
      4    5  1  8  7  3  2
      3    4  3  7  8  1  0
      5    4  1  3  6 10  0
      4    5 10  6  9  2  1
      3    5  6  7  2  1  5
      5    4  2  8  6  7  0
      5    5  4  3  1  5  2
      5    4  6 10  9  7  0
      5    4  5  4  6  2  0
      5    3  5  3  8  0  0
      4    5  6  2  7  9  1
      7    3  5 10  3  0  0
      3    3 10  9  2  0  0
      5    4  6  1  4  7  0
      4    5  1  2  3  8  7
      3    5  2  1  3  6  8
      5    4  1  7  5  4  0
      3    5  2  6  7  4  1
      3    5  6  3  5  4  1
      3    5  5  7  3  4  1
      3    3  7  5  6  0  0
      3    5  4  2  5  6  3
      5    4  4  6  1  2  0
      3    5  1  3  8  4  7
      5    4  9  1  6 10  0
      4    4  8  7  2  6  0
      7    5  9  1  2  7  8
      4    5  7  6  8  1  2
      5    4  1  2  8  9  0
      4    5  7  1  3  2  8
      4    4  3  5  2  6  0
      3    5 10  4  3  2  5
      4    5  6  1  4  3  5
      3    3  5  6  8  0  0
      5    4  1  7  9  2  0
      3    5  4  3  6 10  2
      3    5  1  2  4  9  3
      3    4  3  5  9  1  0
      6    4  7  8  2  3  0
      5    5  1  4  5  3  7
      4    5  3  4  7  2  1
      3    5  2  6  1  8  3
      3    5  1  3  6  7  2
      7    4  4  2  5  3  0
      3    4  1  5  4  9  0
      5    5  7  8  1  6  9
      3    4  7  1  4  6  0
      3    5  5  1  2  4  3
      5    5  7  2  1  8  5
      4    5  1  7  5  3  2
      5    5  2  4  6  3  5
      3    5  6  5  1  3  4
      3    5  5  2  4  3  6
      3    4  5  6  1  2  0
      4    4  2  7  9  4  0
      5    3  5 10  1  0  0
      3    5  3  5  1  7  8
      3    4  4  1  3  6  0
      3    5  9  2  6  7  1
      6    4  1  2 10  6  0
      5    5  6  2  1 10  8
      4    4  1  4  5  7  0
      3    4  5  4  1  6  0
      5    4  1  3  5  7  0
      6    5  1  2  7  6  3
      3    5  6  2  4  9  1
      4    5  7  8  6  2  9
      5    3  8  5  3  0  0
      3    5  4  3  6  5 10
      3    5  4  3  2  5  7
      4    4  5  3  6  4  0
      3    3  8  1  9  0  0
      3    5  2  5  4  3  7
      3    5  6  2  7  8 10
      4    5  3  2  1  6  8
      5    5  3  8  2  1  5
      4    5  5  7  2  1  3
      4    3  9  4  1  0  0
      4    3  4  3  9  0  0
      7    5  7  2  1  9  8
      4    5  1  8  3  7  2
      3    5  3  7  2  1  4
      3    4  6  2  4 10  0
      3    5  1  8  7  2  5
      5    5  4  3  5  7  6
      6    5  5  4  2  1  6
      5    4  3  6  1  2  0
      3    5  5  8  3  4  7
      3    5  2  3  8  1  5
      3    5  4  1  5 10  3
      4    5  2  7  1  6  5
      5    4  7  5  1  3  0
      5    3  7  4  8  0  0
      4    5  6  3  7  2  1
      4    5  1  7  8  5  4
      3    3  8  4  1  0  0
      3    5  6  2  1  8  9
      4    3  4  9  1  0  0
      4    5  9  2  1  7  6
      3    5  1  3  4  5  9
      5    4  4  3  7  8  0
      3    4  1  5  7  3  0
      5    3  9  3  5  0  0
      3    4  7  2  6  8  0
      3    5  5  2  1  7  6
      4    4  3  1  5 10  0
      4    5  5  4  7  2  1
      3    4  2  5  3  6  0
      4    5  3  2  1  7  4
      3    5  2  1  5  3  7
      4    5  6 10  2  1  7
      4    5  4  5  1  3  6
      3    4  9  1  8  7  0
      4    5  1  2  4  7  3
      5    4  1  2  6  4  0
      5    5  1  2  7  5  4
      5    5  1  2  8  7  3
      4    5  4  5  6  3  1
      2    5  1  6  7  9  8
      2    5  3  8  7  1  2
      3    5  2  7  1  5  4
      2    4  3  2  8  7  0
      3    4  1  2  5  4  0
      4    4  2  1  5  6  0
      2    5  6  4  1  5 10
      4    4  7  2  1  5  0
      3    5  1  3  5  2  6
      3    4  2  8  1  9  0
      2    5  2  1  4  6  5
      3    3  8  7  4  0  0
      3    5  5  7  1  6  3
      4    5  1 10  6  2  9
      3    5  3  2  4  5  1
      6    5  4  2  5  3  7
      3    5  4  3  5  6  7
      2    5  6  2  7 10  1
      4    5 10  6  2  9  1
      3    5  2  4  3  7  5
      2    5  3  4  1  6  2
      2    5  5  7  1  6  2
      2    5  2  1  4  7  8
      3    5  4  2  1  6  9
      3    4  1  3  8  7  0
      3    5  3  5  2  1  9
      4    4  2  1  3  4  0
      5    3  2  9  3  0  0
      2    5 10  3  4  1  5
      4    4  1  3  7  5  0
      4    5  3  4  8  2  1
      2    5  2  6  8  7  5
      2    5  6  3  1  7  2
      3    4  4  9  5  3  0
      2    5  7  4  5  2  8
      2    5  9  2  7  6  8
      3    4  6  9 10  7  0
      4    4  6  2  5  1  0
      5    5  2  6  5  4  3
      3    4  9  7  8  2  0
      3    5  7  2  1  9  3
      3    5  1  4  5  2  7
      2    5  1  4  2  5  3
      3    5  1  3  5  2  4
      4    5  9  7  1  2  8
      4    5  1  3  4  5 10
      4    5  5  4  2  3  1
      2    4  5  4  1  9  0
      4    4  3  1  5  8  0
      2    5  5  2  1  3  7
      4    3  6  3  8  0  0
      2    5  2  7  6  3  1
      3    3  4  8  1  0  0
      2    5  7  5  8  1  2
      3    5  7  6  2  1  5
      2    5  7  1  5  2  4
      4    4  4  5  1  2  0
      3    4  3  1  5  7  0
      4    5  8  4  9  6  2
      2    5  1  2  6  9  5
      4    5  1  3  2  6  8
      2    5  4  3  5  7 10
      3    4  2  8  9  1  0
      3    5  3  2  1 10  6
      2    5  2  5  8  7  3
      3    4  4  1  2  9  0
      4    5  2  6  1  4  5
      4    4  6  1  3  4  0
      3    5  5  4  1  7  6
      3    5  3  6  4  5 10
      4    5  3  2  6  1  4
      6    4  1  5  3  2  0
      4    5  1  3  2  4  5
      2    5 10  6  9  1  3
      5    5  2  7  8  1  5
      2    5  4  3  5  8  9
      5    3  1  8  6  0  0
      3    5  3  4  7  8  2
      4    5  4  1  2  5  3
      3    5  2  1  6  8  5
      3    4  4  2  3 10  0
      5    5  2  1  6  3  7
      3    5  3  1  6  8  4
      2    5  9  1  6  3  2
      4    5  2  6  3  1  5
      3    4  6  1  7  3  0
      3    5 10  6  1  2  3
      2    5  6  2  7 10  9
      2    5  7  1  5  8  2
      4    4  7  8  5  1  0
      5    3 10  3  5  0  0
      4    4  2 10  6  9  0
      3    5  5  4  1  3  8
      3    5  7  4  2  1  5
      4    4  3  4 10  2  0
      4    4  1 10  9  6  0
      5    4  6  7  1  8  0
      4    5  2  8  7  1  3
      3    5  2  4  1  5  6
      4    4  6  4  5  1  0
      2    5  8  3  1  2  6
      3    4  7  9  1  2  0
      3    5  8  7  1  2  4
      5    4  5  4  7  1  0
      4    5  4  1  2  7  6
      3    5  1  6  2  3  5
      4    5  7  1  8  2  5
      3    5  5  4  2  6  3
      3    5  1  6  2  3  8
      2    5  5  7  1  4  6
      2    4  4  7  1  8  0
      4    5  7  1  8  9  2
      3    5  1  3  2  5  4
      6    5  1  2  3  7  5
      5    3  3 10  2  0  0
      2    5  4  3  6  2  7
      6    4 10  2  1  6  0
      5    5  1  5  2  4  3
      5    5  2  1  6 10  9
      2    5  4  3  5  8  1
      2    5  1  2  4  6 10
      3    4 10  6  9  7  0
      3    5  3  2  5 10  1
      4    5  7  6  1  8  2
      5    3  2  4  9  0  0
      2    4  3  4  8  1  0
      3    5  5  6  4  3  9
      4    3  4  2  8  0  0
      3    4  1  9  6  8  0
      4    3  3  6  8  0  0
      2    3  3  9  4  0  0
      3    4  1  7  5  2  0
      3    5  2  1  9  5  3
      2    5  6 10  1  3  4
      4    4  5  2  3  4  0
      2    4  6  7  2  5  0
      3    3  8  3  7  0  0
      3    5  2  1  8  3  6
      4    5  1  7  2  5  4
      3    4  4  2  6  5  0
      2    4  1  3  9  6  0
      5    3  3  6  7  0  0
      4    5  3  7  8  2  5
      3    5  4  6  5  3  2
      2    5  7  2  8  4  1
      6    5  5  3  4  6 10
      6    5  6  3  2  1  5
      4    5  2  1  7  6  3
      4    4  2  7  6  3  0
      2    3  8  9 10  0  0
      4    5  7  6  1  2  8
      5    5  3  1  6  2  5
      3    4  2  7  3  8  0
      2    5  3  1 10  2  5
      5    4  2  3  5  4  0
      3    5  2  6  4 10  5
      2    5  4  7  2  8  1
      4    4  2 10  1  9  0
      2    3 10  8  2  0  0
      4    4  2  3  1  5  0
      4    5  1  2  9  4  7
      2    5  4  7  3  2  1
      6    5  3  1  7  2  8
      5    4  2  1  3  9  0
      4    5  5  3  4  2  8
      2    4  3  6  5  1  0
      4    5  4  3  5  6  9
      6    5  7  2  1  6  9
      4    5  5  4  1  2  9
      5    2  8  9  0  0  0
      5    5  5  4  1  3  7
      2    5  4  5  3  7  9
      4    4  1  4  5  6  0
      2    5  6  2  1  4 10
      2    5  2  6  5  9  1
      4    4  6  2  3  5  0
      5    3 10  3  1  0  0
      4    4  2  3  4  1  0
      4    5  5  6  7  2  1
      2    5  2  6  4  1  9
      4    3  1  5  8  0  0
      4    3 10  4  2  0  0
      5    5  3  7  1  2  8
      6    5  2  1  7  4  6
      5    4  4  5  1  6  0
      5    5  6  2  1 10  5
      5    3  7  9  1  0  0
      4    5  5  7  1  2  8
      3    4  1  4  2  9  0
      3    5  1  6 10  3  4
      4    4  3  5  1  9  0
      2    5  4  5  7 10  3
      2    4  5  2  7  6  0
      4    5  8  3  4  5  1
      3    5 10  1  6  2  9
      2    5  6  7  2  1  9
      3    5  1  7  2  5  6
      3    5  1  7  9  6  2
      5    5  2  5  1  4  3
      4    5  7  3  8  2  1
      4    5  1  2  6  7  5
      2    5  8  7  3  1  5
      5    5  4  1  3  5  2
      2    5  8  1  7  2  5
      3    5  1  6 10  2  3
      2    5  7  1  6  8  9
      3    4  1  5  3  7  0
      3    5  1  7  2  6  4
      4    5  9  1  7  2  8
      3    5  3  5  7  1  2
      3    4  5  6  2  1  0
      3    3  5  8  3  0  0
      4    5  2  1  5  4  6
      3    4  1  2  4  9  0
      2    4  9  7  6  1  0
      5    5  1  7  9  8  2
      2    5  3  1  8  4  7
      3    5  3  6  2  5  4
      4    5  2  4  6  3  1
      5    5  7  2  1  3  4
      5    5  2  4  6  1  5
      3    5  4  5  7  8  3
      4    5  1  3  7  2  8
      2    4  2  8  3  5  0
      6    5 10  6  1  3  4
      2    5  1  3  4  2  7
      4    5  5  3  4  2 10
      2    5  3  1  2  7  6
      3    5  8  7  1  3  4
      3    4  1  3  4  8  0
      6    4  5  7  1  2  0
      4    5  7  1  2  9  8
      2    5  1  2  7  4  9
      2    4  6 10  2  8  0
      5    4  1  5  7  4  0
      2    5  5  7  1  8  3
      4    4  3  2  7  1  0
      3    4  7  4  8  1  0
      2    4  1  4  3  8  0
      6    5  3  4  5 10  2
      5    3  1  4 10  0  0
      2    4  6  8  7  1  0
      4    5  3  5  4  9  1
      2    5  7  4  1  5  3
      3    4  4  1  6  2  0
      5    5  5  3  4  1  8
      4    5  3  6  7  2  1
      3    5  1  4  5  2  6
      4    4  2  5  3  4  0
      3    5  2  4  1  5  3
      3    5  1  8  3  4  7
      4    5  6  2  1  5  3
      5    5  5  2  4  3  7
      4    4  6 10  4  2  0
      4    5  1  7  5  4  3
      3    3  9  2  7  0  0
      3    5  5  3  7  2  8
      4    4  3  2  4  1  0
      3    5  6  1 10  2  8
      2    5  6 10  1  5  4
      3    5  5  3  1  7  8
      5    5  2  7  8  1  4
      4    5  7  2  8  6  9
      4    5  1  7  9  6  8
      5    4  1  3  2  4  0
      3    5  1  7  6  2  9
      3    4  1  8  6  7  0
      3    5  7  2  1  4  5
      2    4  5  2  3 10  0
      5    4  6  2  8  7  0
      3    5  4  2  5  3  9
      4    3  2  8 10  0  0
      2    5  2  6  4 10  1
      4    4  1  8  2  9  0
      3    4  1 10  9  2  0
      3    5  4  1  5  3  7
      2    4  2  7 10  9  0
      4    4  5  3  7  8  0
      4    5  1  2  6  7  9
      4    5  3  1  2  8  7
      5    4  8  7  9  1  0
      2    5  6 10  4  2  1
      2    5 10  6  4  5  3
      3    5  1  6  4  5  7
      2    5  6  2 10  1  7
      4    5  8  7  4  3  5
      6    5  3  5  4 10  1
      2    3  9  7  6  0  0
      4    4  1  4  5  9  0
      3    5  3  1  4  5  9
      3    5  4  3  6  5  2
      7    5  2  3  1  4  5
      3    5  5  3  4 10  1
      5    3  5  7  6  0  0
      2    5  5  1  6  7  3
      5    4  2  7  4  1  0
      2    5  1  6  7  2  5
      4    4  7  2  5  1  0
      3    4  1  3  2  9  0
      2    5  6  7  1  8  2
      2    4  6  3  5  1  0
      2    4  5  2  4  6  0
      3    4  5  1  3  6  0
      2    5  2  4  7  1  5
      3    4  1  6  9  4  0
      4    5  1  7  4  2  5
      5    4  3  1  4  6  0
      3    5  5  1  2  7  6
      3    5  6  1  4  3  8
      3    5  2  4  1  3  5
      4    5  6  7  8  1  2
      2    5  5  1  7  4  6
      4    5  1  3  5  4  2
      4    4  7  1  6  9  0
      3    4  2  7  9  1  0
      2    4  1 10  2  7  0
      2    4  3  6  1  4  0
      5    5  3  1  4  5  7
      3    4  2  8  1  3  0
      2    5  1  8  2  7  5
      3    5  2  6  1 10  7
      3    5  1  5  7  2  4
      2    5  2  6 10  7  1
      2    5  9  6  2  1 10
      5    5  1  9  7  2  8
      2    5  3  6  4  5  7
      3    5  1  4  3  5  9
      2    5  1  7  6  5  4
      5    5  1  4  5  3  6
      2    5  2  6  4  8  7
      3    5  7  1  2  5  8
      3    5  4  5  3  2  9
      4    4  6 10  7  2  0
      3    5  7  8  3  1  5
      2    4  6  4  7  5  0
      4    5  7  5  8  1  3
      4    5  4  5  3 10  9
      2    5  4  2  5  3  8
      2    5  4  1  7  2  3
      2    4  1  2  5 10  0
      2    4  8  2  3  1  0
      3    4  1  3  5 10  0
      4    5  3  7  1  5  2
      2    4  3  6  9  2  0
      3    5  7  5  1  8  4
      2    3  3  9 10  0  0
      4    5  1  6  2  4  7
      3    5  1  5  4  3 10
      2    5  5  2  1  7  8
      4    4  1 10  2  6  0
      3    5  6  1  9 10  2
      2    5 10  2  5  4  3
      4    5  5  4  1  2  3
      2    5  3  5  9  4 10
      3    4  7  1  5  4  0
      2    5  2  1 10  6  3
      3    3  7 10  1  0  0
      6    5  4  5  3  6 10
      2    5  6  2  1  7  4
      3    5  1  6  5  4  3
      5    5  4  3  5  9  6
      2    5  9  1  2  7  3
      3    5  4  3  1 10  5
      2    5  1  7  4  8  2
      2    5  4  1  3  5  7
      4    5  9  7  8  2  1
      6    4  3  6  5  4  0
      3    4  5  6  4  1  0
      4    4  5  3  2 10  0
      3    5  7  8  1  2 10
      3    5  7  8  5  1  4
      2    4  5  7  2  4  0
      5    5  3  5  7  2  1
      2    5  5  4  3  8  6
      2    5  7  8  3  5  4
      3    5  5  3  4  8  2
      2    5  1  8  5  3  7
      3    5  8  1  2  7  6
      3    2 10  7  0  0  0
      3    5  5  4  6  3  2
      5    4  1  2  4  7  0
      2    5  2  7  1  6  3
      4    5  5  1  6  3  4
      2    5  3  4  2  8  7
      3    5  2  7  4  8  1
      2    5  1  2  7  4  3
      2    3  4  6  8  0  0
      2    4  3 10  1  2  0
      3    5  1  6  9  2 10
      3    5  6  5  1  4  3
      2    5  4  5  7  2  3
      4    5  4  5  7  3  8
      3    4 10  1  2  8  0
      4    4  1  2 10  9  0
      4    5  6 10  2  1  8
      3    5  6  1  2  5  3
      2    4  3  8  1  4  0
      5    3  6  8  7  0  0
      2    5  6  2  8  1  3
      3    5  4  3  1  7  5
      3    5  7  2  1  5  3
      3    5  2  4  8  1  5
      3    3  8  2  3  0  0
      3    4  4  1 10  6  0
      2    5  9  6  1  8  7
      3    3 10  1  7  0  0
      4    5  6 10  1  2  7
      4    5  1  3  4  5  7
      2    4  3  5  6  1  0
      2    5  6  9  2  1  4
      2    4  3  9  1  4  0
      3    4  6  1 10  3  0
      3    4  1  5  7  9  0
      4    3  8  1  5  0  0
      2    4  2  7  9 10  0
      3    5  5  1  2  7  3
      5    4  6  3  1  2  0
      5    5  3  4  7  1  5
      2    5  2  7  1  3  4
      2    4  6  3  4  1  0
      5    5  3  5  4  9  6
      3    4  4  3  6  9  0
      3    5  6  1  2  9  8
      2    5  3  2  8  4  1
      4    4  5  1  4  2  0
      6    3  6  9  7  0  0
      3    5  6  5  3  4  1
      3    4  1  7  6  5  0
      4    4  6 10  1  4  0
      2    5  5  6  1  4  3
      5    4  1  8  2  6  0
      4    5  4  1  6  2  3
      3    5  6  3  4  5 10
      5    5  6  1  4  5  3
      4    3  7  4  6  0  0
      3    4  5  4  2  3  0
      3    5  1  7  9  8  6
      5    5  2  1  6  3  8
      2    5  6  2  7  8  9
      4    4  5  1  4  6  0
      3    4  9  2  7  1  0
      3    2  8  6  0  0  0
      3    5  2  9  6  1  5
      2    4 10  1  5  3  0
      2    4  4  7  5 10  0
      6    5  9  1  2  8  7
      5    5  5  4  3  9  2
      4    5  1  5  3  4  7
      3    5  4  6  2 10  1
      2    4  1  2 10  8  0
      3    5  5  7  2  4  8
      3    5  2  7  1  3  8
      3    5  7  8 10  2  1
      3    5  5  3  6 10  4
      2    4 10  3  4  1  0
      4    5  3  4  5  8  9
      3    5  6  4  5  3 10
      2    5  3  4  8  1  2
      2    5  4  3  5 10  7
      3    5  4  1  2  6  3
      2    5  2  1  4  5  6
      3    5  2  1  5  6  9
      3    4  8  7  3  2  0
      2    4  3  5  2  9  0
      3    5  1  6  8  7  5
      2    4  2  4  5  6  0
      3    5  4  5  2  6  1
      5    5  1  9  2  7  8
      3    4  9  3  5  1  0
      3    5  4  7  5  1  6
      3    5  6  1  7  3  2
      1    5  6  2  8  1  9
      1    5  5  6  7  4  2
      1    5  5  6  1  7  8
      2    4  3  1  2  8  0
      2    5  7  8  5  1  2
      4    5  1  3  2  7  8
      1    5  8  4  7  1  5
      4    4  3  7  1  5  0
      5    3  4  2 10  0  0
      4    5  9  1  6  2  7
      4    4  7  8  1  5  0
      4    5  1  2  7  6 10
      1    5  6 10  1  2  4
      3    5  7  4  8  2  1
      1    5  1  6  3  7  8
      4    5  2  6  3  4  5
      1    5  1 10  3  2  9
      5    4  7  1  5  2  0
      3    4  1  6  5  4  0
      2    5  1  5  7  8  4
      2    5  1  5  3  7  2
      3    5  6  2  5  3  4
      1    5  6  1  9  3 10
      4    4  8  7  1  5  0
      1    5  8  1  9  3  5
      2    4  6  1  8  7  0
      4    4  8  3  7  2  0
      1    5  5  2  7  6  9
      2    5  1  2  6  4  5
      3    4  1  5  2  9  0
      2    4 10  4  5  6  0
      2    5  3  5  2  6  1
      2    4  3  9  1  2  0
      3    5  2  6  7  1  4
      2    3  7 10  6  0  0
      1    5  5  7  8  4  1
      2    5  2  1  9  6  4
      3    5  1  6  5  4  2
      2    5  7  1  5  4  8
      2    4  4  1  7  6  0
      2    4  2  4  7  5  0
      2    4  1  3 10  6  0
      1    5  8  1  7  2  4
      3    5  5  7  3  8  4
      2    5  5  7  8  2  1
      2    3 10  9  7  0  0
      4    5  2  6  1  4  9
      3    5  5  3  2  4  1
      4    5  4  2  1  5  7
      2    4  6  2 10  5  0
      3    5  1  9  2  7  6
      3    4  6  9  1  5  0
      1    5  2  6  4  8 10
      3    5  3  4  1  6  5
      2    5  2  7  4  1  9
      2    4  5  3  6  7  0
      4    4  5  7  4  1  0
      1    4  2  6 10  4  0
      1    4  2  3  6  9  0
      4    5  7  2  8  1  9
      3    4  5  1  7  2  0
      2    5  2  6  1  9  4
      4    4  7  5  2  1  0
      4    4  2  4  6  1  0
      1    4  8  9  7  2  0
      2    4  2  3 10  1  0
      4    5  5  4  8  3  7
      5    3  5  7 10  0  0
      5    5  3  5  4  9  2
      3    5  4  2  1 10  7
      1    5  7  1  5  4  2
      3    4  1  6  3  4  0
      3    4  3  1  6  7  0
      2    4  6  4 10  5  0
      3    5  4  3  2  1  6
      2    5  2  1  8  3  9
      4    5  3  1  5  4  9
      1    5  8  9  7  3  4
      4    4  1  6  3  5  0
      3    5  2  5  3  4  6
      2    4  1  5  6  2  0
      3    5  4  5  2  6  8
      4    5  4  2  1  7  5
      3    4  9  6  1  4  0
      4    3  8  4  6  0  0
      2    5  5  3  1  7  6
      1    5  2  7 10  1  9
      4    4  1  3  8  4  0
      3    5  6  3  4  5  9
      1    5  4  7  5  6  2
      5    4  9 10  6  1  0
      1    5  4  5  9  3 10
      3    5  3  1  2  6  5
      2    5  6  1  9  2  7
      4    3  5  1  9  0  0
      2    4  3  9  1  5  0
      3    5  6  2  3  4  1
      3    5  4  6 10  3  5
      2    4  9  5  7  1  0
      3    4  5  3  2  4  0
      1    5 10  2  1  5  6
      3    5  1  3  5  4 10
      4    4  1  4  2  7  0
      1    5  4  2 10  1  3
      3    3  3  8 10  0  0
      5    5  1  3  8  2  7
      2    5  9  8  7  2  1
      3    5  4  6  7  2  1
      3    3  6  5  9  0  0
      3    4  1  8  6  2  0
      1    5  8  9  7  1  2
      2    5 10  6  3  2  1
      4    4  5  1  7  3  0
      3    5  2  1  4  6  7
      1    5  1  6  8  5  7
      2    5  7  1  2  9  5
      4    5  4  3  5 10  2
      3    4  2  6  4  8  0
      2    5  5  3  8  2  7
      2    5  1  6  3  5  9
      3    4  8  2  1  3  0
      2    5  3  2  5  9  6
      2    5  1  2  8  7 10
      1    5  2  5  7  3  8
      3    5  7  8  4  5  2
      1    5  4  6  2  9  3
      3    5  2  4  3 10  6
      1    5  1  5  6  2  3
      3    5  2  6  1  9  5
      2    4  9  4  3  7  0
      3    4  6  1  9  4  0
      1    4  5  1  3  2  0
      3    5  7  8  1  4  6
      2    4  2  3  8  9  0
      2    5  5  1  8  4  7
      3    4  2  6  8 10  0
      2    5  2  8  1  5  3
      2    4  5  3  6  1  0
      2    5  1  4  7  2  3
      2    5  4  7  5  1  2
      2    5  2  1  4  6  3
      4    4  7  4  8  2  0
      3    4  8  4  7  5  0
      2    5  5  3  4  9  2
      3    5  9  2  1  7  8
      2    5  7  2 10  8  6
      1    5  5  4  6  2  7
      1    5  5 10  1  4  6
      3    5  2  7  6  1  9
      4    5  4  3  1  5  8
      3    3  1  4  8  0  0
      1    5  3  8  4  5  2
      5    4  5  3  1  2  0
      5    4  1  8  2  3  0
      5    5  6  2  1  4  7
      3    5  7  8  2  4  6
      4    5  3  2  1  8  6
      1    5  8  7  5  3  4
      3    4  5  4  7  8  0
      2    5  4  5  1  8  7
      1    4  8  3  4  6  0
      3    4  2  4  1  9  0
      4    4  4  3  2  6  0
      3    5  8  7  9  2  1
      4    4  1  6  3  9  0
      4    5  6  5  4  3  7
      2    5  5  2  6  1  4
      1    5  3  7  8  5  2
      3    5  2  7  5  4  3
      4    3  8  6  2  0  0
      3    3  3  9  5  0  0
      1    5  8  4  5  1  2
      2    5  2  1  8 10  7
      2    5  1  6  9  8  2
      3    5  5  2  1  3  6
      2    4  4  3 10  6  0
      6    3  7  4  5  0  0
      2    4  1  9  5  6  0
      1    5  3  1  7  5  2
      1    5  2  9  6  5  3
      3    4  4  1  6  7  0
      4    5  2  6  4  5  8
      2    5  2  9  1  5  4
      3    4  7  8  6 10  0
      2    4  3  1 10  6  0
      2    5  6  2  5  7  4
      1    5  3  7  1  2  9
      1    4 10  1  8  6  0
      2    5  6  1  9  4  3
      2    4  1  3  8  2  0
      3    4  1  3  5  8  0
      1    5  2  4  3  6  1
      3    5  1  7  2  4  5
      1    5  5 10  2  4  6
      2    4  2  8  7  3  0
      4    5  4  3  8  7  2
      2    3  2  5  8  0  0
      2    4  9  1  2  5  0
      2    5  1  6  3 10  2
      4    4  1  2  7 10  0
      2    4  2  5  9  3  0
      3    5  1  7  3  9  2
      2    4  6  7  5  1  0
      4    4  7  1  2  4  0
      3    5  2  6  8  9  7
      2    5 10  6  2  5  4
      1    5  2  7  8  6  3
      2    3  7  3  6  0  0
      1    5  2  7  3  1  6
      2    5  7  5  1  4  8
      1    4  9  8  2  7  0
      2    5  2  1  7  4  9
      1    5  8  5  4  9  2
      2    4  2  9  1  8  0
      1    5  2  5  8  4  7
      1    5  1  8  2  6  3
      4    5  1  6  3  2  7
      2    5  6  3  4  7  1
      1    5  9  1  8  7  4
      3    5  4  5  3  9  1
      5    4  1  5  7  2  0
      3    5 10  1  6  2  5
      4    5  1  2  7  3  4
      1    5  9  3  7  1  2
      3    4  7  2  8  3  0
      3    3  4 10  2  0  0
      1    5  8  3  2  4  1
      1    5  7 10  1  8  2
      2    3  6  7  3  0  0
      3    5  3  6  8  4  1
      3    4  9  8  7  1  0
      2    4  1  9  8  7  0
      1    4  1 10  8  9  0
      2    4  9  2  8  6  0
      3    5  2  4  7  8  3
      4    5  1  9  8  7  2
      3    5  1  7  3  6  2
      2    5 10  6  5  3  1
      2    5  2  4  1  6  7
      2    4  1  7 10  6  0
      1    5  2  6  8  7  3
      1    5  7  1  6  3  8
      5    5  2  1  3  9  7
      1    4  5  7  6  1  0
      2    5  3  8  5  7  2
      1    4  6  5 10  4  0
      2    4  1  6 10  4  0
      2    3  8  3  6  0  0
      1    5  4  1  6  3  5
      1    5  2  6  7  8  5
      2    5  1  8  6  7  2
      3    5  1  6  9  2  8
      2    5  1  7  4  9  6
      1    5  6  1  4  5 10
      4    5  1  4  3  7  5
      3    4  4  1  3  2  0
      1    4  5  4  9  6  0
      2    4  1  9  3  4  0
      1    5  4  6  1  8  2
      3    5  4 10  1  3  5
      1    5  6  5  9  2  7
      3    4 10  9  2  1  0
      1    5  1  2  3  4  7
      3    4  6  3  1  8  0
      2    5  7  1  9  5  2
      2    5  3  1  5  7  8
      3    4  1  3  4  7  0
      1    5  1  4  2  6 10
      2    5  3  2  6  1  7
      2    2 10  8  0  0  0
      1    5  1  4  5  7  8
      2    5  3  1  7  6  8
      4    4  6  1  3 10  0
      3    5  8  7  2  3  1
      2    5  6  2  4  5  8
      3    4  1  6  3  7  0
      4    3  7  6 10  0  0
      1    4  7  6  3  9  0
      1    5  2 10  9  6  7
      1    5  2  8  3  4  7
      3    5  5  4  6  1  2
      2    3 10  5  3  0  0
      1    5  3  2  5  4  8
      5    5  2  1  3  7  8
      4    5  5  1  7  4  8
      1    5  7  1  6 10  2
      2    5  7  5  4  1  8
      3    5  3  1  4  6  5
      1    5  5  7  8  4  2
      5    5  1  2  5  7  4
      2    5  6  1 10  3  9
      1    5  9  1  4  3  2
      3    5  1  3  2  6  7
      1    5  9  7  1  4  8
      4    5  5  4  3  7 10
      3    5  3  5  4 10  2
      4    4  2  7  3  1  0
      2    5  1  6  2  3  4
      3    4  4  5  1  9  0
      1    5  5  2  3  6 10
      4    5  2  8  3  1  7
      2    4  2  3  5  1  0
      1    5  2  9  3  1  6
      3    4  6  4  1  2  0
      1    5  7  2  6  4  1
      3    5  4  5  3  9  2
      2    5  7  3  2  1  8
      4    4  2  3  6  1  0
      1    5  8  5  4  3  7
      1    4  6  5  4 10  0
      1    5  5  2  7  4  9
      1    5  1 10  7  8  2
      1    4  5  1  9  2  0
      1    4  4  6  5  9  0
      3    5  3  1  2  4  8
      3    4  2  9 10  6  0
      4    3 10  2  5  0  0
      2    5  2  3  1  7  9
      2    4  3  6  1  8  0
      4    5  3  5  4 10  6
      3    5  3  4  1  5  9
      1    5  1  3  5  7  2
      2    5  4  3  1  6  9
      1    5  2 10  6  9  1
      2    5  1  7  3  8  4
      4    4  4  1  6  5  0
      4    5  3  1  4  5  8
      3    5  1  2  6  8  9
      1    5  2  7  8  5  9
      3    4  3  5 10  4  0
      2    5  1  9  3  7  8
      1    5  5  7  1  8  2
      2    5  1  3  8  5  7
      4    5  4  3  5  1  8
      2    4  4  1  5  8  0
      3    5  2  1  9  3  6
      3    5  4  7  8  1  2
      3    5  2  1  3  8  5
      3    4  5  1  7  6  0
      2    5  7  3  8  5  2
      3    4  5  7  4  2  0
      5    5  2  1  8  4  7
      3    3  8  1  3  0  0
      4    5  6  1  2 10  7
      4    5  6  1  2  7 10
      2    5  1  9  3  8  2
      1    5  6  9  2  5  1
      1    5  4  7  3  5  6
      4    5  5  1  4  7  3
      1    4  2 10  3  5  0
      2    5  4  6  7  5  3
      2    5  1  6  9  7  4
      5    4  2  6  5  4  0
      2    5  3  1  6  8  7
      1    5 10  6  9  1  8
      1    5  2  6  9  1  5
      2    5  7  2  9  6  8
      2    5  1  6  9  2  3
      3    5  6  1  8  2 10
      2    4  3  1  6  4  0
      3    5  1  6  7  4  8
      3    5  7  8  6  2  4
      1    5  8 10  6  2  1
      4    4  5  2  6  1  0
      1    5  3  2  4  8  6
      4    4  1  7  4  3  0
      1    5  7  3 10  1  5
      3    5  1  6  7  5  4
      2    4  9 10  1  6  0
      2    5  2  7  1  5  6
      1    5  1  9  7  8 10
      2    5  7  1  9  8  2
      5    5  2  1  6  3  5
      1    4  1  5  6 10  0
      2    4  5  3  2  6  0
      1    5  7  3  1  4  5
      1    4  6  7  9  2  0
      3    4  1  9  6  7  0
      2    5  6  2  4  3  8
      1    5  1  2  6  5  8
      1    5  4  5  6  3  9
      2    4  5  3  7  1  0
      5    4  1  2  4  5  0
      1    5  1  5  3  2  7
      3    4  6  7  8  2  0
      4    5  1  2  8  6  9
      1    3  8 10  7  0  0
      4    3  6  4  9  0  0
      2    5  7  3  1  2  9
      1    5  3  8  1  2  4
      1    4  5 10  1  6  0
      3    5  2  7  4  1  3
      4    5  4  5  6  2  3
      2    5  1  3  6  4  2
      3    5  5  4  1  6  2
      1    4  2  6 10  7  0
      3    4  3  2  1 10  0
      1    5  4  8  2  9  6
      2    5  1  8  3  2  6
      4    5  8  7  4  5  3
      1    5  2  5  7  3  1
      1    4  1 10  4  2  0
      4    5  1  6  3  2  5
      3    5  2  1  7 10  8
      1    5  5  8  2  3  1
      4    4  7  6  1  4  0
      2    5 10  2  1  9  6
      1    5 10  6  1  9  2
      3    3  3  7  6  0  0
      2    4  3  2  6 10  0
      1    5  3  5  2  1 10
      2    5  2  1  8  5  4
      4    5  5  4  6  3  1
      4    4  6  4  2 10  0
      1    5  3  7 10  6  1
      1    5  3  5  2  4 10
      1    3  7  4 10  0  0
      1    5  2  5  3  6  1
      5    4  7  8  1 10  0
      1    5  1  4  2  9  8
      2    5  9  3  4  2  1
      2    5  6  4  5  3  9
      2    5  2  3  4  5 10
      4    5  1  5  6  3  4
      4    5  1  7  5  2  8
      1    5  8  3  4  1  7
      5    4 10  1  8  9  0
      2    5  5  2  4  1  6
      2    3  5 10  2  0  0
      2    5  2  3  8  6  9
      3    4  6  3  2 10  0
      3    3  7  6  5  0  0
      2    5  2  1  5  3  8
      2    5  3  1  6  5  8
      3    4  5  6  1  3  0
      4    5  7  8  2  3  4
      3    5  6  4  3  1  5
      3    4  1  9  7  6  0
      1    5  4  7  1  8  6
      3    3  4  8  3  0  0
      3    5  6  2  1  3  4
      3    5  1  4  5  2  3
      2    4 10  4  5  2  0
      3    4  7  1  4  3  0
      4    5  1  4  3  5  6
      1    5  6  2  8 10  3
      1    5  8  3  1  4  5
      2    5  8  3  4  7  2
      3    3  9  7  2  0  0
      3    4  9  6  1 10  0
      4    5  3  5  2  1  7
      2    5  2  9  3  1  4
      1    5  2  3  4  6 10
      2    5  1  2  3  7  6
      1    5  7  5  2  3  1
      2    5  2  7  9  1  8
      1    5  6  2  7  8  3
      1    5 10  4  1  5  6
      1    5  6  3  2  5 10
      1    5  5 10  4  6  1
      2    4  4  3  7  9  0
      1    4  3  5  8 10  0
      3    4  1  7  9  8  0
      1    5  3  5  1  8  2
      2    4  7  8  5  2  0
      2    4  3  4  2  8  0
      3    5  5  3  7  4  1
      2    4  3  7  5  2  0
      3    5  7  8  2  9  6
      2    4  7  2  1  3  0
      2    5  1  6  4  5  2
      2    4  2  1  4  7  0
      1    5  9  1  7  2 10
      1    5  1  2  8  3  9
      3    5  5  3  4  7  6
      2    5  5  2  3  4  6
      1    4  5 10  7  1  0
      2    5  1  2  3  8  5
      1    5  9  1  2  5  3
      1    5  1  2  3  5  8
      2    5  7  2  1  8 10
      1    5  7  1  9  5  6
      4    3  7  2  4  0  0
      3    5  2  1  8  3  4
      4    5  5  1  2  7  4
      1    5  6  1  8  9  7
      1    5  5  1  2 10  3
      4    5  7  2  8  1  5
      1    5  3  4  1  2  8
      2    5  9  6  1  2  3
      1    5  4  6  1  8  3
      4    4 10  3  1  5  0
      3    5  2  1  6  8 10
      3    5  6  2  4  7  1
      1    5  5  1  8  3  4
      1    5  3  4 10  7  5
      2    4  5  9  6  8  0
      2    4  8  6  7  1  0
      3    5  2  4  3  5  6
      2    4  5  6  3  1  0
      2    5  3  4  2  6  5
      4    4  4  5  2  7  0
      1    4 10  3  5  9  0
      1    5  7  6  1  4  2
      3    3  7  5  3  0  0
      2    5  1  6  2  7 10
      1    4 10  6  1  3  0
      1    5  8  5  7  6  2
      3    5  1  4  7  5  3
      3    4  4  1  7  3  0
      1    5  7  8  5  6  2
      2    5  6  2 10  9  1
      4    4  4  3  8  1  0
      3    4  8  7  5  3  0
      2    5  8  6  7  1  2
      1    5  3  4  6 10  1
      3    5  8  7  4  2  1
      2    5  4  6  2 10  5
      1    4  6  7  5  9  0
      1    5  1  4 10  6  8
      1    5  4  6  2  7  1
      3    4  1  6  3  2  0
      2    5  4  5  7  3  6
      4    5  8  7  3  4  5
      1    5 10  3  1  5  8
      4    5  2  1  6  8  9
      2    5  6  5  2  1  4
      2    4  9  3  6  2  0
      2    4  4  7  2  8  0
      2    5  1  2  8  6 10
      3    5  2  6  3  1  8
      2    4  7  9  8  1  0
      3    5  5  7  1  3  8
      4    4  3  6  2  1  0
      1    5  2  4  7  1  3
      1    5  7  3  2  4  1
      1    5  5  8  3  7  1
      3    5  1  5  7  3  4
      1    4  4  2  5  6  0
      1    5  6  4 10  5  8
      3    5  6  1  2  5 10
      1    5  6  4  2  3  8
      2    4  8  1  7 10  0
      1    5  6  1  3  4  2
      2    5  1  2  9  7  6
      1    5  6  2  5  1  8
      2    5  6  1  8  2  9
      1    5  6  4  2 10  5
      3    4  1  6  9  8  0
      4    5  2  1  7  5  6
      2    5 10  3  6  4  5
      2    5  5  6  2  1  8
      3    4  4  6  1  5  0
      1    4  1  9 10  7  0
      4    5  4  3  7  8  1
      1    4  8  3  5 10  0
      1    5  1  5  6  9  7
      3    5  4  7  2  5  8
      2    4  2  4  1  6  0
      1    5  9  3  4  2  7
      3    4  8  3  2  4  0
      2    5  1  2  5  4  9
      1    5  2  4  6  1  8
      1    5  4  9  3  5  2
      1    5  5  1  7  9  8
      1    5 10  5  4  8  6
      4    4  8  7  2  3  0
      1    4  9  6  3  4  0
      4    4  2  3  1  4  0
      1    5  2  6  8  3  7
      3    4  4  5  7  8  0
      1    5  3  8  1  6  4
      3    5  6  1  2  3  7
      1    5  6  4  1  5  2
      2    5  3  2  5  4  9
      3    5  1  6  7 10  2
      2    4 10  2  9  1  0
      2    5  3  2  1  5 10
      3    5  1  7  5  6  3
      3    5  1  4  6  3  2
      1    4  7  6  1  9  0
      1    5  3  1  7  5  9
      3    5  4  3  6  2  1
      1    5  4  7  5  2  1
      3    5  5  3  7  4  2
      2    5  5  1  4  2  3
      2    5  5  1  4  3  8
      1    4  4 10  2  6  0
      5    5  3  5  4  8  7
      2    3 10  7  1  0  0
      4    5  6  2  1  4  3
      1    5  1  7  3  4  9
      3    5  8  7 10  6  1
      1    5  1  5 10  7  8
      1    5  3  2  4  5  7
      2    4  7  1  4  8  0
      2    5  7  8  6  4  1
      1    5  2  6  5  1  8
      1    5  2  6  9  7 10
      1    5  6  1  8  2  7
      3    5  2  6 10  9  1
      4    4  9  5  4  3  0
      1    5  2  3  8  6  1
      1    5  2  8  9  1  4
      1    5  9  5  3  6  1
      3    4  2  4 10  1  0
      1    5  1 10  3  4  2
      4    5  4  3  5  8  6
      3    5  3  5  4  6 10
      1    5  3  1  6  5  2
      2    5  3  1  7  2  6
      4    4  5  4  2  6  0
      1    5  3  2  8  6  7
      2    3  4  1  8  0  0
      1    5  6 10  1  8  7
      4    5  1  2  9  7  3
      3    5  3  5  1  4  7
      2    5  1  2  7  8 10
      1    5  9  2  1  8  7
      4    4  1  4  7  2  0
      1    5  7  1  8  3  9
      1    5  6  1  5  2  4
      2    5  3  5  4 10  9
      1    5  5  7  2  8  3
      4    4  2  7  8  5  0
      2    3  5  2  9  0  0
      2    3  4 10  7  0  0
      2    3 10  2  4  0  0
      2    5  3  1  2  8  9
      4    3  9  5  3  0  0
      3    5  6  2  9  1 10
      2    5  1  2  3  9  7
      3    5  4  5  7  1  3
      1    5  6  1  7  2  4
      4    5  3  4  2  6  1
      3    5  5  7  1  2  3
      5    5  6 10  9  2  1
      1    5  7  1 10  8  2
      2    5  3  7  2  5  1
      1    5  6  3  1  2  8
      2    5  8  5  7  3  4
      1    4  7  9  4  3  0
      3    4  2  5  1  4  0
      1    4 10  9  1  5  0
      2    4  2  3  6  5  0
      1    5  3  5  1  9  7
      4    5  3  7  2  1  6
      1    4  7  9  6  8  0
      3    5  4  7  5  3  8
      2    5  6  3  4  2 10
      1    5  6  9  7  1  5
      1    5  4  2  1  3  5
      2    5  3  2  7  1  5
      1    5  2  1  8  9  4
      3    5  3  5  1  4  9
      2    5  1  9  7  4  2
      2    5  3  4  5  7  9
      4    5  1  3  7  2  6
      2    5  4  5  1  3  8
      1    5  8  3  6 10  1
      1    5  3  1  4 10  8
      2    4  1  5  3  6  0
      1    5  6  7  8  1  9
      4    5  5  4  2  7  3
      1    5  3  4  2  9  8
      2    4  6  8  9  7  0
      1    5  5  1  6  8  4
      2    5  8  6  9  7  2
      1    5  2  7  5  3  9
      3    5  1  7  6  5  2
      1    5  4  5  9  3  6
      2    5  6  4  2  1 10
      1    5  1  2  3  6  5
      2    5  4  6  5  1  9
      4    5  1  9  6  7  2
      2    5  1  8  3  2  5
      1    5  8  2  9  7  5
      3    5  7  3  1  8  5
      1    5  4 10  3  5  1
      3    5  7  2  6  8  9
      2    5  2  4  3  6  8
      1    5  3 10  2  5  4
      2    5  1  6  2  4  3
      2    5  3  1  7  4  5
      1    5  5  7  6  3  4
      3    4  4  6 10  1  0
      4    4  1  9  7  5  0
      3    5  8  3  4  7  1
      2    4  3  4  6  1  0
      1    5  1  4  6  7  3
      1    5  4  3  2  1  7
      1    4  1  8  3 10  0
      1    5  1  3  9  7  8
      4    5  4  1  6  2  5
      2    5  1  2  9  7  4
      1    5  4  8  7  5  3
      1    5  3  5  6 10  9
      4    5  6  4  1  2  5
      3    5  6  9  2  7  1
      1    5  1  3  2  7  4
      3    5  5  3  4  6  7
      1    5  5  4  2 10  1
      2    5  3  7  2  5  8
      1    4  8  2  1  4  0
      3    3  1 10  4  0  0
      2    5  1  2  6  8  4
      3    4  7  1  3  2  0
      3    5  6  4  7  2  1
      4    5  2  1  6  5  3
      2    4  7  4  1  6  0
      2    4  6  7  2  8  0
      3    5  3  6  1  4  5
      2    5  6  1  2  7  5
      1    5  8  7  1  6  5
      5    5  3  5  2  1  4
      3    3  2 10  8  0  0
      4    5 10  6  1  5  4
      4    5  1  6  2  7  9
      4    3  2 10  4  0  0
      2    5  5  1  7  8  6
      1    5  5  1  2  4  6
      3    5  7  4  2  1  8
      1    5  2  8  1  6  5
      1    5  4  5 10  7  1
      1    5  6  8 10  2  5
      1    4  3  5  1  7  0
      2    5  6  5  1  7  4
      2    5  4  1  3  5  6
      2    5  4  1  7  8  2
      3    5  2  6  1  3  9
      1    5  3  7  5  2  9
      2    5  6  1  2 10  5
      4    4  2  4  1  7  0
      4    4  1  6  7  5  0
      2    4  1  2 10  5  0
      3    4  5  7  1  3  0
      1    5  8  9  7  5  3
      1    5  2  3  1  7  6
      2    5  1  6  4  9  2
      3    5  4  3  2  7  1
      2    5 10  6  5  3  4
      1    4  5  7  6  2  0
      2    5  4  2  1  7  8
      1    5  4  6  5  2  8
      2    4  4  3  9  6  0
      2    4  1  9  8 10  0
      1    5  6  9  1  3  2
      2    5  2  7  9  6  8
      1    5  1  2 10  5  7
      3    4  5 10  3  4  0
      2    5  1  7  4  8  3
      4    5  2  4  3  1  7
      1    5  3  5  2 10  4
      1    5  3  4  7  2  6
      3    5  2  7  8 10  6
      2    5  6  1  4  2  3
      1    4  3  2  5 10  0
      2    5  6  3  4  5  2
      1    4  4  6  3  8  0
      2    5 10  1  3  6  5
      1    5  3  1  4  7  2
      1    5  1  3  2  5  8
      3    5  3  2  1  4  8
      4    3  2  8  9  0  0
      1    5  1  9  5  6  7
      2    5  1  6  5  2  4
      1    5  1  6  7  2  4
      1    4  7  8  6  9  0
      2    5  1  2  4  6  8
      5    5  6 10  4  2  5
      1    5  7  8  1  6  5
      2    4  8  6  9  7  0
      2    3  7 10  5  0  0
      1    5  3  5  6  9  1
      1    4 10  6  1  8  0
      1    5  4  6  3 10  1
      3    5  1  9  2 10  6
      1    5  3  2  1  7  5
      2    5  2  7  5  8  4
      2    5  1 10  4  5  3
      1    5  7  6  5  2  8
      2    5  1  2  8  9  6
      1    4 10  6  3  1  0
      3    4  1  7  9  5  0
      2    5  2  1  7  3  5
      1    5  6 10  1  5  7
      5    5  5  4  3  8  2
      3    5  7  1  6  2  9
      1    5  9  6  4  7  3
      1    5  5  4  8  1  2
      2    5  7  5  3  4  1
      1    5  5  3  7  2  4
      1    5  4  3 10  8  7
      2    5  5  3  1  2  7
      2    5  2  1 10  6  8
      1    5  1  7 10  6  3
      2    5  1  6  7  5  2
      4    5  2  7  1  4  6
      1    5  2 10  5  4  8
      1    5  6  4  9  2  5
      3    4  2  6  4  9  0
      5    5  6  4  3  2  1
      1    5 10  2  6  1  4
      2    5  1  4  2  9  3
      5    5  6  4  2  1  3
      2    5  3  2  1  6  7
      1    4  6  4  3 10  0
      2    5  3  2 10  1  5
      4    5  2  5  4  1  3
      1    3  4  8  7  0  0
      4    5  8  7  3  2  1
      3    5  3  1  2  7  9
      1    5  5 10  3  4  7
      2    5  2 10  6  1  5
      2    5  3  5  1  2  9
      1    5  6  4  3  1  7
      3    3  3 10  5  0  0
      2    5  5  2  7  4  1
      2    5  6  2  1  9  3
      1    5  7  1  8 10  2
      3    4  7  1  2  5  0
      4    5  6  5  3  4  2
      3    5  6  1  2  3 10
      2    5  9  1  4  7  2
      2    5  5  1 10  4  3
      4    5  7  1  2  8 10
      3    5  2  3 10  6  5
      1    5  4 10  8  1  5
      3    5  4  3  7  2  8
      1    5  6 10  4  3  5
      2    4  6  3  1  9  0
      3    4  4  6  1  7  0
      2    5  5  6  3  2  1
      3    5 10  6  1  2  7
      3    4  3  1  2  6  0
      3    5  1  6  2  7  5
      3    3  8  9  7  0  0
      3    4  1  9  2  5  0
      1    5  8  7  6  3  2
      3    5  3  5  4  9 10
      1    5  4  6  3  2 10
      3    5  1  5  2  6  7
      1    5 10  4  1  8  3
      1    5  6  7  8  4  5
      2    4  2  7  5  4  0
      1    5  1  2 10  7  9
      2    5  5  2  6  3  4
      2    5  7  2  1 10  9
      2    5  2  5  4  6  3
      1    4  2  3  5  6  0
      3    5  5  7  2  1  8
      1    5  7  2  6  9  8
      2    5  3  4  5 10  9
      1    5  9  7  4  1  5
      2    5  1  2  7  9  3
      1    5  1  8  7  5  2
      3    4  2  6  3 10  0
      4    5  6  2  4  5  1
      1    5  5  3  2  7  1
      4    4  1  2 10  7  0
      4    5  3  5  2  1  6
      4    5  3  2  5  4  7
      1    5  4  6  3  1  5
      1    5  9  3  6  1  7
      3    5  3  8  2  1  9
      1    5  5  4  9  3 10
      2    5  8  6  1  2  7
      3    3  4  6  9  0  0
      2    5  2  6  9  5  3
      1    4  2  9  1  4  0
      1    5  7  1  2  9  3
      3    4 10  3  1  6  0
      1    5  1 10  5  4  6
      2    4  3  5  7  4  0
      2    4  3  1  4  8  0
      1    5  1  7  2  9  4
      1    4  8  7  1 10  0
      3    4  3  2  9  1  0
      5    4  4  6  2  1  0
      2    5  5  7  2  1  4
      3    4  6  5  1 10  0
      2    5  4  3  1  6  5
      4    5  5  3  4  8  9
      2    4  3  8  4  7  0
      1    5  6 10  2  3  1
      2    5  4  3  8  7  5
      1    5  4  7  6  1  5
      2    5  4  3  7  2  5
      2    5  3  4  6  5  2
      3    5  6  4  3 10  1
      2    5  3  6  1  8  2
      1    4 10  7  9  6  0
      3    4  1  2  5  9  0
      2    5  5  2  6  4  1
      3    5  7  2  9  1  6
      4    5  6  4  3  2  5
      2    5  3  7  1  6  8
      1    5  8  7 10  1  2
      2    4  1  9  6  4  0
      1    5  6 10  1  8  9
      2    5  2  1  6  5  9
      1    5  6 10  1  5  3
      1    5  2 10  6  7  1
      2    4  7  1  2  3  0
      1    5  1  7 10  6  8
      1    5  3  4 10  9  1
      1    4 10  1  3  6  0
      1    5  7  1  8  4  2
      2    5  7  1  8  2  4
      3    5  1  9  7  2  6
      1    5  7  4  2  8  3
      1    5  5  2  4  6  3
      3    5  3  8  2  1  7
      1    5  4  6  2  7  8
      2    5 10  4  5  3  7
      3    5  3  4  1  7  2
      2    4  1  4 10  7  0
      1    5  9  2  7  8  4
      1    5  8  7  1  9  3
      1    5  6  7  8 10  2
      3    4  8  3  5  1  0
      2    5  8  2  7  6 10
      4    5  5  4  1  7  8
      1    4  7  4  6  8  0
      1    5  7  8  6 10  2
      1    4  6  3  9  2  0
      2    5  5  3  1  7  4
      3    3  5  9  3  0  0
      3    3  9  6  4  0  0
      3    5  1 10  6  2  7
      3    5  5  1  3  4  7
      1    5  1  6  2  8  3
      2    5  2  4  5  7  3
      1    5  4  5 10  2  3
      2    5  5 10  4  3  6
      1    5  3  1  6  2  7
      3    5  1  9  6  3  2
      1    4  7  6  3 10  0
      4    4  3  2  6  4  0
      1    5  4  8  7  5  6
      1    5  8  7  6  1  4
      1    3  5  9  4  0  0
      1    5  9  3  6  4  1
      2    3  6  9  5  0  0
      1    5  3  5  6  8  1
      2    5  5  7  4  1  8
      1    5  4  6  1  5  9
      2    5  3  4  5  9  7
      1    5  5  2  3  4  7
      3    4  7  5  1  2  0
      2    5  4  6  5 10  1
      1    5  6  2  8  4  1
      2    5  1  7  5  3  4
      2    5  2  4  6 10  5
      1    5  3  5  1  6  4
      3    5  5  3  1  2  8
      1    5  5  7  4  9  1
      2    4  4  6  1 10  0
      1    5  6 10  5  4  2
      4    4  3  1  8  7  0
      3    3  2  9  5  0  0
      2    5  8  5  4  3  1
      2    3  3  8  4  0  0
      1    5  2  8  7 10  1
      1    5  1  6  4  2  3
      1    5  8  2  6  9  3
      3    5  7  1  6  2  4
      3    5  7  1  6  8  5
      1    5  5  6  9  4  1
      1    5  3  4  7  9  5
      3    5  3  6  1  5  4
      1    5  7  6  1  5  8
      1    5  7  1  2  5  9
      4    5  3  5  4  6  2
      1    5  8  1  6  7 10
      2    5  1  2  5  6  7
      1    5  5  2  6 10  4
      3    5  4  2  6  7  1
      1    4  1  3  6  9  0
      1    5  1  9  5  7  6
      4    4  8  7  9  2  0
      2    5  3  4  2  9  1
      1    5  3  1  2  8 10
      4    5  1  6  2  8  9
      1    5  7  6  2 10  9
      3    5  6  4  1  5  8
      3    5  1  6  9  7  2
      1    5  1  6  9  3  4
      1    5  2  6  7  9  5
      4    5  5  4  3  7  9
      1    5  6  1  5  4  9
      3    5  4  3  7  2  1
      2    4  2  8  7  6  0
      2    4  4  2  7  5  0
      3    5  5  4  2  1  7
      2    5  3  7  1  4  5
      2    4  1  9  5  2  0
      1    5  5  7  3  4  6
      4    5  2  1  6  4  3
      1    5  5  3  2  1  8
      2    5  5  7  3  2  1
      2    5  8  7  1  2  5
      2    5  3  5  4  8  9
      3    5  9  3  5  4  2
      1    5  1  4  3  2  6
      2    5  6  2  8  4  7
      2    5  2  6  3  1  4
      2    5  6  1  2  5  8
      4    5  2  1  7  5  3
      2    4  4 10  8  6  0
      1    5  6  7  2 10  1
      1    5  4  7  2  1  3
      2    4  8  9  2  1  0
      3    5  5  1  2  4  7
      1    4  5  1  9  7  0
      3    5  8  7  2  5  4
      2    5  8  1  5  2  4
      1    4  7  1 10  9  0
      2    4  1  5  7  8  0
      2    5  4  1  9  5  3
      1    4  6  3 10  7  0
      1    5  1  3  5  2  8
      3    3  5  8  4  0  0
      3    4  2  6  3  4  0
      2    5  7  8  1  9 10
      1    4  3  8  6  5  0
      3    3  2 10  3  0  0
      2    5  5  6  4  1  2
      1    5  5  1  6  2  7
      3    4  2  1 10  9  0
      2    5  2  1  5  7  9
      1    5  1  3  2  5  6
      1    4  2  5  4  8  0
      2    5  1  5  6  4  2
      1    4  6  7  2  9  0
      1    5  3  1  4  7  9
      1    5  1  2  4  8  5
      1    5  4  2 10  3  5
      1    5  6 10  8  7  2
      2    4  5  2  7  8  0
      1    5  3  4  9  8  2
      1    4  7  3  1  8  0
      2    4  4  7  6  3  0
      3    4  5  3 10  4  0
      2    5  2  7  5  4  8
      1    5  9  8 10  6  1
      1    5  4  1  3 10  8
      2    5  7  1  3  4  5
      3    4  9  1  7  6  0
      3    5  7  2  8  3  4
      1    4  9  6  2  3  0
      1    5  8  1 10  9  5
      3    5  3  1  7  5  4
      1    5  4  1  5  2  8
      1    4  4  1 10  2  0
      4    4  2  3  4  5  0
      2    5  4  9  5  3  7
      4    5  7  8  1  9  6
      3    5  2  3  1  4  9
      2    5  6  1  7  5  8
      3    4  1  3  8  9  0
      4    5  3  7  2  1  8
      1    5  8  7  9  1  4
      2    5  1  6 10  9  2
      1    5  6  3  1 10  5
      2    5  5  2  4  1  7
      1    5  2  8 10  1  5
      2    4  2  3  1  7  0
      1    5  2  1  8 10  3
      2    4  1  5  6  4  0
      3    5  7  5  1  3  4
      3    5  9  1  2  7  6
      2    3  9  2  8  0  0
      1    4  6  7  9  3  0
      1    5  4  6  9  5  2
      1    5  7  1  4  2  8
      1    5 10  1  5  3  4
      3    4  9  7  8  1  0
      2    5  1  2  7  5  3
      2    5  1  6  3  7  5
      3    4  7  6  8  1  0
      3    5  1  7  2  3  9
      2    4  3 10  5  4  0
      2    5  4  5  3  9  6
      1    5  3  5  8  1  4
      4    4  2  5  1  3  0
      1    4  7  5  2  6  0
      2    5  5  7  4  3 10
      4    4  5  4  1  2  0
      3    5  5  3  1  4  8
      2    5  2  6  8  4  7
      1    5  6  5  1  2  4
      3    5  1  9  2  3  4
      2    5  8  5  7  6  3
      4    5  6  1  4  7  2
      1    5 10  2  3  4  7
      1    5  4  2  6  1  8
      1    5  2  5  1  3  8
      1    5  1  3  4  6  5
      2    4  7  5  4  3  0
      2    5  6  2  8  7 10
      1    5  6  9  1  3  5
      2    5  5  3  1 10  4
      1    5  4  2  9  3  5
      3    5  5  1  2  6  4
      1    5  5  2  6  7  1
      1    5  6  2  3  1 10
      2    5  3  5 10  4  9
      4    5  2  9  1  7  8
      2    5  9  4  3  5  6
      1    4  3  1  8  4  0
      2    4  9  1 10  2  0
      1    5  2  4  9  3  8
      3    5  7  8  1  6  4
      2    5  4  1  5  3 10
      1    5  7  3  8  6  2
      2    5  7  8  1 10  6
      2    5  2  6  9  1 10
      3    5  6  1 10  5  4
      3    5  2  6  1  4  7
      2    5  1  5  7  3  2
      3    4 10  4  3  5  0
      2    4  9  1  7  8  0
      2    5  7  1  2  6  3
      1    5  5  1  8  7  2
      2    4  1  6  8  3  0
      3    5  1  2  5  6  3
      2    5  3  4  2  6  8
      2    5  6  4  3  5  8
      1    5  3  9  6  5  2
      1    5  2  4  5  3  8
      1    5  2  8  1  9  4
      1    5  7 10  1  5  2
      3    5  7  1  5  8  4
      1    4  6  8  3 10  0
      1    5 10  1  6  2  7
      1    5  6  9  1  3  8
      1    4  7  8  6  5  0
      1    5  8  6  1 10  7
      2    5  2  4  5  7  6
      2    4  5  2  4  9  0
      1    5  1  4  3 10  7
      2    4  1  3  6  8  0
      3    5  8  1  7  2  6
      1    5  2  4  5  6  3
      2    4  7  2  3  8  0
      1    5  9  2  7  3  1
      1    5  4  1  3  6 10
      2    5  6  2  7  3  4
      1    4  1  5  4  8  0
      2    4  4  1  3  8  0
      1    5  8  7 10  6  9
      1    5  4  1  5  8  7
      4    5  3  1  2  9  6
      2    4  9  7  3  5  0
      2    4  6 10  2  5  0
      1    4  3  7  5  4  0
      1    4  8  6  5  1  0
      2    5  5  1  4  7  2
      2    4  3 10  5  1  0
      2    5  2  1  5  7  8
      1    5  6  7  2  4  8
      2    5  4  3  1  5  7
      2    5  6  2  7  1  5
      2    5  1  4 10  5  3
      4    5  2  4  1  7  3
      1    5  6  1  3  2 10
      2    5  7  3  2  8  1
      1    5  1  3  9  5  2
      1    5  1  7  6  8  9
      1    5  9  1  2  8  6
      2    5  1  8  6 10  7
      1    4  2  6  7  4  0
      3    5  2  1  7  9  3
      1    5  2  6 10  5  4
      2    5  8  7  1  9  6
      4    4 10  2  1  4  0
      2    5  5  4  3  8  9
      1    5  4  1  7  5  2
      1    5  4  5  2  6  7
      2    5  2  3  4  5  8
      1    5  6  2 10  9  4
      1    5  8  7  9  1  3
      2    5  1  4  5  8  3
      1    5  6  1 10  2  4
      1    5  4  2  9  5  3
      2    5  6  1  3 10  2
      3    5  7  2  1 10  6
      1    5  5  2 10  6  8
      2    4  3  4  7  5  0
      1    5  7  8  3  2  9
      1    5  3  8  7  2  5
      2    5  2  7  8  4  5
      2    5  9  6  2  1  7
      4    5  2  3  4  5  7
      2    5  5 10  3  4  2
      2    4 10  9  1  3  0
      1    5  6  9  4  1  5
      3    3  2  9  7  0  0
      2    5  7  4  1  2  9
      1    5  8  2  6  1  9
      2    5  3  1  2  6 10
      1    4  7  9 10  2  0
      2    5  5  2  3  1  4
      2    5  1  3  7  2 10
      2    5  3  7  2  1 10
      3    5  4  3  7  5  1
      2    4  5  6  4  9  0
      3    4  5  1  6  3  0
      5    5  4  3  6  1  2
      2    4  3  4  2  6  0
      1    5  3  4  9  5  1
      3    5  4  3  2  5  8
      4    5  6  2  1  5  8
      1    4  1  3  7 10  0
      1    4  4  9  7  1  0
      1    5  2  9  7  5  8
      1    5  2  9  1  6 10
      5    5  2  7  1  3  6
      3    4  1 10  6  7  0
      2    5  8  3  4  7  5
      3    5  6 10  1  2  5
      1    5  6  2  7  8  4
      4    3  8  6  7  0  0
      1    5  4  1  5  7  6
      1    5  4 10  6  9  3
      3    5  7  8  1  9  3
      1    5  6  4  2  7  9
      3    5  1  6  8  3  7
      2    5  2  4  6  1  3
      1    5  3  8  9  7  2
      2    5  9  2  7  8  6
      1    5  1 10  2  5  8
      1    5  5  4 10  2  6
      2    5  5  4  1  2 10
      1    4  3  4  9  1  0
      1    5  3  1  5  4 10
      1    5  4  5 10  3  6
      4    4  1  2  9  8  0
      1    5  6  5  1  4 10
      1    4  9  1 10  7  0
      1    5  7  8  3  4  5
      1    5  7  6  2  1  9
      3    5  7  3  1  2  8
      1    5  7  2  5  4  1
      2    5  3  7  1  6  4
      1    5  5  4  1  8  6
      1    4  1  8  4  2  0
      1    5  1  4  6  3  5
      2    5  6 10  3  4  5
      1    5  3  6  1  2  9
      1    5  3  7  6  1  8
      2    5  2  4  5  1 10
      1    5  1  9  2  8  5
      2    5  8  7  1  6 10
      2    5  6  2  7  1  4
      3    5  1  2  4  6  5
      2    4  3  4 10  6  0
      2    5  3  1  8  2  6
      2    5  1  8  3  7  6
      2    5  2  1  8  6  9
      2    4  2 10  9  6  0
      1    5  7  1  2  4  3
      2    5  1  5  3  4  6
      2    5  3  4  9  1  6
      1    5  1  8  7 10  3
      1    5  1  3  2  5 10
      1    5  5  1  2  3  9
      2    4  6  1  5 10  0
      1    5  3  6  7  9  1
      2    5  3  1  2  6  9
      2    4  1  6  9  3  0
      4    5  2  5  3  4  1
      3    5  7  8 10  1  6
      1    5  7  1  5  3 10
      2    5  6 10  3  5  1
      5    4  9  1  7  2  0
      2    4  2  9  7  3  0
      1    5  8  1  7  2 10
      2    5  2  1  9  4  6
      3    4  3  5  2  7  0
      1    4  9 10  8  1  0
      1    3  3  9  7  0  0
      1    5  4  8  5  3  7
      2    5  4  5  2  1  7
      1    5  9  8  7  3  4
      2    5  5  2  7  3  4
      1    3  9  3  7  0  0
      2    3  7  6  9  0  0
      2    4  3 10  5  2  0
      2    5  7  1  2  9  6
      3    5  7  8  2  4  3
      4    3  5 10  6  0  0
      1    5  5 10  3  4  8
      3    5  1  2 10  4  5
      3    5  6 10  7  1  9
      3    5  2  7  4  1  5
      2    5  1  3  2  6  9
      1    5  4  1  2  6  7
      3    4  2  1  9  3  0
      2    5  4  1  6  5  8
      3    4  1  3  7  8  0
      1    3  5  9 10  0  0
      1    5  7  2  5  8  3
      1    5  5 10  3  4  1
      2    5  5  2  4  9  3
      1    5  3  1  4  6  9
      2    5  8  7  2  1 10
      4    5  6  2  1  9  4
      3    5  3  2  5  6  4
      2    5  4  6  1  3  5
      1    5  1  8  6  3  2
      2    5  6  2  1  9  5
      1    4  5  2  9  8  0
      2    5  1  7  5  3  8
      3    5  6  1  8  7  2
      2    5  5  2  7  6  8
      1    5  6  3  5  1  2
      3    5  1  2  3  7  4
      3    5  5  7  1  4  8
      2    5  1  8  3  2  4
      2    5  1  2  8  3  6
      4    4  8  7  3  1  0
      3    5  2  1  3  9  4
      2    5  1  8  6  2  3
      2    5  2  3  7  1  8
      1    5  3  7  4  5  9
      3    2  8 10  0  0  0
      2    5  1  3  5  7  8
      2    5  1  2  4  5  6
      1    5  2  8  7  3  1
      2    5  1  2  4  8  7
      1    5  1  7  4  5  2
      2    5  2  3  7  8  6
      1    3  9  2 10  0  0
      2    5  3  4  8  5  2
      2    5  9  8  1  2  7
      1    5  8  7  3  2  4
      2    5  6  3  5  4 10
      4    5  4  2  1  6  3
      2    4  2  6  5 10  0
      1    5  4  1  5  6  2
      2    5  7  1  5  6  2
      1    4  1  2  4 10  0
      1    4  6  4  5  9  0
      3    5  2  7  8  6 10
      3    5  6  1  4  2  5
      4    5  3  2  7  1  8
      1    5  8  3  2  1  7
      1    5  7  8  5  2  1
      2    4  7  8  9  6  0
      1    5  3  1  6 10  4
      1    5  5  7  4  9  3
      5    4  3  1  5  2  0
      2    4  4  2  1  8  0
      4    4  3  4  1 10  0
      1    5  6 10  4  3  2
      3    5  2  1  7  5  4
      3    5 10  2  6  1  9
      1    5  7  2  9  4  5
      1    5  8  3  4  9  7
      1    4 10  6  7  9  0
      1    5  2  7  4  5  1
      1    4  1  9  7 10  0
      1    4  3  6  2  9  0
      3    4  6  8  7  2  0
      2    5  1 10  6  8  7
      1    5  1  5  2  4  7
      1    5  4  1  5  7  9
      2    5  2  8  6 10  1
      1    5  1  3  2  7  9
      1    5  6  4  9  2 10
      3    5  5  4  2  1  8
      1    5  2  1  8  9  5
      1    5  1  3 10  8  2
      3    5  2  8  7  1  5
      5    5  5  3  7  2  1
      4    4  6  4  7  1  0
      1    5  1  3 10  4  5
      1    4  6  9  2  7  0
      1    4  4  1  9 10  0
      1    5  6 10  8  7  1
      2    5  1  6  8  3  2
      3    5  3  8  7  1  5
      1    5  1  7  3  5 10
      1    3  5  9  7  0  0
      4    5  5  3  7  4  8
      2    5  2  6  8  3  9
      3    5 10  6  2  1  8
      3    4  3  4 10  1  0
      4    5  5  4  7  3  1
      2    5  3  7  1  2  4
      4    5  6  2  1  3  7
      1    5  1  3  4  8  2
      1    5 10  6  2  4  5
      2    5  5  3  8  7  2
      1    5 10  9  4  3  5
      1    5  4  2  3  7  8
      1    5  6  7  5  4  8
      2    5  3  9  4  1  5
      1    4  7  3  4  1  0
      1    5  1  4  3  9  2
      2    5  6  1  9 10  3
      2    5  7  8  6  1 10
      2    5  1  2  8  7  5
      1    5  5  4  6  8  3
      1    5  4  3  1  6  8
      3    5  5  4  7  1  6
      3    5  1  5  4  3  9
      2    5  6  5 10  2  1
      2    5  7  4  8  5  2
      2    5  6  2  4  9 10
      1    4  2  4  8  7  0
      1    4 10  5  1  6  0
      1    4  7  1  3  4  0
      2    4  1  5  2 10  0
      1    5  2  6  9 10  8
      2    5 10  8  7  2  1
      2    5  2  1  5  6  4
      1    4 10  8  3  4  0
      1    4  9  3  1  2  0
      2    5  6  7  2 10  8
      1    5 10  8  3  1  4
      3    5  4  3  1  5  6
      2    5  2  6  7 10  8
      1    5  3  5  1 10  6
      1    5  5  1  7 10  6
      1    5  8  4  9  1  2
      1    5  3  5  1  8  4
      2    5  2  6  1  8  4
      4    5  1  7  4  5  8
      1    4  6  7  8  1  0
      2    5  6  1 10  3  4
      2    5  5  4  8  7  1
      3    5  1  7  3  4  5
      1    5  7  5  4  2 10
      2    5  1  9  2  8  6
      2    5  4  2  1  8  7
      3    5  7  2  1  4  9
      1    4  5  9  4  3  0
      3    5  4  5  6  3 10
      2    5  5  6  2  1  3
      4    4  4  1  2  7  0
      1    5  2  1 10  6  4
      1    5  3  4  1  6  9
      2    4  7  6 10  1  0
      1    5  9  8  2  1  7
      5    5  1  3  2  5  7
      2    5  4  7  1  8  3
      2    5  3  2  8  4  7
      3    5  7  2  6  3  1
      4    4  8  7  1  3  0
      2    4  1  6  4  7  0
      1    5  1  2  6  3  5
      2    5  2  5  3  7  1
      1    4  5  3 10  6  0
      1    5 10  9  6  2  3
      1    5  6 10  1  3  5
      3    4  5  4  2  7  0
      2    5  5  4  2  3  7
      2    5  3  1  8  5  7
      2    5  2 10  6  1  7
      2    4  3  9  5  4  0
      1    5  6  9  2  7  8
      2    3  8  9  1  0  0
      2    5  7  6  1  8  9
      3    5  1  9  2  7 10
      1    5  7  8  2  5  9
      1    5  6  3  4  1 10
      2    5  6  4  2  5  8
      1    5  2  4  1  6  5
      3    5  5  2  1  7  4
      1    5  4  2  6  1  9
      1    5  6  9  3  1  2
      1    5  6  2  5  3  7
      1    5  3  7  2  4  1
      2    5  4  6  5  2  1
      2    4  9  7  8  5  0
      2    5  6  5  4  7  3
      1    4  9 10  1  7  0
      1    5  6  7  5  3  2
      2    5  1  3  6  2  5
      1    5  7  4  6  5  1
      1    4  9  1  2  3  0
      1    5 10  1  5  4  2
      1    5  7  5  4  6  8
      2    5  5  2  1  4  6
      3    5  2  6  1  4  3
      4    5  3  2  1  8  5
      1    5  1  3  6  9  8
      2    3  7  5  9  0  0
      1    5 10  8  6  9  3
      2    5  3  2  5  8  7
      5    4  1  5  2  4  0
      2    5 10  1  6  3  4
      1    5  3  1  9  5  8
      1    5  2  9  1  7 10
      2    4  1  6  5  3  0
      1    5  2  8 10  6  7
      2    5  1  6  7  4  2
      2    4  6  2  5  3  0
      2    5  6  2  5  7  8
      1    5  3  9  1  2  6
      1    5  5  1  8  7  4
      1    5  5  7  2  4  3
      3    4  6  9  2  5  0
      1    5  1 10  9  7  6
      2    4  1  9  8  2  0
      1    5  3 10  4  1  5
      1    5  7  2  3  1  6
      3    3  7  9  6  0  0
      1    5  4  6 10  3  1
      2    4 10  6  2  5  0
      2    5  5  6  3  4  1
      1    5 10  4  3  7  5
      3    3  2 10  5  0  0
      2    5  3  7  4  5  1
      2    5  7  4  1  5  2
      1    3  9  8  1  0  0
      1    4  4  7  6  8  0
      1    4  4 10  1  3  0
      1    5  3  1  5 10  4
      1    5  3  1  7  2  4
      2    5  7  2  3  4  1
      1    5  1  5  4  2  7
      3    4  6  2  7  9  0
      4    5  2  1  7  6 10
      1    5 10  3  1  5  4
      2    5  3  7  1  5  8
      1    5  5  6  2  7  3
      2    5  7  4  1  2  8
      1    4  4  3  7  6  0
      3    5  6  1  2  9  4
      5    4  3  2  8  1  0
      1    5  2  1  5  3 10
      3    5  1  6  2 10  8
      1    5  9  6  4  5  3
      3    5  3  1  8  7  5
      2    4  3  1 10  9  0
      1    4  3 10  6  2  0
      2    4  3  4  9  2  0
      1    5  1  3  6 10  4
      1    3  8 10  2  0  0
      1    5  8  6  1  7  3
      1    4  2  7 10  1  0
      2    5  3  8  2  7  1
      1    5 10  3  1  4  5
      1    5  3  6  5  4  9
      2    4  6  2  9  4  0
      1    5  5  7 10  3  9
      2    5  8  3  1  7  4
      1    5  2  7  1  9  3
      1    5  1  8 10  4  3
      1    4  5  7  4  6  0
      2    4  6 10  3  2  0
      2    5  1  9  2  6  8
      1    5  2  4  6  8  5
      3    3  3  6 10  0  0
      2    5  2  1  5  3  6
      1    5  1  8  2 10  6
      2    5  6  7  2  9  1
      1    5  7  5  2  8  3
      1    5  3  1  2  4  7
      1    5  7  6  1  3  2
      3    4  7  8  3  2  0
      4    5  5  2  1  3  4
      1    4  8  4  2  1  0
      3    5  1  4  3  6  2
      3    5  3  4  5 10  7
      2    5  4  1  3  9  5
      1    4  3  2  1  9  0
      2    5  6  2  8  3  7
      2    5  6  4  1  5  7
      3    5  7  5  1  8  6
      4    5  2  1  7 10  6
      2    5  2  5  1  3  6
      1    4  3  6  9  8  0
      1    5  1  5  2  8  7
      1    5  9  4  5  1  6
      1    5  1  5  2  3  8
      1    4  2 10  6  5  0
      2    4  3  4  7  1  0
      2    4  3  4  2 10  0
      2    5  6  4  8  7  1
      1    5  6  5  2  4  3
      4    5  7  1  4  5  8
      2    4  4  5  9  2  0
      3    5  7  2  3  1  8
      1    5  2  3  1  9  7
      1    5  1  2  4  5  9
      2    4  1  7  4  9  0
      1    5  2  8  5  7  1
      1    5  1  8  4  5  3
      1    5  9  7  8 10  1
      2    5  3  1  8  7  2
      4    5  2  6  1  9  8
      2    4  4  5  1  8  0
      3    4  6  9  2 10  0
      1    5  3  7  8  6 10
      3    5 10  3  4  5  2
      2    5  7  3  1  5  8
      2    5  3  8  7  5  1
      3    5  1  7  6  2  3
      1    5  5  4  8  1  7
      2    5  2  1  8  4  6
      1    5  4  2  6  9  5
      2    5  6  2 10  5  4
      1    5  2  9  1 10  4
      2    5  5  2  1  3  8
      3    4  6  1  4  5  0
      2    4  4  1  9  6  0
      1    5  8  7  6  1  2
      1    4 10  9  7  2  0
      2    5  1  4  7  8  5
      1    5 10  5  8  3  4
      1    5  5  6  1  9  3
      3    4  4  2  3  7  0
      1    5  7  6  1 10  2
      2    5  2  6  1  4  8
      3    5  1  8  2  7  9
      2    4  1  9  4  6  0
      2    5  2  1  5  8  4
      2    4  3  1  4  2  0
      1    4  2  7 10  6  0
      1    5  3  7  1  9  2
      3    4  1  8  6  3  0
      1    5  4  3  6 10  5
      3    4  9  1  3  2  0
      2    5  6  9  7  2 10
      2    3  5  9  1  0  0
      2    4  3  8  1  2  0
      1    4  2  7  9  6  0
      2    5  2  6  9  3  4
      1    5  6  7  8  9  2
      3    5  1  6  7  3  2
      3    4  1  9  2  8  0
      1    5  2  3  8  7  6
      3    5  1  4  5  7  3
      2    5  1  3  9  4  5
      1    5  8  9  3  4  1
      1    4  5  3 10  1  0
      2    5  6 10  2  9  1
      2    5  9  7  1  2  3
      2    5  3  4  6  5  1
      1    5  3  4  6  1  7
      1    5  7  1  6  9  2
      3    4  6  9  7  2  0
      1    5 10  1  7  4  9
      1    4  1  9  5  7  0
      1    4 10  1  7  8  0
      1    5  7  1  9 10  8
      4    5  2  4  5  1  3
      3    4  2  1  3  5  0
      1    5  1  3  2  8  9
      1    5  6  2 10  7  8
      2    5  1  6  4  3  2
      1    4  2  6  5  7  0
      2    4  4  5  9  3  0
      2    5  4  2  5  9  6
      4    4  2  6  4  5  0
      1    5  6  9  4  5  1
      1    5  2  1  9 10  8
      2    4  7  5  2  8  0
      1    5  3  4  1 10  5
      4    4  7  2  5  8  0
      1    5  6  2  7  4  1
      2    4  7  4  5  3  0
      1    5  1  7  6  8  4
      2    5  8  7  9  1  2
      1    5  7  6  3  9  1
      1    5  2  3 10  6  1
      2    5  3  4  1  8  7
      1    5  8  4  5  3  1
      3    4  4  3  6  2  0
      2    5  7  4  1  2  5
      5    4  7  6  1  8  0
      1    5  6  1  7  9  3
      2    5  6  2 10  4  5
      1    5  3  2  7  9  8
      2    5  1  3  4  8  7
      1    5  1  6  2  3 10
      1    5  3  1  8  6  2
      3    5  7  1  2  8  5
      1    5  4  5  2  7  3
      3    4  5  3  1  9  0
      2    5  5  3  6  4  7
      2    5  2  7  8  6  4
      1    4  4  2  9 10  0
      2    4 10  5  6  3  0
      1    4  6  8  1 10  0
      1    5  6  2  5  7  1
      1    5  3  1  2  9  8
      2    5  7  1  4  6  5
      2    5  2  6  3  5  1
      1    4  9  1  8  6  0
      3    5  4  5  1  7  6
      2    5  6  3  2  7  1
      3    5  1  2  3  9  6
      1    5  6  5  2  7  8
      1    5  6  1  9  5  8
      3    4  3  4  9  5  0
      2    5  4  8  2  5  3
      1    5  7  8 10  6  9
      1    5  4  2  6  5 10
      1    5  4  6  8 10  3
      1    4  3  4  7  2  0
      1    5  1  9  7  4  8
      3    5  6  7  1  2 10
      1    5  5  1  2  4  8
      1    5  1  9 10  6  5
      3    5  1  8  7  3  4
      3    5  4  6  3  5  1
      2    5  4  6  9  1  8
      1    5  2  3  7 10  6
      4    5  2  3  1  7  4
      3    4  5  4 10  3  0
      3    4  5  7  3  1  0
      3    5  1  2  8  5  7
      3    5  4  6  3  2  1
      2    5  7  8  4  1  5
      1    5  2  3  6  1  9
      1    4 10  4  2  6  0
      2    5  8  7  1  3  2
      2    4  6  4  2  7  0
      1    4  6  2  5 10  0
      2    5  2  1  4  7  3
      1    4  1  2  8  4  0
      2    4  7  8  5  4  0
      1    5  3  7  2  8  5
      1    5  3  5  2  6  4
      4    3  1  8 10  0  0
      3    5  3  2  7  8  1
      2    5  2  3  1  5  7
      2    5 10  3  2  1  5
      2    4  5  3  1  6  0
      2    5  1  2  4  6  7
      1    4  8  1 10  9  0
      1    5  2  8  6  1  4
      2    5  1  5  4  2  3
      1    4  6 10  8  2  0
      3    5  2  3  1  6  9
      2    5  1  9  8  2  5
      2    5  5  4  3  9  7
      3    5  7  2  6  1  9
      1    5  5  1  3  6  4
      1    5  2  5  6 10  9
      1    5  3  1  9  5  4
      3    5  3  1  8  4  5
      2    5  6  4  1  5  9
      2    5  2  7  1  3  9
      1    5  9  2  7  5  8
      3    3  6  8 10  0  0
      2    5  3  1  8  2  7
      1    5  3  8  6  2  9
      1    5  5  1 10  2  7
      1    5  6  5  2  7  4
      2    4  4  8  1  2  0
      1    5  2  6  9  3  1
      2    5  9  6  2  7 10
      1    5  1  2  4  9 10
      2    5  6  8  7  1  2
      2    5  7  1  3  8  4
      1    5  2  6 10  1  4
      1    5  1  4  2  7  6
      1    5  9  4  6  1  7
      3    4  2 10  1  7  0
      1    5  8  1  3  7  4
      1    5  6  1 10  9  3
      2    4  8  6  1  2  0
      1    5  5  2  9  3 10
      1    4  5  8  7  1  0
      1    4  3  8  7  4  0
      3    5  2  1  5  7  3
      2    5  2  9  6  1  7
      1    5  3  4  1  9  2
      2    4  5  4 10  8  0
      2    4 10  7  8  1  0
      2    4  3  8  1  6  0
      1    4  3  6 10  5  0
      1    5  7  8  2  9  4
      2    5  6  3  4  5  7
      1    4  7  5  8  6  0
      1    5  4  5  7 10  1
      1    5  7  8  6  9  1
      2    5 10  6  1  8  2
      1    5  1  6  9 10  8
      3    4  3  1  9  2  0
      3    5  1  2  3  5 10
      1    5  3  8  6  7  9
      3    5  2  6 10  1  5
      1    4  9  4  6 10  0
      2    5  5  2  7  1  3
      1    5  5  4  7  6  2
      3    5  2  1  6  3  4
      3    5  7  2  1  6  3
      1    5  9 10  2  1  6
      1    5  4  2 10  1  6
      2    4  7  3  8  4  0
      1    5  7  4  1  8  5
      1    5  2  4  5 10  3
      2    5  9  2  1  8  3
      1    5  1  6  3  4  7
      2    5  2  1  3  5  6
      2    5  7  1  2  3  9
      2    5  6  4  5  2 10
      1    5  3  7  1  6  9
      2    5  5  4  7  2  3
      1    5  5  8  1 10  7
      3    5  2  7  8  4  1
      1    5  4  3  6 10  9
      3    5  3  2  6  1  5
      2    4  7  1  8  3  0
      1    4 10  1  7  6  0
      3    5  6  1  7  4  8
      1    4  1  8  9 10  0
      1    4  7  6  9  4  0
      2    5  2  3  1  6  5
      1    5  4  3  5  8  2
      2    5  5  7  6  1  3
      1    5  5  1  2  8  7
      2    4  3  1  6  9  0
      1    5  1  5  2  4  8
      3    4  7  5  4  1  0
      3    4  3  1  8  2  0
      2    5  3  8  1  4  7
      2    5 10  1  6  5  9
      3    5  8  2  1  6  7
      1    4  5 10  3  9  0
      2    5  3 10  4  5  1
      1    5  5  7  1  6  8
      2    4  7  1  9  6  0
      1    4  9  6  8  1  0
      1    5  6 10  5  4  9
      3    4  4  5  7  3  0
      1    4  7  9  1  8  0
      2    5  4  5  2  3  8
      1    5  2  1  7  3  6
      1    5  4  7  1  2  9
      3    4  8  5  4  3  0
      1    5  6  5  2 10  4
      3    5  3  1  7  4  2
      1    5  8  3  2  7  6
      2    4  2  6  9  4  0
      1    5  5  3  1  8  7
      3    5  1  5  6  4  3
      1    3  7  5 10  0  0
      2    5  2  8  6  1  5
      1    5  1  3  7  6  4
      1    4  8 10  1  6  0
      2    5  9  8  7  1  2
      1    5  5  1  2 10  6
      1    5  7 10  6  8  2
      1    5  6  2  3  1  7
      1    5  9  7  1  6  8
      1    5  7  3  2  4  5
      3    4  4  5  1 10  0
      2    4  5 10  2  1  0
      1    4  7  3  4  8  0
      1    5  6  1  4  2  8
      3    5  8  6  7  2  1
      2    5  3  2  1  7  9
      4    4  2  8  3  1  0
      4    5  3  4  1  2  6
      3    5  2 10  6  1  4
      2    5  9  1  7  8  2
      1    5  6  1  5  4  8
      3    3  1  9  5  0  0
      2    5  5  6  4  7  1
      3    5  3  8  1  2  7
      2    5  3  2  6  8  1
      4    5  4  3  6  2  5
      1    5  3  4  5  7 10
      2    5  2  8  7  6  1
      1    4  9 10  3  5  0
      3    5  1  6  2  9  8
      2    5  1  3  4  2  6
      1    5  6  1  2  8  5
      1    4  7  2  9  8  0
      1    4  8  5  7  3  0
      1    5 10  2  1  6  3
      1    5  3  7  1  4  8
      1    4  4  2  9  1  0
      3    5  5  3  2  7  8
      2    5  1  6  2  3  9
      2    4  7  2  4  1  0
      2    4  1  7  6  3  0
      3    5  7  8  2  6  4
      2    4  9  2  1  3  0
      1    5  6  7  4  2  3
      1    5  5  2  8  1  3
      1    5  1  7  5  6  9
      2    4  1  3  2  6  0
      1    5  5  1  7  2  6
      1    5  8  1  9  7  2
      1    5  5  8  7  2  1
      2    4  6  2  3  4  0
      1    5  6  7 10  1  4
      3    5  5  3  1  7  2
      2    5  1  5  7  4  6
      2    5  4  5  2  3  9
      1    4  9  3  5  7  0
      3    5  5  1  6  3  9
      2    5  7  6  1  2 10
      1    5  5  8 10  9  3
      3    4  5  7  8  4  0
      2    5  4  7  2  5  6
      3    5  7  6  8  2  1
      2    5  4 10  2  1  5
      1    5  7  8  4  1  2
      1    5  1  9  2  8  4
      1    5  3  4  6  1  2
      2    3  1  8  4  0  0
      1    4  5  2  3  7  0
      2    5  2  9  1  7  6
      1    5  3 10  4  1  2
      1    5  9  4  2  3  6
      2    5  8  2  1  3  7
      1    4  4  8  7  6  0
      1    5  3  5  6  4  2
      3    4  1  7  5  6  0
      2    4 10  7  1  8  0
      1    5  6  2  1  4  8
      1    5  5  8  7  1  4
      1    5  6  4  7  1  2
      3    4  2  7  9  8  0
      1    5  6  5  4  2  8
      1    5  5  2  6 10  9
      1    5  7  9  2  8  6
      2    4  3  5  8  2  0
      1    5  2 10  1  6  8
      1    4  7  3  8  6  0
      2    4  1  6 10  5  0
      4    5  3  6  4  2  1
      1    5  3  2  8  9  4
      3    4  1  2  8 10  0
      1    5 10  6  3  4  1
      2    5  4  7  5  1  3
      1    5  2  5  9  1  4
      3    4  3  8  2  1  0
      2    4  6  2  3  9  0
      1    5  6  5  4  1  2
      2    5  3  1  6  4  7
      2    4  4  3  9  1  0
      1    5  1  3  7  5  2
      1    5  2  6  3  4 10
      3    4  2  1  4  8  0
      3    4  1  4  5  2  0
      2    4  6  9  1  8  0
      1    4 10  4  9  5  0
      2    5  6  2  3  7  1
      1    5  3  5  7  4  8
      1    5  1  4  2  7  9
      2    5  3  1  7  8  6
      2    5  6  5  1  3  2
      1    5  1  3  7 10  2
      3    5  4  3  2  5 10
      2    4  6  1 10  7  0
      2    5  7  4  5  8  3
      3    4  1  2  5  7  0
      2    5  9  5  3  4  1
      3    5  9  7  2  1  8
      2    4  5  3  2  7  0
      1    4 10  1  3  7  0
      2    5  9  6  7  2  1
      2    5  5  4  2  7  1
      2    5  1  6  5  2  3
      1    4  6 10  1  5  0
      1    5  3  8  2  1  4
      2    5  6  4 10  2  1
      1    5 10  4  5  2  7
      2    5  3  4  5  9  1
      1    5  1 10  2  6  8
      1    5  5  4  6  2  3
      2    5  2  1  3  5  9
      1    4  6  8  3  5  0
      1    5  3  1  2  8  4
      2    5  1  3  8  7  4
      2    5  3  1  8  7  4
      2    4  1  7  5  8  0
      3    5  2  5  4  7  8
      3    3  9  4  3  0  0
      1    5  2  7  3  4  1
      1    5  6  3  1  7  5
      1    4  9  6  8  2  0
      1    5  3  9  1 10  6
      3    5  4  2  5  6  8
      2    5  8  2  7  4  3
      1    5  9  1  7  4  8
      2    4  8  7  3  5  0
      2    5  4 10  5  3  6
      2    5  2  4  5  7  8
      2    5  7  5  1  8  3
      1    5  1  4  3  8  5
      2    5  7  8  6  5  4
      2    5  7  1  2  8  4
      2    5  6  1  8  7 10
      1    5  6  7  1  3  9
      1    4 10  6  2  4  0
      1    5 10  2  4  6  1
      1    4  8  2  6  7  0
      2    5  7  2  3  8  1
      4    5  2  6  7  1  9
      1    5  1  7  6  8 10
      2    5  1  7  2  3  6
      1    5  5  4  6 10  2
      2    5  4  2 10  5  3
      1    4  3 10  4  7  0
      1    5  7  4  5  9  3
      1    5  1 10  6  2  3
      3    5  1  6  2  5  4
      1    5  6  3  1  5  9
      2    5  7  1  2  4  8
      3    4  2  4  6  5  0
      2    5  9  7  1  6  2
      1    5  3  6  2  5  1
      2    3  9  8  3  0  0
      1    5  7  2  8  9  6
      1    5  2  1  8  4  9
      1    5  2  6  1  8  9
      2    5  3  5  7  4  1
      1    5  9 10  1  6  2
      2    4  2 10  8  5  0
      2    5  7  4  8  1  2
      1    5  2  3  1  8  4
      3    4  5  6  1  4  0
      2    5  6  7  2  4  5
      1    4  9  3  2  6  0
      2    4  1  3  5  2  0
      2    5  7  5  4  8  3
      2    5  4  7  1  8  2
      1    4  4  6  8  5  0
      3    4  3  1  2  9  0
      1    5  3  8  4  6  7
      1    5  6  9  1  4  7
      2    5  5  1  6  4  3
      4    5  6 10  9  1  2
      1    4  8  3  5  4  0
      1    5  6  7  5  2  1
      2    5  1  6  9 10  7
      1    5  2  7  1  5  3
      1    5  7  1  4  2  6
      1    4  7  5  4  8  0
      1    5  6 10  9  3  4
      1    5 10  3  9  6  8
      2    5  1  7  2  9  6
      2    5  6  1  5  7  2
      3    5 10  3  4  5  9
      1    5  3  1  6  2  4
      1    5  3  7  8  1  2
      2    4  9  6  1  3  0
      1    5  8  3  1  2  7
      3    4  5  4  7  6  0
      2    5  2  7  1  6 10
      3    4  7  6  8  2  0
      1    5  6  5 10  9  3
      1    5  4  2  7  5  1
      2    5  1  6  7  9 10
      2    5  4  2  5  3  1
      2    5  7  5  8  3  4
      3    5  2  7  8  4  3
      2    5  3  1  7  8 10
      1    5 10  4  5  2  1
      1    5  4  3  5  7  9
      2    5  1  6  9  8  7
      2    4  6  2  5  4  0
      2    5  6  5  4  3  8
      1    5  1  2 10  6  8
      1    4  2  1 10  8  0
      3    5  1  7  8  9  3
      1    4  8  5  3  4  0
      1    4  2  5  9  7  0
      2    5  6  2  9  1  7
      2    5  6  2  1  8  5
      1    4  5  1  6  7  0
      2    5  1  5  3  6  7
      1    5  4  1  7  2  6
      2    5  2  1  6  9  5
      1    5  9  6  8  7  1
      2    5  2  1  3  6  9
      4    3  1  8  5  0  0
      1    5 10  3  4  6  5
      1    5  5  7  8  4  6
      3    5  3  2  1  5  9
      1    4  3  5  7  1  0
      2    4  9  1  8  3  0
      1    4  1  7  5  9  0
      2    5  1  2  4  3  8
      2    5  4  5  8  7  1
      1    5  8  1  2  6  7
      2    5  6  4  5  1  2
      1    5  2  8  1  7  5
      1    5  1  6 10  8  2
      1    4 10  1  6  8  0
      1    3  4  7  9  0  0
      2    4  9  2  1 10  0
      1    5  8  2  7  3  6
      2    5  4  2  3  5  7
      1    4  1  9  6  3  0
      2    5  6  2  1  7  5
      1    5  6  1  8  4  2
      3    4  2  3  7  1  0
      2    4  3 10  6  1  0
      2    5  5  4  1  2  8
      1    4  5  7  3  4  0
      1    5  6  1  5  7  3
      1    5  1  6  8  4  2
      1    4  6  5 10  7  0
      3    4  2  4 10  6  0
      2    4  1  9  2  3  0
      2    5  7  5  1  8  2
      1    3 10  8  3  0  0
      2    5  3  5  1  8  7
      2    5  9  1  4  3  7
      2    4  6  3  5 10  0
      2    5  6  1  5  4  7
      2    4  4 10  1  5  0
      2    4  7  2  4  6  0
      2    4  6  3  1  4  0
      1    5  1  6  8  2  7
      2    5  5  4  1  7  2
      2    5  4  6  1  5 10
      1    4 10  6  4  1  0
      3    4  4  1  2  3  0
      3    5  3  2  1  9  8
      2    5  5  3  4  8  1
      2    5  2  4  6  7  5
      2    4  3  8  4  1  0
      1    5  7  8  2  5  1
      2    3  3  9  6  0  0
      1    5  8  6  9  7  1
      1    4  5  3  9  8  0
      1    5  9  1  2  6  4
      2    5  2  7  1  6  4
      1    4  1  7  8 10  0
      1    5  9  7  4  1  2
      3    5  6  4  2  1  8
      2    5  6  1  5  4  2
      1    5  2  4  1  6  8
      1    3  9 10  8  0  0
      3    5  7  5  3  4  8
      2    5  1  7  3  2  8
      3    4  5  2  4  1  0
      2    5  1  5  4  8  7
      1    5  6  5  1  8  9
      1    5  4  9  1  6 10
      1    4  2  1  5 10  0
      1    5  8  3  7  5 10
      3    5  6  4  7  3  2
      1    5  6  5  3  8  1
      2    3  5  8  1  0  0
      2    4  8  7  9  6  0
      1    5  1  3  4  9  5
      2    5  5  2  8  3  1
      1    4  6  9  8  1  0
      3    4  5  3  9  4  0
      1    5  9  1  7  2  4
      2    3  7  6  3  0  0
      1    5  2  7  9  4  5
      1    5  5  7  1  8  4
      2    4  4  3 10  1  0
      2    5  7  8  1  6  3
      2    4  3  8  2  7  0
      1    4  3  2  9  5  0
      3    5  8  7  1  2  9
      1    5  7 10  2  1  6
      1    5  1  7  5 10  9
      2    5  2  8  3  7  1
      1    4  2  3  5  9  0
      2    4  6  2 10  4  0
      3    5  2  3  5  4  7
      1    4  9  1  7  3  0
      1    5  7  2  5  6  4
      2    5  4  1  5  7  2
      1    4  6 10  5  4  0
      3    5  5  6  3  4  2
      1    5  1  9  7  3  2
      1    4  5  8  2  4  0
      1    5  6  1 10  4  3
      1    3  5  8  2  0  0
      1    5  5  1  7  8  3
      1    5  8  7  1  9  2
      2    5  3  4  6  9  5
      3    5  2  7  6  8  3
      4    5  7  5  1  2  8
      2    5  6  2  1  5  9
      1    5  1  2  3  9  4
      1    5  4  2  7  1  6
      3    5  6  2  1  4  5
      2    4  3  8  7  2  0
      2    4  5  6  2  4  0
      1    4 10  2  4  1  0
      2    3  6  4  8  0  0
      1    5  1  6 10  9  7
      1    5  4  3 10  6  5
      3    5  5  1  4  6  3
      2    5  6  1  2  8 10
      1    3  9  5 10  0  0
      2    4  8  2  9  1  0
      2    5  5  3  4  9  6
      1    5  1  5  2  8  4
      3    5  5  3  7  8  4
      1    4  4  1  8  7  0
      2    5  1  3  4  2  9
      1    3 10  7  6  0  0
      1    5  2  4 10  5  3
      3    5  6  1  2  3  5
      1    5  8  2  7  1  6
      2    3  9  3  1  0  0
      1    5  3  8  5  4  9
      1    5  4  3  9  6  2
      2    4  4  6  5  2  0
      1    5  7  2 10  1  5
      2    5  6  1  2 10  3
      1    5 10  2  1  6  4
      1    5  5  3  9  7  1
      2    4  9  1  4  3  0
      1    5  7  1  4  3  8
      2    5 10  2  6  1  3
      1    5  6  1 10  9  4
      1    5  3  8  7  6  1
      1    5  6  1 10  3  2
      1    5  6  1  5  2 10
      1    5  3  9  4  2  1
      3    3  5  1  8  0  0
      1    4  8  1  7  2  0
      2    5  1  2  9  6 10
      1    5  7  4  9  2  1
      2    5  1  7  8  5  3
      1    3 10  3  8  0  0
      1    4  9  4  3  2  0
      1    5  5  6  4  2  1
      1    5  2  6  8  1  3
      1    5  2  9  6 10  5
      1    5  4  5  6 10  3
      1    5  1  2  5 10  7
      2    4  4  5 10  6  0
      1    5  2  5  7  3  6
      2    5  5  7  8  1  2
      1    4  3  6  4  2  0
      2    5  5  6  4  3  8
      1    5  6  2  7  5  4
      2    5  7  8  4  6  1
      1    5  5  7  1  2  4
      1    4  1  9  2  4  0
      2    4  4  6 10  5  0
      1    5  7  2  1  9  4
      2    5  5  1  9  3  4
      1    4  4  6  7  2  0
      3    5  2  8  6  1  7
      1    4 10  1  2  3  0
      3    5  2  6  7  1  5
      2    5  5  4  7  3 10
      1    5  1  7 10  2  8
      3    5  3  5  4  7  9
      2    5  1  3  7  8  6
      1    5  1 10  6  7  9
      1    4  3  7  6  5  0
      3    5  6  7  2  8  1
      1    5 10  6  8  7  1
      3    4  2  6  3  9  0
      2    4  3 10  4  6  0
      1    5  9  7  1  3  5
      1    5  3  4  7  2  9
      1    5  1  8  7  2  4
      1    5  6  7  8  4  1
      2    5  1  2  8  6  4
      2    5  2  5  7  1  4
      3    5  7  2  8  3  1
      2    4  3  2  5  7  0
      2    4  7  5  1  4  0
      1    5  1  3  8  9  5
      1    4 10  4  1  2  0
      1    5  1  7  9 10  6
      1    4  4  5  8  2  0
      1    5  2  1  6 10  8
      3    5  3  7  1  5  6
      2    5  1  7  5  8  3
      1    5  7  2  6  1  4
      2    5  1  2  3  4  6
      1    4  4 10  3  8  0
      2    5  6 10  2  9  7
      2    5  2  1  7  3  4
      1    4  1  7  9  4  0
      3    2  5  8  0  0  0
      1    5  7  5  4  3  6
      2    5  3  5  7  8  2
      2    5  1  3  2  7  5
      1    5  1  4  2  5 10
      2    4  5  7  1  8  0
      1    5  4  5  8  3  2
      3    5  2  1  3  7  9
      1    5  7  6 10  4  2
      2    5  3  6  1  2  4
      1    5  5  2  8  3  7
      1    5  5  7  9  1  4
      2    4  6  3  2  5  0
      1    5  4  1  9  7  3
      2    5  3  4  6  2  1
      3    3  9  3  4  0  0
      1    5  5  4 10  6  8
      1    5  4  1  6  7  5
      3    5  4  5  7  1  2
      2    5  2  1  4  7  6
      1    5  6  1  3  5  2
      2    5  8  7  3  4  2
      1    5  2  1  6  4  8
      2    5  3  4  9  1  5
      1    5  1  9  6  4  5
      2    5  4  5  6  1  7
      2    5  2  8  1  7  4
      1    5  5  7  4  8  3
      2    5  6  2  3  5  4
      2    5 10  6  1  4  2
      1    5  9  3  1  2  6
      1    4  2  6  4  3  0
      1    5  4  9  3  7  2
      1    5  1  2  3 10  8
      1    5  1  6  3  2  8
      2    3 10  5  6  0  0
      1    5  2  1  4 10  3
      1    5  2  9  1  8  4
      1    5  2  1  8  7 10
      1    4  6  4  7  8  0
      2    5  4  3  2  8  7
      1    5  1  2  5  3  8
      1    5  2  7  8  9  4
      3    4  5  1  2  4  0
      2    5  2  3  1  6  8
      2    4  8  7  4  6  0
      2    4  1  5  6  7  0
      1    5  8  7  1 10  2
      1    5 10  5  1  3  4
      2    5  6  3  4  5  8
      1    5  8  1  7  6  2
      2    5  4  6  2  1 10
      1    4  3  8  7  1  0
      1    4  2  1  3 10  0
      1    5  6 10  3  4  8
      1    5  1 10  2  3  6
      2    5  5  3  2  1  4
      1    5  4  6 10  2  5
      2    5  1  3  5  4  8
      1    4  1  4  8  5  0
      2    5  2  1  9  6  8
      1    5  1  5  7 10  6
      1    5  9  1  2  3  6
      1    5  3  9  6  5  4
      2    5  4  5  6  2  9
      3    4  7  2  1 10  0
      2    3  5  6  9  0  0
      2    5  3  4  7  5  2
      2    4  9  6  2  7  0
      1    5  5  2  6  4  3
      2    5  4  2  6  3  1
      3    5  8  7  6  2  1
      2    4  8  7  2 10  0
      1    5  7  5  3  6  1
      1    5  9  3  2  1  5
      2    5 10  2  1  4  3
      2    5  5  6  1  3  4
      2    4  5  1  7  9  0
      1    5  7  8  6  9  5
      1    5  8  4  2  3  5
      2    3  2  7 10  0  0
      1    5  1  8  5  2  7
      2    5  7  1  6  8  3
      1    5  1  5  2  9  7
      1    4  7  4  9  1  0
      2    5  5  3  1  8  4
      2    5  2  8  6  7  1
      1    4  7  6  2  8  0
      2    3 10  2  3  0  0
      1    5  7  3  8  9  2
      1    5  5  8  4  1  6
      1    5  3  6  1  9  5
      3    4  4  2  6 10  0
      1    4  4  6  3 10  0
      1    5  3  2  4 10  7
      2    5  3  5  6  7  2
      1    5  5  6  3  1  4
      1    5  5  6  1  4  7
      1    5 10  3  8  6  5
      1    5  9  6  4  8  1
      3    5  5  3  1  4  7
      1    5  9  7  1  6  3
      2    5 10  4  5  3  2
      2    4  5  4  8  3  0
      1    5  3  9  6  4  5
      2    5  2  1  3  9  5
      1    4  2  9  8  7  0
      1    5  2  7  5  1  4
      2    5  8  3  7  1  2
      1    5  2  8  7  4  1
      2    5  5  1  4  2  7
      1    5  4  3  2  6  7
      2    5  3  4  2  8  1
      1    5  4 10  1  5  3
      1    5  6 10  2  1  3
      2    4  8  3  4  5  0
      1    5  1  8  6  7  9
      1    4  3  8  2  9  0
      2    4  2  1  5  8  0
      1    4  7  8  3  4  0
      3    5  5  4  7  3  2
      2    5  1  7  2  4  3
      1    5  9  6  1  3  2
      3    4  5  1  4  9  0
      2    4  9  8  2  1  0
      1    5  4  1  3 10  5
      3    5  6  1 10  9  2
      1    5  4  3  7  5  9
      2    5  8  4  1  5  3
      1    3 10  7  8  0  0
      3    4  7  1  2 10  0
      2    5  1  2  3  4  9
      1    5  7  8  1  5  9
      2    4  3  4  8  6  0
      1    5  1  6  4  2  7
      3    4  4  5  6  7  0
      2    5  2  7  8 10  1
      2    4  4  2  7  1  0
      1    5  5  7  3  4 10
      1    5  5  2  1  6  3
      2    3  7  9  5  0  0
      2    5  5  6  4  7  8
      1    5 10  4  5  6  3
      1    5  6  3  8  4  2
      3    5  4  1  7  6  3
      1    5  8  7  2  5  1
      1    5  2  1  5  4 10
      2    5  1  3  2  6  5
      3    5  1  5  7  4  8
      3    5  6  1  4  2 10
      1    5  1  2  9  6  4
      1    5  2  8  5  1  4
      1    4  6  1  4  8  0
      3    5  3  1  4  7  5
      1    4  5  4  2 10  0
      2    4  3  6  5  9  0
      1    5  1  5  3  4  9
      2    5  2  1  4  9  5
      1    5  1  3  8  6 10
      1    5 10  3  1  6  9
      1    5  4  7  3  6  5
      2    5  1  7  8  4  3
      1    5  6 10  5  9  1
      2    5  1  9  2  8  7
      2    4  2  6  8  4  0
      1    5  2  4  6  8  3
      2    4  3  8  5  1  0
      3    5  3  6  2  1 10
      2    5  1  2  5  3  6
      1    4  7  4  5  6  0
      1    5  2  4  8  5  7
      3    5  2  3  4  8  1
      2    4  5 10  1  4  0
      1    5  5  4  7  1  2
      2    5  5 10  6  4  2
      1    4 10  9  3  4  0
      2    5  2  1  7  6  4
      1    5  7  6  8  3  2
      1    5  5  4  2  6  1
      2    5  2  1  4  6  8
      1    5  4  1  2 10  3
      1    5  4  5  1  2  3
      1    4  4  2  8  6  0
      1    5 10  6  1  3  5
      1    4  2  9 10  1  0
      1    5  7  4  1  2  6
      1    4  4  6 10  2  0
      1    5  6  5  2  7  3
      1    5  6  7  1  3  5
      2    5  9  2  1  6  7
      4    3  2  9 10  0  0
      2    4  6  4  3  1  0
      1    4 10  6  8  5  0
      1    5  4  2  6  1  3
      3    5  3  5  4  8  1
      2    4  1  3  7  9  0
      1    3  8  4  3  0  0
      3    5 10  6  9  1  2
      2    5  1  6 10  2  7
      1    5  9  6 10  7  3
      2    5  3  1  4  9  8
      1    5  8  1  2  9  6
      3    5  1  2  7  4  8
      1    4  2  8  7  5  0
      2    5  5 10  1  4  3
      2    4  4 10  3  6  0
      1    5  3  6  8  1  7
      1    5  1  5  6  7  2
      1    5  6  2  4  1  9
      3    4  2  1  5  9  0
      2    5  7  2  1  3  5
      3    4  1 10  4  3  0
      1    5  1  4  3  6  8
      1    5  4  9  7  1  2
      3    3 10  3  6  0  0
      2    4  6  7  2  4  0
      1    4  8  3  2 10  0
      2    5  5  1  6  8  7
      2    4  8  1  6  2  0
      2    4  7  1  5  6  0
      1    5  9  1  4  5  3
      2    5  1  7  5  6  4
      1    4  7  3  6  1  0
      1    4  1  8  3  2  0
      3    4  9  7  1  2  0
      1    4  2  6 10  5  0
      1    5  2  7  3  4  5
      1    4  4  2  6  8  0
      1    5  5  3  8  7  1
      3    5  1  2  8  3  7
      1    5  1  4  8  2  7
      2    3 10  8  5  0  0
      1    5  3  9  8  2  7
      1    4  2  5  6  9  0
      2    4 10  7  1  2  0
      2    5  6  4  1  2  8
      3    4  6 10  7  1  0
      1    5  1  4  3  7  8
      1    5  1  2  8  4  3
      1    4 10  6  5  1  0
      1    5  8  2 10  1  7
      1    5  1  3  6  2  8
      2    5  7  1  6  5  8
      1    5  3  9  6  2  1
      2    5  4  1  5  2  7
      1    4  2  7  4  5  0
      2    5  2  1  8  9  7
      1    5  3  2  7  6  8
      2    5  3  5  6  4  1
      1    5  6  2  5  9  3
      1    5  8  5 10  4  2
      1    5  2  5  7  3  9
      1    5  9  7  8  4  2
      1    4  1 10  8  4  0
      2    5  7  8  2  4  1
      1    5  2  8  7  9  5
      1    5  3  8  5  4  1
      1    5  1  3  7  5  4
      1    5  7  8  2 10  4
      1    5  9  1  7  2  3
      1    5  4 10  1  6  5
      1    5  5  9  2  4  3
      2    4  6  2  9  8  0
      3    5  3  2  8  1  5
      1    5  2 10  1  6  5
      1    5  2  9  1  8  3
      2    4  1  5  7  6  0
      2    5  5  1  3  2  7
      2    5  5  4  1  6  7
      2    5  7  2  1  6 10
      1    3  6 10  8  0  0
      1    5  6 10  9  7  2
      2    5  2  6  1  5  8
      1    5  8  6  7  9  2
      1    5  5  4  7  8  1
      1    5  5  4 10  3  2
      2    4  8  3  4  1  0
      4    3  4  7  3  0  0
      2    5  7  5  1  2  6
      1    5 10  5  6  1  2
      2    5  2  1  7  6  5
      1    5  6  5  3 10  2
      2    3  9 10  3  0  0
      1    5 10  2  6  4  7
      3    5  2  3  6  1  5
      2    4  4  7  8  5  0
      2    5  5  7  3  6  2
      2    5  4  1 10  6  2
      2    4  6  5  3  1  0
      3    5 10  2  1  6  9
      2    5  7  2  5  1  4
      3    3  6  5 10  0  0
      2    5  5  3  1  2  6
      1    5  1  3  7  8  9
      1    5  1 10  9  2  8
      1    5  1 10  2  8  7
      1    5  6  9  5  2  3
      2    5  2  1  7  9 10
      1    5 10  6  1  2  4
      1    5  7  2  4  1  9
      3    3  7  3  5  0  0
      2    4  1  5  9  6  0
      1    4  3  2  7  6  0
      1    4  4  2  3  1  0
      1    5  4  3  1  9  6
      1    4  7 10  6  1  0
      1    5  6 10  2  5  3
      1    4  3  1  9  5  0
      1    4  2  3  4  7  0
      1    4  8  3  6  7  0
      2    5 10  5  4  3  6
      1    4  7  8  5  6  0
      2    5  2  6  9  7  1
      1    4 10  3  4  6  0
      3    5  5  6  2  7  4
      1    5  1  6  8  7  9
      1    4  3  1  5  6  0
      1    5  9  6  4  1 10
      1    5  4  5  2  9  3
      1    5  2  3  6  5  1
      2    5  6  2  8 10  5
      1    5  1  5  6  3  2
      2    5  3  8  4  2  1
      1    5  6  2  9  5  3
      1    4  1  4  9  6  0
      3    3 10  6  8  0  0
      1    5  2  8  7  9  6
      1    4  3  1 10  4  0
      1    5  2  3  1  6 10
      1    5  4  3  5  9  1
      2    5  2  1  8  6 10
      1    5  2  7  5  8  1
      1    5  6  2 10  7  3
      1    5  7  8  1  6 10
      1    5  1  6  9  5  3
      2    5  2  9  7  8  6
      1    5  3  5  1  4  8
      2    4 10  6  5  4  0
      2    5  5  1  6  4  7
      1    5  9  4  5  6  7
      1    5  6  5  9  1  7
      1    4  3  8  1  5  0
      2    5  1  3  7  2  4
      2    5  7  2  8  1 10
      2    2  7 10  0  0  0
      1    5 10  9  5  4  8
      4    3  7  3  8  0  0
      1    5  4  2  3  5  8
      1    5  4 10  1  5  2
      2    5  5  3  4  8  6
      1    5  2  6  5  3  1
      1    5  9  2  7  4  1
      2    5  7  2  6  9  1
      1    4  6 10  2  7  0
      1    5  2  5  3  6  9
      1    5  5  2  7  4  6
      1    5  7  4  5  3  1
      1    5  2  6 10  7  8
      2    5  6  4  7  2  5
      1    5  2  5  1 10  4
      1    5  1  2  5  3  9
      2    5  1  8  2  3  7
      2    5 10  6  9  3  8
      1    5 10  4  7  8  1
      2    5  6  9  3  1  8
      1    5 10  3  4  2  1
      3    5  1  3  8  5  4
      1    5  1  9  2  3  7
      1    5  3  8  6  1  7
      2    5  4  1  2  7  3
      1    4  3  4  7  8  0
      1    5  6  7  2  8  3
      1    5  7  9  3  2  1
      2    5  6  4  5  1  3
      1    5  2  4 10  8  6
      2    5  7  6  4  2  5
      3    4  3  6  5  2  0
      1    5  2 10  1  6  4
      2    4  2  3  8  1  0
      1    5  6  2  3 10  5
      1    4  4  6 10  9  0
      1    4  8  7  5  2  0
      1    4  3  1  8  5  0
      2    5  5  2  3  1 10
      1    5  7  1  3  2  5
      1    4  7  1  3 10  0
      1    5  2  8  5  7  4
      3    4  6  1 10  8  0
      2    5  2  4  6 10  1
      1    5  1  2  6 10  4
      2    5  5  3  9  4  2
      3    4  3  7  2  8  0
      2    5 10  3  2  5  4
      1    5  6  2  7  9 10
      2    5  5  1  6 10  7
      1    4  2  7  5  1  0
      3    4  4  5  6 10  0
      2    5  2  7  9  1  5
      2    3  9  7  4  0  0
      1    5  6  7  5  1  4
      1    5  5  1  6  2 10
      1    5  6  5 10  4  3
      2    5  2 10  4  7  5
      1    5  7 10  1  3  5
      2    4  6  5  2  4  0
      1    5  5  7  1  3 10
      2    4  5  7  4  9  0
      1    5  5  7  6  4  8
      1    4  4  7  5  2  0
      1    5  2  9  4  3  5
      2    5  8  5  2  4  3
      1    5 10  2  3  4  5
      2    5  3  5  1  4  2
      1    5  3  4  1  9 10
      2    5  7  5  1  3  2
      1    4 10  3  9  4  0
      2    5  1  8  2  7  4
      1    5  2  4  1  8  5
      2    5  4  3 10  2  1
      1    5  5  7  2  1  6
      1    5  9  3 10  6  1
      1    5  9  1  7  5  6
      2    5  4  1  3  8  7
      1    5  6  9  8  2  7
      2    3 10  2  7  0  0
      1    5 10  4  5  1  9
      1    5  3  4  2 10  8
      1    4  5  3 10  9  0
      1    5  1  3 10  7  4
      1    5  5  6  1  2  8
      2    5  4  3  7  5  8
      2    5  3  7  4  2  1
      2    4  7  8  4  9  0
      1    5  2 10  4  5  3
      2    4  3  7  4  1  0
      1    5  7  9  1  6  8
      2    5  4  5  1  7  2
      1    5  7  8  3  9  1
      2    5  3  2  5  4  6
      1    5 10  1  2  7  6
      2    4  1  6  5  8  0
      1    5  6  1  3  9  2
      1    4  7  4  1  8  0
      1    5  2 10  6  8  7
      2    4  7  3  5  4  0
      1    5  9  4  3  5  1
      1    5  7  3  5  4  2
      2    5  4  8  7 10  2
      1    5  1  6 10  7  5
      2    4 10  6  9  4  0
      1    5 10  7  5  9  1
      1    5  5  6  1 10  3
      2    5  1  7  2  8  4
      1    5  2  4  9  6  1
      1    5  1  7  5  4  9
      1    4  2 10  8  1  0
      1    5  5  4  2  8  7
      1    5  1  2  4  3  9
      2    5  3  5  6  1  4
      1    5  2  6  8  7 10
      1    5  4  7  1  2  3
      1    5  5  8  4  7  2
      2    5  3  5  6  2  1
      1    4  7  1  4  5  0
      3    4  1  4  2  6  0
      1    5  7  1  9  4  6
      3    3  6  7 10  0  0
      2    4  6  5  1  7  0
      1    4  3  4  6  8  0
      2    5  1  4  3  5  8
      1    5  2  9  6  1  8
      3    5  2  6  4  5  7
      3    5  5  6  3  4  7
      1    4  4  2  7  6  0
      3    4  4  7  3  5  0
      1    5  6  4  1  9  7
      1    5  3  4  8  6  2
      3    5  2  4  5  1  7
      2    5  3  1  2  7  4
      1    4  8  1  5  7  0
      1    5 10  7  1  6  3
      1    5  1  6  2 10  7
      2    5 10  6  1  7  8
      3    5  3  4  1  5  8
      1    4  2  7  3  4  0
      1    4  5  3  1  7  0
      1    4  4  6  9  3  0
      3    4  2  6  7  9  0
      1    4  9  1  5  7  0
      2    5  1  8  9  2  3
      1    5  1  5  8  7  4
      1    4  3  6  7  4  0
      1    4  8  3  7  4  0
      1    4  9  6  3  5  0
      1    5  3  6  2  7  1
      1    5  2  9  6  1  3
      2    5  2  3  7  1  6
      1    5  2  3  8  6 10
      2    5  2  3  5  8  7
      3    5  3  1  5  2  4
      1    5  1  2  8  5  9
      1    5  9  1  4  6  5
      2    5  5  3 10  1  4
      1    5  6  1  9  2  5
      1    5  1  6  5  2  8
      2    4  6  1  5  9  0
      2    5  9  1  3  7  6
      2    5  2  7  3  1  8
      1    5  6  7  3  4  5
      2    4  1  3  4  6  0
      1    5  2  1  6  5 10
      2    4  1  5  3  9  0
      1    5  8  7  6  2  9
      1    5  2  5  1  4  6
      1    5  4  1  9  5  6
      2    5  1  4  2  3  9
      1    4  1  6 10  7  0
      1    5  4  7  3  5  2
      1    4  7  3  5  9  0
      1    5  5  7  6  1  8
      3    4  4  2  5  1  0
      1    5  2  7  6  9  1
      2    4  2 10  1  3  0
      2    5  3  2  7  6  1
      1    5  2  1  8  3  5
      1    4  1 10  9  4  0
      1    4  5  7  3  2  0
      2    5  3 10  1  4  5
      1    5  5  6 10  1  8
      1    5  9  2  6  8  1
      1    5  3  1  9  6  2
      3    4  6  2  4  8  0
      2    5  2  3  7  5  8
      3    4  2  9  1  5  0
      2    4  7  3  1  4  0
      1    5  6  2 10  7  9
      2    5  4  7  2  1  8
      1    5  5  1  6  7  9
      1    5  3  8  9  4  2
      1    5  3  7  8  1  9
      2    4  1  6  7  3  0
      2    5  5  6  1  4  2
      1    4  7  9  1  6  0
      2    5  3  1  4  6  2
      1    4  5  3  2  9  0
      1    5  2  9  8  7  5
      1    5  1  3  2  4  6
      2    3  6  9  8  0  0
      1    4  9  3  2  1  0
      1    4  8  9  4  5  0
      1    4  1 10  2  5  0
      1    5  6  9 10  7  8
      1    5  3  2  1  8  4
      2    5  7  2  8  6  5
      1    5  8  6  7  4  1
      1    4  5  1  9  6  0
      1    4  2 10  7  3  0
      2    5  7  8  6  2  5
      1    5  6  3  4  1  2
      1    5  6  2  9  8  5
      3    4  4 10  3  5  0
      1    5  5  2  4  6  7
      2    5  2  1  8  3  7
      2    5  3  1  2  8  6
      1    5  1  5  8  2  4
      1    4  8  7  9 10  0
      1    5  6  7  1  8  9
      3    5  1  6  9  2  4
      2    5  4  3  1  8  7
      2    4  9  7  1  5  0
      1    5  2 10  8  5  1
      2    5  5  3  7  8  2
      1    5  6  2  7  5  8
      2    5  2  1  6 10  4
      1    4  7  5  6  1  0
      2    5  2  8  1  7  9
      1    5  3  2  8  1  7
      1    5  6  5  1  2  7
      2    5  3  4  7  8  1
      1    5 10  3  4  7  2
      2    4  5  2  1  4  0
      1    5  7  2  5  4  6
      2    4  6 10  9  3  0
      1    5  3  2  4  6 10
      3    4  6  2  9  7  0
      1    5  3  6  1 10  4
      1    5 10  7  1  6  8
      1    5  2  3  8  4  5
      1    4  3 10  1  8  0
      2    5  2  3  5  1  6
      2    5  7  2  1  3 10
      1    5  3  9  1  2  8
      1    5  2  6  9  7  5
      1    5  9  3  1  6  2
      2    5  5  7  3  4  8
      1    5  9  6 10  2  1
      1    5  6  1  3  9  5
      1    5  2  5  1  6  8
      1    5  9  1  3  5  4
      1    4  8  4  7  6  0
      1    5  1  7  5 10  8
      1    5  6  1  5 10  2
      2    5  6  7 10  1  2
      1    5  1  8 10  7  2
      1    5  7  1  4  2  9
      2    4  3  9  4  5  0
      1    5  2  3  7  5  6
      1    5  6  3 10  8  7
      1    5  1  7  6  2  5
      1    5  3  4 10  5  2
      2    5  1  3  2  6  4
      1    5  5  6  7  3  9
      2    5  1  7  2  5  3
      2    5  7  1  4  8  5
      1    4 10  1  2  4  0
      2    5  9 10  6  2  1
      1    5  1 10  8  7  6
      2    5  2  7  8  3  5
      2    5  2  6  1 10  4
      1    4  9  3  1  5  0
      3    4  2  9  4  3  0
      1    5  2  4  6  5  7
      1    5 10  7  8  1  9
      2    5  3  1  5  7  2
      2    5  2  3  6  1  7
      1    5  2  4  3  6 10
      1    5  7  4  1  2  3
      1    5  7  1  6  9  8
      1    5  3  4  2  7  5
      2    3  9  2  5  0  0
      2    5  5  1  8  3  7
      1    5 10  1  6  4  5
      1    3  2  5  9  0  0
      2    5  7  8  2  6  5
      1    5  3  5  9  7  4
      1    5  3  2  4  6  8
      1    5  6  5 10  2  4
      1    5  4  9  2  7  1
      1    5  6  2  3 10  1
      2    5  5  3  2  6  1
      1    5  8  7  4  5  9
      2    5  2  7  5  1  6
      4    5  2  6  1  9  3
      1    5  6  2  8  3  5
      3    5  2  1  9  7  6
      1    5  8  4  9  7  2
      2    5  1  6  9  2  5
      1    5  8  1  6  7  2
      2    3  2  9  4  0  0
      2    4  6  1  9  3  0
      1    5  4  2  7  8  6
      1    5  2  5 10  6  1
      3    4 10  6  1  4  0
      2    4  3  1  2  4  0
      1    5  5  1  6  2  3
      2    5  6 10  2  1  5
      1    5  2  6 10  8  4
      1    5  6  8  7  1 10
      1    5  1  7  5  2  3
      1    4  8  4  2  6  0
      1    4  1  7  4  2  0
      2    5  6  2  5  4  7
      1    5  6  8  1  7 10
      3    4  2  5  7  8  0
      1    4  1  6  4  3  0
      1    4  3  5  7  8  0
      1    5  5  2  1 10  6
      1    5  5  8  4  7  3
      1    4  4  8  3  7  0
      1    5  2  4  7  5  8
      2    5  7  2  1  4  3
      2    5  4  7  1  5  3
      1    5  2  3  4  1  6
      2    5  3  2  4  5  8
      2    5  2  3  1  7  8
      1    5  2  7  4  3 10
      1    5  4 10  6  5  1
      1    5  6 10  9  4  7
      2    5  2  1  4  3  8
      1    5  1  9  2  6  7
      1    5  9  2  7  4  6
      2    4  2  8  4  1  0
      1    5 10  1  4  5  2
      1    4  5  8  7  2  0
      1    4  5  8  2  1  0
      1    4  3 10  2  6  0
      1    5  8  7  3  6  4
      1    5  6  4  3  1  9
      2    5  3  1  9  5  6
      1    5  5  2 10  4  3
      1    5  9  2  1  7  3
      1    5  4  1  6 10  3
      3    5  2  7  8  9  1
      1    5  6  1  4  9  5
      2    5  4  1  7  2  5
      2    4  6  8  1  7  0
      1    5  3  1  9  7  2
      1    5  1  8  2  3  5
      2    5  6  3  5  4  9
      1    5  1  5 10  3  6
      1    5  6  4  7  8 10
      1    5  1  9  2  5  7
      1    5  6  9  1 10  4
      2    5  6  7  9  2  8
      1    5  7  3  4  5  8
      1    5  5  4  1  2  6
      2    5  4  1  5  3  8
      1    5  3  4 10  5  6
      1    5  5  6  4  3  7
      2    5  3  6  8  1  5
      2    5  3  1  9  6  8
      1    5  3  4  7  8  5
      2    5  3  2  6  1  9
      1    5  8  7  1  5  3
      1    4  4  6 10  7  0
      1    5  6  1 10  5  3
      2    5  1  7  6  3  2
      2    5  8  1  2  3  7
      1    4  2  6  3  5  0
      1    5  1  4  5  3  9
      1    4 10  9  1  4  0
      1    4  3  2  6  9  0
      1    5  6  1  9  2  4
      1    5  7  6  2  4  1
      2    5  7  8  5  4  2
      1    5  6 10  2  8  7
      1    5  4  6  2  3  5
      1    5  2  8  7  4  3
      1    5  3  6  2  8  1
      2    4  3  7  8  4  0
      2    5  4  6  2  3  1
      1    5  2  6  4  9  5
      1    4  6 10  1  7  0
      1    5  1  9  6  8  3
      2    5  1  7  8  3  5
      1    5  2  9  1  8  7
      2    5  7  8  5  3  4
      1    5  2  8  7  6  4
      1    4  8  2  3  7  0
      1    4  3  9  4  1  0
      3    4  2  5  4  1  0
      1    5  7  3  1  8  2
      1    5  9  1  6  3  4
      2    5  8  7  5  4  3
      1    5  9  4  3  1  2
      3    4  2  5  1  6  0
      2    4  6  7  1 10  0
      1    4  7  4  2  1  0
      2    3  3 10  9  0  0
      1    5  4  6  2  1  3
      1    4  1  4  5  8  0
      2    5  8  2  7  6  1
      2    5  1  6  3  8 10
      2    5  1  9  6  8  2
      1    5  2  6  4  9  1
      1    5  3  9  6  7  2
      3    5  3  4  1  5 10
      2    5  4  1  9  3  5
      1    5  7  1  2  5  4
      2    4  4  1  2  5  0
      1    4  7  8  3  5  0
      1    5  2  7  6  4  5
      1    5 10  2  6  4  9
      1    5 10  5  7  1  3
      2    4  6  9 10  2  0
      3    4  3  6  2  4  0
      1    5  9  2 10  1  6
      2    4  8  7  9  3  0
      1    5  1  7  8 10  5
      2    4  1  5  2  3  0
      1    5  2  3  5  4  8
      1    4  6 10  5  2  0
      1    4  9  2 10  6  0
      1    4  7  8 10  9  0
      2    4  1  3  6  7  0
      1    5  3  2  8  7  6
      1    5  4  3  7 10  1
      3    5  2  1  6  9  3
      2    5  1  2  4  7  6
      1    5  9  7  6  8  1
      1    5  3  5  2  6  9
      1    4  3  7  9  1  0
      2    5  2  1  5  9  4
      2    4  1  5  9  7  0
      1    4  8  1  2  9  0
      2    5  3  2  8  6  1
      1    4  3 10  6  9  0
      1    4  5  1  4  7  0
      1    4  3  7  1  4  0
      2    5  1  6  3  2  4
      2    5  3  4  5  8 10
      3    5  5  3  4  2  9
      2    5  1  2  5  7  9
      1    4 10  8  2  7  0
      1    5 10  2  8  1  6
      1    5  6 10  4  5  3
      2    5  1  6  5  4  7
      2    5  1  3  7  2  9
      1    5  6  3  4  1  9
      1    5  3  1  2  5  8
      1    5  5  2  8  6  3
      2    4  6  9  7  1  0
      1    4  5  2  3  8  0
      1    5  1  3  4  7  6
      1    5  1  7  5  4  8
      1    4  5  6  8  3  0
      2    5  4  2 10  1  5
      2    4 10  1  2  7  0
      1    5 10  7  8  6  2
      1    4  2  7  4  3  0
      1    5  3  6  8  1  9
      1    5  4  7  2  1  6
      3    4  2 10  6  4  0
      2    5  2  8  1  3  7
      1    5  6  5  4  7  2
      3    5  2  4  6  7  1
      1    5  7  6  1  2  9
      1    5  6  7  1  8  3
      2    5  1  3  6  5  2
      1    5  9  7  1  2  6
      2    5  1  9  4  5  2
      1    4 10  5  3  6  0
      1    5  8  3  6  4  2
      2    4  3  2  7  8  0
      1    5  7  9  6  2  1
      1    5  3  5  7  1  6
      1    5  9  8  1  2  4
      1    5  9  4  3  5  2
      1    5  8  6  1  7  2
      3    3  7  2 10  0  0
      1    5  5  2  4  8  1
      2    5  3  2  4  1  6
      1    5  5  1  7  9 10
      3    2  4  8  0  0  0
      2    5  1  7  5  8  6
      1    5  4  8  9  5  3
      1    5  3  2  1  9  4
      1    5  2  6  3  7  5
      2    4  5  3  7  2  0
      1    4  3  1  9  8  0
      2    5  6  3  2  1  4
      2    5  3  4  2  7  1
      1    5  7  4  2  5  6
      2    5  3  4  8  7  5
      1    4  1  3 10  4  0
      1    4  2  1  4 10  0
      1    5  5  1 10  4  6
      2    5  3  2  1  7  8
      1    5  1  7  8  4  5
      1    4  3  1  6 10  0
      1    5  2  5  1  7  3
      1    5  7  3  6 10  1
      1    4  2  8  6  9  0
      1    5  8  7  5  2  4
      1    5  1  2  5  6 10
      1    5  6  2  5 10  3
      1    5  1  3  6  5  4
      1    5  3  9  7  8  1
      1    4  2  5 10  7  0
      2    5  6  1  7  9  2
      1    4  4  8  2  1  0
      1    5  3  6  1  7  2
      1    5  3  4  7  1  9
      2    4  4  5  6  9  0
      2    4  6  5  1  3  0
      1    5  1  8  7  4  2
      1    4  3  5  7  6  0
      2    4  1  8  4  7  0
      2    4  1  2 10  4  0
      1    4  6  5 10  2  0
      1    5  3  2 10  1  9
      1    5  3  1  4  2  7
      3    5  2  4  5  3  9
      1    5  7  4 10  6  2
      1    5  4  1  2 10  5
      1    5  6  1  7  4  3
      2    4  5  3  6  2  0
      1    5  5  3  6  7  4
      2    4  1 10  9  3  0
      1    5  4  5  2  6  3
      1    5  5  6  3 10  1
      1    5  7  8  3  2  5
      1    5  2  5  3  4  7
      1    5  9  1  7  5  8
      1    5  7  5  2  8  1
      3    5  1  2  4  5  7
      1    5  4  7  8  1  5
      1    5 10  2  1  7  5
      2    5  1  4  5  6  3
      2    5  1  6 10  5  2
      1    5  6  1  8 10  5
      2    5  3  1  9  5  7
      1    5  2  7  3  5  1
      1    5 10  1  3  2  6
      1    5  1  7  3  5  2
      1    5  3  1  6  7  2
      1    5  7  2  5  8  6
      1    5 10  7  6  1  3
      1    5  7  3  1  6  8
      2    4  6 10  7  9  0
      1    5  7  1  9  3  8
      1    5  2  1  5  9  6
      1    5  6  1  8 10  7
      1    5  5  6  4 10  3
      1    5  1  6 10  8  4
      1    5  2  6  8  3  5
      1    4  3  5 10  2  0
      1    5  8  2  7  1  9
      1    5 10  9  3  6  2
      2    5  4  2  5  3 10
      1    5 10  1  3  9  6
      2    4  6  1 10  5  0
      1    5  8  6  7  9  1
      1    5  7  4  1  6  3
      2    5  7  8  9  6  2
      1    5  3  8  1  2  9
      1    5  2  4  1  8  6
      2    3  7  9  2  0  0
      1    5  6  2  3  8  5
      2    4  7  8  4  1  0
      2    5  1  2  7  9  4
      2    5  6  5  3  1  4
      2    4  4  6  9  1  0
      1    5  7  5  4  3  8
      2    5  4  6  2  1  5
      2    5  5  3  9  6  4
      1    5  7  4  3  1  5
      1    4  1  4  2  3  0
      2    5 10  7  2  8  1
      2    5  6  1 10  9  7
      2    5  3  2  5  1  6
      1    5  4  2  3  6 10
      1    5  7  4  2  1  9
      1    5  5  4 10  3  6
      1    5  5  4  7  3  9
      1    5  4  2  6  7  5
      2    5  4  2  1  6  7
      1    5  3  2  1  9  6
      2    5  5  3  4  9  1
      1    5  8  5  3  7  6
      2    5  7  8  1  3  5
      1    5  4  5  2  6  9
      2    5  2  6  3  4  1
      1    4  3  9  4  7  0
      2    5  8  3  1  7  5
      1    5  7  3  6  1  2
      2    5  5  1  2  7 10
      1    5  8 10  4  5  1
      2    3  4  2  9  0  0
      1    5  9  8  2  7  3
      3    5  1  7  8  6  3
      1    5  8  3  7  5  1
      2    5  7  2  8  3  5
      1    5  4  7  6  5  3
      1    5  2 10  4  6  1
      1    5  1  6  3  5  4
      1    5  3  8  4  5  6
      2    5  7  1  5  2  3
      1    5  7  2  4  5  1
      3    4  8  7  6  1  0
      1    5  3 10  4  5  2
      2    5  4  8  6  1  3
      1    5  2  6  7  4  9
      2    5  5  6  1  2  4
      1    5  6  7  1  5  4
      1    4  4  3  8  2  0
      1    5 10  1  6  5  4
      2    5  6  1  9  2  3
      1    5  1  8  6  3  4
      1    4  8  7  3  4  0
      1    4  1  8  7  5  0
      1    4  9  6  7  4  0
      1    5  4  1 10  3  5
      1    5  4  5  7  1  8
      3    4  5  2  1  3  0
      1    4  3  5  6  8  0
      2    4  1  4  5 10  0
      1    5  7  1  8  4  6
      1    5  8  7  9  2  6
      2    5  6  7  2  1 10
      1    5  7 10  5  2  6
      3    5  6  9  2  1  7
      2    5  7  2  5  8  4
      2    5  2  6 10  1  7
      1    5  1  3  6  9  7
      2    5  1  2  7  5  8
      1    5  1  6  2  4 10
      2    4  2  6  5  3  0
      1    5  1  7  8  6 10
      2    5  6 10  3  4  2
      2    5  7  1  4 10  5
      1    5  7  1  8  6  3
      1    5  1  2  4 10  6
      1    5  7  1  9  2  4
      2    5  1  2  6 10  7
      2    5  1  7  5  6  8
      1    5  6  9  5  2  1
      1    5  3  7  1  9  5
      1    5  1  4  7  6  3
      2    4  6  7 10  5  0
      1    5  2  7  6  1  4
      2    5  1  3  7  4  8
      1    5  6  7  1  5  2
      1    5  4  5  6  9  2
      1    5  4  5  1  6  2
      1    5 10  5  3  1  4
      2    5  6  2  4  1  7
      2    4  1  4  8  3  0
      1    5  5  4  1  7 10
      2    5  2  5  3  1  7
      1    4 10  1  9  5  0
      1    4  8  9  1  2  0
      1    5  3  2 10  1  6
      1    5 10  4  2  1  5
      1    5 10  1  2  6  8
      1    4  2  6  7  3  0
      1    5  7  1  8  9  4
      3    5  2  6  3  9  1
      1    5  3  2  9  1  5
      1    5  5 10  3  4  9
      1    5  5  3  2  6  4
      1    4  6  5  1  9  0
      1    5  4  3  2  8  5
      1    5  2  6  1  5 10
      3    5  2  5  3  1  4
      2    5  6  2  8  4  3
      1    5  7  6  1  8  4
      1    5  9  5  4  3  6
      2    4  3  5  7  2  0
      1    5  4  6 10  9  5
      1    4  6  9  3  8  0
      1    5  9  3  4  5  7
      1    5  1  3  6  7 10
      1    5  1  9  3  5  8
      1    5  4  2  6  5  3
      1    5  5  1  6  2  9
      1    5  6  4  2  1  9
      1    5  7  3  1  4  8
      1    5  1  2  6 10  3
      2    5  4  1  2  6  8
      1    4  8  1  7  3  0
      1    5  7  8  2  6 10
      1    5  9  6  1  2  5
      1    4  1  2  8  5  0
      2    4  6  5  1  4  0
      2    5  7  1  8  9  5
      1    4  7  6  4  5  0
      2    5  1  6  5  4 10
      1    5  1  8  6 10  2
      1    5  2  3  4  7  5
      1    5  6  9  2  1  3
      1    5  1  2  5  8  4
      2    5  1 10  6  3  4
      1    5  2  6  7  9  8
      3    5  6  5  4  3 10
      1    5 10  2  4  1  5
      2    5  5  4  3  9  6
      1    4  8  1 10  2  0
      1    3  8  7 10  0  0
      1    5  3  1  5  4  7
      1    5  7  1  6  3  4
      1    5  4  6  2  3 10
      1    4  9  6 10  2  0
      3    5  2  6  1  4 10
      2    3  6  8  4  0  0
      2    5  1 10  2  6  9
      1    5  2  6  5  7  4
      2    4  8  1  7  9  0
      1    5  9  3  4  8  6
      2    5  1  6  4  5  9
      1    5  5  3  8  6  9
      1    5  6  3  4  8 10
      1    4  7 10  1  2  0
      1    4  5  3  9  1  0
      1    5  4  6  3  2  5
      1    5  1  4  2  3  5
      1    5  6  3  2  5  4
      2    4 10  6  4  5  0
      1    5  2  6  8 10  1
      3    4  8  3  7  1  0
      1    4 10  2  1  5  0
      1    5  5  1  7  3 10
      1    5  2  7  5  4  6
      1    4  4  5  1  7  0
      1    5  5  4  1  8  3
      1    4  5 10  6  3  0
      3    5  1  2  9  6  5
      2    5  2  4  7  6  8
      1    4  4  6  7  1  0
      1    5 10  4  3  1  2
      2    5  6  2  8  1  7
      1    5  3  7  6  2  5
      1    5  1  4 10  6  3
      3    4  1  8  2  7  0
      1    3  9  8  7  0  0
      1    5  1  3  8  4 10
      2    5  1  4  7  6  8
      2    4  1  3  9 10  0
      1    5  7  2  1 10  8
      1    5  1  9  6  2  8
      1    5  5  6  7  8  1
      2    5  9  4  3  5  7
      1    4  3  8  2  5  0
      2    5  4  8  3  1  5
      2    5  2  5  4  7  3
      2    5  6 10  2  1  4
      1    5  8  2  1  7  4
      1    5  1  2  6  7 10
      2    5  7  6  1  5  4
      1    5  6  7  3  2  8
      2    5  3  2  1  6 10
      1    5  7  5  8  4  3
      1    5  5  2  4 10  6
      1    4  1  8  3  5  0
      1    5  2  5  7  4  6
      1    4  5  6  9  2  0
      1    5  3  1  4  8  5
      2    4  5  7  8  1  0
      1    5  1  4  2  3  7
      2    4  5  2  6  3  0
      1    5  5  4  6  7  1
      2    5  2  1  4  8  7
      1    5  7  2  4  8  5
      1    5  6  2  4  8  9
      1    5  1  8  7  9 10
      1    5  3  1  5  6  2
      1    5  1  3  9  5  4
      2    5  1  7  3  4  8
      1    5  4  1  6  7  8
      1    5  4  6  7  1  2
      1    5  1  7  6  3  5
      2    5  5  8  4  3  1
      1    5  7  2  8  9  1
      1    4  6  7  5  4  0
      1    5 10  5  4  1  3
      2    5  7  1  9  2  8
      1    5  4 10  3  6  5
      1    4  3  5  2  8  0
      1    5  1  7  3  6  8
      2    5  4  3 10  6  1
      1    5  5 10  1  6  3
      1    5  5  1  7  9  6
      1    4 10  9  1  6  0
      1    5  3  5  7  4  2
      1    5  1  5  7 10  3
      1    5  2  5  6 10  1
      2    4  5  1  6  2  0
      2    5  1  7  8  5  2
      1    4  7  5  8  2  0
      1    5  2  1  9  3  4
      2    5  5  3 10  1  9
      1    5  4  5  7 10  2
      1    4  9  4  6  8  0
      1    5  4  5  8  7  3
      1    5  6  1  9  3  4
      1    5  6  7  5  3  4
      1    5  6  4  3  9  2
      1    5  1  3  7  5 10
      2    4 10  1  2  9  0
      2    5  7  4  3  5  1
      1    5  6  2  8  5  1
      1    5  3  4  7  2  5
      1    4  1  3 10  2  0
      2    4  7  8  2  4  0
      1    5  3  8  1  4  5
      1    5  4  1  8  6  3
      1    5  2  5  8  3  4
      3    5  7  5  2  1  4
      1    5  1  6  3  5  7
      2    4  1  9  3  5  0
      1    4  6  3  1  5  0
      1    4  5  3  1  8  0
      1    4  9  5  4  6  0
      1    5  7  9  4  5  1
      1    5  5  2  1  6 10
      2    4  9  6  7  2  0
      1    5  8  2  1  6  3
      1    5  1  9  8  7 10
      1    5  3  1  2  8  5
      1    4  7  3  8  5  0
      1    5  7  8  2  9  5
      1    5  7  2  3  5  1
      2    5  2  3  9  6  8
      1    5 10  7  6  2  5
      1    5  5  3  6  2  9
      2    5  7  8  6 10  9
      1    5  5  3  7  8  9
      1    5  1  5  4  8  6
      1    4  9  8  7  2  0
      1    4  6  9  2  4  0
      1    4  5  1  4 10  0
      2    5  2  7  3  8  1
      1    5  7  2  6  5  9
      1    4  2  9  3  6  0
      2    4  6  3  9  1  0
      1    5  1  2  3  9  8
      1    5  4  7  3  2  8
      2    5  5  1  3  4 10
      1    5  5  7  1  3  4
      1    5  7  1  9  8  3
      2    5  4  2  7  5  3
      1    5  1  7  8  9  5
      1    4  1  4 10  5  0
      3    5  1  2  5  6  4
      1    5  6  3  1  4  5
      1    4  6  4  2  8  0
      1    5  1  7  9  8  3
      2    4  2  7  4  8  0
      1    5  4  3  1 10  6
      1    5  4  1  6  7  2
      1    5  4  3  6  8  1
      1    5  3  1  5  9  4
      1    5  2  4  6  9  5
      2    5  1  9  3  4  5
      1    5  3 10  5  4  6
      1    4  2  3  7  8  0
      2    5  1  9 10  6  7
      1    4  4  2  5  9  0
      1    5  4  6  5  2  3
      1    5  7  4  8  6  3
      1    4 10  6  8  9  0
      1    5  3  4  1  8  5
      1    5  9  1  4  3  6
      1    5  4  5  7  3  1
      2    4  4 10  2  3  0
      2    5  3  1  2  6  4
      1    5 10  1  2  7  8
      3    4 10  3  6  1  0
      2    5  3  2  4  1  5
      1    4  6  5  2  1  0
      1    5  7  4  2  1  3
      1    5  9  3  1  2  4
      1    4 10  7  2  1  0
      1    5  7  5  2  6  4
      1    4  9  7  5  8  0
      1    5  1  8  6 10  9
      1    5  3  1  7  5  8
      2    5  4  2  3  7  1
      1    4  7  6  1  5  0
      2    5  4  5  6  1  2
      2    5  3  8  1  7  9
      1    4  3  9  4  2  0
      1    5  3  6  4  9  5
      2    5  2  1  9 10  6
      1    5  1  6  8  3  9
      2    5  1  2  9  8  6
      1    4  3  5  9  6  0
      1    5  2  5  1  8  7
      1    5  9  2  8  7  1
      2    4  1  7  8  4  0
      1    5  1  3  5 10  4
      1    5  3  2  4 10  9
      1    5  2  3  4  7  9
      1    5  6  4  3  8  2
      2    4  5  1  6  4  0
      1    5  8  6  2 10  1
      1    5  1  6 10  4  2
      1    5  4  3  1  7  9
      1    5  2  7  5  3  4
      2    5  1  3  4  7  2
      1    3  9  5  6  0  0
      2    5  2  1  6  9  4
      2    5  4  6  5  7  3
      1    5  7  8  2  3  5
      1    5  2  8  7  5  9
      2    5  7  2  4  8  1
      1    5 10  4  3  2  1
      1    5  7  1  3  2  9
      1    5  2  4  6  5 10
      1    5  8  3  7  2  1
      1    5  4  6  2  7  5
      1    5 10  1  9  2  6
      1    5 10  2  1  7  4
      3    5  4  6  2  5  8
      1    5  2  7  8  5  4
      1    5  1 10  4  6  2
      1    5  4  1  5  6  3
      1    5  1  3  4 10  7
      2    5  1  6  4  2  8
      1    4  7  6  9  8  0
      2    5  7  8  4  2  1
      2    5  6  7  8  1 10
      2    4  1  8  2 10  0
      1    4  7  5  1  6  0
      1    5  7  6  8  2 10
      3    5 10  5  4  3  9
      2    4  7  1  4  2  0
      2    5  8  2  3  5  1
      1    5  5  3  2  4  7
      1    5  1  7  2  9  3
      2    5  4  7  3  6  8
      1    5 10  4  5  3  1
      1    5  4  6  2  3  9
      1    4  6  1  5  8  0
      3    5  1  2  8  6  7
      1    5  4  2  3  6  8
      1    5  1  8  6  4  2
      1    5  9  1  5  7  4
      2    4  1  2  3  4  0
      1    5  5  3  4  6  8
      1    5  6  2  3  4 10
      1    5  8  6  4  7  3
      1    5  3  9  4  5  1
      1    5  6 10  8  9  7
      1    5  6  7  8  1  3
      2    4  1  8  2  5  0
      1    5  5  1  6 10  4
      2    5  3  5  1  2  7
      1    5  5  8  1  3  4
      1    5  5  4  7  1  9
      1    5  3  9  2  1  6
      1    5  1  8  2  9  6
      2    5  3  5  1  7  2
      1    5 10  1  9  2  7
      2    5  2  3  1  4  8
      1    5  2  3  6  8  1
      2    5  6  1  4  5  8
      2    5  3  7  5  4  1
      1    4  5  4 10  2  0
      1    5  4  7  8  6  5
      1    4  1  3  2 10  0
      1    4  3  1  7  4  0
      2    4  7  8  4  5  0
      1    5  4  6  7  2  8
      1    5  7  6  3  1  2
      2    5 10  1  2  6  9
      1    5  7  1  4  6  8
      2    4 10  2  4  6  0
      1    5  3  6  7  8  1
      1    5  5  7  9  4  2
      1    5  5  2  1  4  7
      1    5  5  4  2  6  9
      1    5  1  8  2  5  6
      2    5  2  5  3  4  8
      1    5  2  1 10  3  4
      1    5  1  8  7  6  3
      1    5  9  7  8  1  6
      2    5  5  3  2  1  7
      1    5  1  8  9  3  4
      1    4  2  3  4  9  0
      1    5  6 10  1  9  2
      1    4  1  3  8 10  0
      1    5  5  3  6  2  4
      2    4  3  1 10  5  0
      1    5  1  7  4  6  8
      1    5  4  3  1  8  9
      1    4  2  4  5  7  0
      1    3  9  7  5  0  0
      1    5  2  4  3  8  5
      2    4  4  1  6  8  0
      1    5  1  6  2  9  3
      3    5  5  2  4  3 10
      1    4  1  4  3  9  0
      1    4  2  5 10  6  0
      1    5  2  5 10  6  4
      2    5  7  5  3  4  2
      1    5  2  4  5  6  1
      2    4  1  5  9  3  0
      1    5  4  5  1  3 10
      1    4 10  6  3  7  0
      2    4  2  8  1 10  0
      1    5  8  7  2  9  1
      1    5  7  6  2  9  4
      2    5  7  1  6  3  2
      1    5  7  3 10  4  1
      2    5  4  3  8  2  1
      1    5  8  5  7  3  6
      1    5  8  7  6  9  4
      1    4  6  5  1  2  0
      3    5  2  4  3  5  8
      1    5  6  3  1  8  5
      1    5 10  2  6  8  9
      1    5  6  7  9 10  8
      1    5  1  5  4  6  3
      1    5  3  6  7  1  4
      2    5  3  1  7  2  5
      1    5  1  4  5  6  8
      1    4  8  6 10  5  0
      2    5  2 10  1  6  9
      1    5  5  1  7  4  2
      1    5  8  7  3  5  2
      1    5  6 10  1  4  2
      1    5  3  1  7  8  4
      2    5  7  8 10  1  5
      1    4  3 10  6  5  0
      2    5  2  6  8 10  4
      1    5  8  5  3  4  1
      2    5  2  1 10  6  5
      1    5  6  1  8  2  4
      2    4  2  1  9  8  0
      1    5  2  7  5  6  8
      1    5  1  7  6  4  8
      2    5  1  7  2  3  8
      1    5  3  1  4  8  7
      1    5  2  9  3  4  5
      2    4  1  6  8  5  0
      1    5  2  6  1  5  9
      2    4  8  4  1  5  0
      2    5  6  4  1  7  5
      1    5  1  9  3  2  6
      1    5  3  7  1  6  2
      1    5  6  9  2  5  3
      2    5  6  7  2  5  1
      1    5  9  2  6  3  8
      1    5  5  6  2 10  3
      1    5  2  9  1  6  7
      2    5  6  9  2  1  5
      2    5  2  5  4  6  8
      2    5  2  5  4  1  7
      1    5  9  4  5  1  3
      1    5  4 10  6  2  8
      2    5  6 10  1  2  3
      1    5  6  8 10  9  1
      2    5  3  4  2 10  5
      1    5  4  9 10  5  3
      1    5 10  4  3  6  1
      1    5  3  2  4  1  7
      3    5  5  4  7  3  6
      1    5  2  6  5  7  1
      1    5  7  5  9  2  1
      1    5  8  7  6  2  3
      2    5  6  1  7 10  2
      1    5  4  7  1  3  5
      1    5  2  5  1  7  6
      1    5  3  7  8  4  2
      1    5  4 10  5  1  9
      1    5  8  4  2  1  7
      1    5  1 10  3  5  6
      2    5  1  4  3  2  5
      2    4  3  4  1  9  0
      2    4  3  7  8  2  0
      1    5  2  6  8  1  7
      1    5  1  7  6  2  4
      1    4  6  2  8  9  0
      3    4  2  7  3  5  0
      3    5  2  1  6  3 10
      1    5 10  2  8  7  1
      3    5  4  3  2  6  1
      2    5  1  2  8  4  5
      1    4  5  9 10  4  0
      1    5  8  7 10  2  1
      1    4  4  1 10  5  0
      1    5  1  2  9  4  3
      1    5  1  7  4  6 10
      1    5  3  4  7  8  6
      3    5  8  7  2  4  1
      1    3  5  8  7  0  0
      1    5  3  9  4  7  2
      2    5  6  1  2  4  9
      1    5  7  2  5 10  3
      1    5  7  2  9  8  6
      2    4  1  4  7  6  0
      1    4  2  5  6  3  0
      1    5  8  1  3  9  7
      2    5  1  5  3  2  9
      1    5  3  1  7  9  4
      1    5  2  6  4  8  9
      2    5  1  3  7  8  5
      1    5  9  1  2  5  8
      1    5  2  6  4  1 10
      2    4  3  1  4  9  0
      1    4  1  7  6  4  0
      1    5  6  9  1  5  4
      2    4  2  9  1 10  0
      1    5  2  6  7  1  3
      1    4  3  7  2  5  0
      2    5  8  1  3  7  2
      1    5  2  3  9  6  4
      2    5  3  6  8  2  1
      1    5  7  1  9  4  5
      2    5  3  1  7  6  2
      1    5  3  9  1  6  2
      1    5  6  8  2  1  3
      3    5  1  7  8  3  2
      2    4  7  2  9  5  0
      2    5  1  2  6  8  5
      1    5  8  6  4  5  7
      1    5 10  1  4  5  6
      1    4  9  6  3 10  0
      1    5  2  7  4  3  1
      1    5  5  2  3  6  9
      3    4  5  4  6  3  0
      1    5 10  7  8  4  5
      2    4  7  1  9  5  0
      1    5  1  5  2  9  8
      1    5  2  5  3  9  1
      2    5  5  1  7  3  4
      1    5  3  1  6 10  2
      1    5  6  2  7  9  8
      1    4  5 10  1  2  0
      1    5  7  2  6  3  4
      1    4  9  3  5  4  0
      1    5  6  1  5  2  9
      2    5 10  1  2  3  6
      1    5  5  6 10  1  3
      1    5  8 10  3  2  1
      2    4  6  7  8  9  0
      1    5  3  4  2  1  9
      1    5  2  7  6  1  3
      1    5  4  3  6  2  8
      2    5  1  8  3  4  5
      1    4  5  1 10  2  0
      1    5  7  1  5  6  8
      2    4  2 10  9  1  0
      1    4  3 10  6  7  0
      1    4  6  1  8  9  0
      3    5  3  2  1  8  7
      1    5  2  1  7  3  9
      1    4  9 10  2  1  0
      1    5  7  3  5  8  1
      2    4  1  4  7  3  0
      1    5  4  2  6  8  7
      2    3  9  6  3  0  0
      1    5  3  1  5  6  4
      1    4  9  1  2  8  0
      1    5 10  6  1  9  5
      1    5  2  6  7  8  4
      1    5  4  5  1  6  8
      2    5  2  6  4  7  3
      1    4  3  6  9  7  0
      2    5  5  1  7  6  2
      1    4  3  1  6  8  0
      1    5  8  7  4  3  2
      1    4  8  5  1  2  0
      1    5  2  6  7  8  3
      1    5  5  3  6  1  2
      2    5  1  8  7  5  3
      1    5  5  6  9  2  1
      1    5  1  6  4  7  9
      1    5  6  3  1  5  4
      2    5  5  2  7  6 10
      1    5  3  2  6  8  7
      2    5  5  6  2  4  3
      1    4  2  9  6 10  0
      1    4  6  4  1  9  0
      2    4  3  7  4  8  0
      1    4  7  2  6  9  0
      2    5  3  5  2  8  1
      1    4  8  1  3  6  0
      1    5  3  4  7  6  2
      1    5  7  1  5  6 10
      1    5  1  8  3  9  5
      2    5  1  5  7  3  8
      1    5  1  6  7  2 10
      1    5  8  6  3  1  4
      2    5  7  2  8  1  3
      1    4  9  2  6  1  0
      1    5  8  4  5  2  7
      1    5  6  5 10  4  2
      1    5  8  3  2  7  1
      1    5  1  3  8  6  5
      1    5  1  2  5  4  6
      1    5  7  1  2  6  4
      1    5  4  5  1  2 10
      1    4  4  1  2 10  0
      1    5  6  5  4 10  9
      1    4  6 10  1  3  0
      1    5  1  9  5  6  4
      2    5  1  7  4  8  6
      1    5  6  4  5  7 10
      1    5  5  8  4  3  7
      1    5  1  4  3  2  8
      1    5 10  4  3  5  6
      1    5  1  9  3  7  4
      1    5  4  5 10  1  8
      1    4  1 10  3  8  0
      2    5  2  1  3  4  6
      1    5  4  5  7  2  6
      1    5  9  3  2  1  7
      2    5  1  3  2  8  6
      1    5  7  3  8  4  2
      2    5  1  2  3  6 10
      1    5  3  6  7  2 10
      2    4  2  4  6  3  0
      1    4  3  6  1 10  0
      2    4  2  3  1 10  0
      1    5  4  3 10  9  5
      1    5  7  8  6  1  5
      1    5  5  2  4  9  6
      1    5  2  3  1 10  6
      2    3  6  9  3  0  0
      1    5  7  1  6  2  3
      1    4  4  2  9  5  0
      2    5  2  6 10  4  7
      1    5  7  3  1  5  9
      2    5  9  2  3  4  5
      2    4  1  5  8  7  0
      1    4  1  9 10  8  0
      2    5  6  1  7  8  4
      1    5  9  1  2  6  8
      1    5  5  4  2  7  8
      1    5 10  4  5  3  6
      1    5  7  2  4  5  3
      2    4  5  7  4 10  0
      1    5  3  2  6  9  8
      2    4  3  6  1  7  0
      1    5  1  5  3  2  8
      1    5  1  4  7  5  8
      1    5  3  6  5  4  2
      2    5  1  6  7  2  3
      1    5 10  6  7  2  1
      1    5  4  5  6  7  1
      2    5  5  1  3  6  2
      1    4  4  9  3  5  0
      1    5 10  4  2  5  6
      1    5  7  8  2 10  6
      1    5  1  6  9  4  8
      2    5  6  5  3  4  7
      1    5  5  4  6  7  9
      1    5  8  7  5  6  1
      1    5  5  8  7  2  3
      1    5  7  2  4  1  5
      2    5  7  3  2  1  6
      1    5  6  5 10  3  2
      2    4  4  2  5  7  0
      1    5  4  9  1  2  3
      1    5  4  7  5  2  3
      1    5 10  1  3  6  7
      1    5  2  5  6  8  1
      2    4  6  1  4  9  0
      1    5  2  1  9  7  4
      1    5  2  7 10  8  1
      2    4  9  2  7  8  0
      2    5  2  3  5  7  1
      1    4  6  4  9  2  0
      2    4  8  3  1  6  0
      1    5  9  6  5  1 10
      1    5  3  1  6  9  2
      2    5  6  3  5  4  2
      1    4  7  4  1  3  0
      1    5  3  4  1  2  7
      2    4  2  8  1  4  0
      1    5  1  5  4  8 10
      2    4  1  8  3  7  0
      1    5  2  5  8  7  4
      1    4  6  4 10  3  0
      2    4  5  1  2  7  0
      1    4  4  5  7  2  0
      1    5  1  4  8  3  6
      2    4 10  1  9  2  0
      2    5  1  2 10  7  6
      1    5  1  8  2  6  9
      2    5  8  2  3  1  5
      1    5  1  8  5  7  2
      2    3  6  5  8  0  0
      1    5  1  5  2  6  4
      3    5  1  2  4  8  6
      1    4  7  2  6  3  0
      2    5  2  7  1  5 10
      1    4  5  3  6  9  0
      1    5  1  4  6  5  3
      2    4  2  1  9  5  0
      1    5 10  4  1  5  3
      3    4  4  3  1  7  0
      2    5  1  3  7  2  5
      1    5  3  8  6  2  5
      1    4  8  7  5  1  0
      2    5  6  2  7  9  3
      1    5  7  6  2  5  4
      1    5  8  1  6  4  2
      1    4  8  5  2  4  0
      1    5  7  3  2  6  1
      2    4  4  3  2  8  0
      1    4 10  2  4  5  0
      2    5  4  1  5  6  7
      1    5  4  3  9  6  1
      1    5  2  7  1  5  9
      2    5  2  6  1  3  7
      1    5  4  1  7  6 10
      1    5  3  2  5  8  4
      1    4  7  6  8  4  0
      2    5  6  5  2  1  3
      1    5  6  5  1  7  8
      1    5  2  4  5  6  8
      1    5  2  8  4  7  6
      1    5  1  7  3  5  4
      1    5  4  5  1  2  8
      1    5 10  9  2  1  5
      2    5  5  7  4  3  6
      1    5  2  1  9  8  4
      1    4  9  2  6  8  0
      1    5  9  6  1  4  2
      2    4  6 10  4  5  0
      2    4  7  3  1  2  0
      1    4  9  7  4  3  0
      2    4  3  2  5  8  0
      2    4  4  2  1  7  0
      1    5  5  1  3  7  4
      2    5  1  7  6  9  2
      1    5  9  7  5  2  1
      2    5  1  7  8  3  9
      1    5  1  7  4  2  8
      1    5  7  6  2 10  8
      1    5  2  6  8  1  9
      2    5  1  2  6  8 10
      1    4  9 10  5  4  0
      1    5  1  7  6  9  8
      1    5  1  2  3  8  9
      1    5  3  6  9  1  4
      2    5  5  7  6  4  3
      2    4  9  1 10  6  0
      1    5  4  7 10  2  1
      2    5  7  2  1  6  4
      1    5  7  1  9  8  5
      1    5  2  5  1  7  8
      1    4  1  8  9  2  0
      1    5  7  1  8  5  2
      2    5  2  7  1  4  3
      1    5  5  2  4 10  7
      1    5 10  6  3  5  4
      2    3  8  2  5  0  0
      1    5  2  6  8  7  9
      1    4  2  9 10  3  0
      1    4  1  5  2  6  0
      1    5  5  2 10  3  4
      1    5  1  9  5  2  6
      2    4  1  4  9  8  0
      1    5  1  9  7  5  3
      2    5  2  1  4  7  5
      2    5  3  5  6  4  9
      1    5  1  4  7 10  6
      2    5  3  1  2  9  5
      1    5  9  2  5  4  3
      2    5  6  2  5  3  1
      1    5  3  4  1  2 10
      1    5  1  5  2  7  3
      1    5  7  5  1  4  2
      1    5  2  1 10  4  6
      1    5  9  7  3  8  1
      2    5  1  9  5  2  7
      1    3  8  9  4  0  0
      1    4  2  3 10  8  0
      1    5  9  3  1  7  5
      1    5  9  6  7  2  5
      1    5  1  9  2  4  7
      2    5  2  3  7  1  5
      1    5  2  3  8  4  7
      1    5  6  8  1  2  9
      2    5  3  6  8  4  7
      2    5  2  1  8  7  5
      1    5  6  7  1  3  8
      1    5  4 10  8  5  2
      2    4  2  8  6 10  0
      2    5  5  7  4  2  1
      2    5  1  2  6  9  8
      2    5  2  1  3  8  6
      1    5  2  4  1  5  7
      1    5  3  7  5  8  1
      1    5  9  4  3  2  1
      2    4  4  8  7  5  0
      1    5  7  8  9  3  2
      1    5  3  1  8  7  6
      1    5  8  4  9  2  1
      2    5  3  2  5  1  8
      1    5  2  8  3  4  6
      2    5  1  8  7  2 10
      1    5  4  2  7  3 10
      1    5 10  3  6  1  5
      2    5  4  2  6  8  3
      1    4  6  2  3  7  0
      1    5  1  8  4  2  3
      2    5  7  3  1  2  5
      1    5  5  2 10  1  4
      1    5 10  2  6  9  1
      1    4  3  4  6  2  0
      2    5  7  3  2  1  5
      1    5  6  2  5 10  8
      1    4  1  6  8 10  0
      1    5  1  2  5  6  9
      1    5  3  9  6  4  1
      1    5  3  1  8  9  7
      2    5  6  1  4  3  2
      1    5  2  1  9  7  3
      1    4  1  8  9  6  0
      1    4 10  1  6  7  0
      2    3  1 10  8  0  0
      1    5 10  6  9  7  8
      1    5  5  1  6 10  3
      2    5 10  3  5  4  9
      1    5  1  9  6  2  5
      1    5  6  1 10  8  7
      1    5  4 10  6  1  3
      1    5  1  9  6  8  7
      1    5  1  6  7  3  9
      1    5  4  2  9  8  6
      2    5  6  1  7 10  8
      2    5  7  1  3  9  2
      1    5  5  1  4  2  8
      1    5  9  1  8  2 10
      1    4 10  3  9  2  0
      2    5  7  8  4  2  5
      1    5  1  8  9  3  2
      1    4  4  6  1  9  0
      1    5  1  4  3  6  5
      1    5  3  4  1  9  5
      1    5  1  4  5  8  7
      1    5  3  4  1  7  5
      2    5  6  1  3  8  2
      1    4  5  3  7 10  0
      2    5  2  3  1  9  6
      2    5  1  8  9  6  4
      2    5  5  4  8  3  1
      1    5  2  6  4  7  5
      1    5  6  1  3  2  4
      2    3  2  5 10  0  0
      1    4  6  9  1  3  0
      2    5  4  8  5  1  2
      1    5  3  5  4  7  6
      1    4  7  9  1  3  0
      1    5  4  3  6  1  7
      1    5  2  3  6  9  7
      3    4 10  9  6  1  0
      1    5  6  7  4 10  1
      1    5  1  2  8  4  6
      1    5  9  1  4  3  5
      1    5  2  3  8  7 10
      1    5  6  3  4  1  5
      2    5  6  4  7  1  5
      1    4  8 10  5  3  0
      1    4  7  2  8 10  0
      2    4  4  1  7  5  0
      1    5  8  3  1  4  6
      2    5  7  8  3  4  2
      1    5  4  3  2  6  5
      1    4  6  8 10  7  0
      1    5  4  5 10  1  3
      1    5  6 10  3  9  1
      1    5  9  4  7  1  5
      1    5  3  1  5  6  8
      1    5  5  1  4 10  2
      1    5  2  5  8  1 10
      1    5 10  3  4  5  8
      1    5  6  3 10  7  1
      1    5  2 10  3  6  1
      1    5  6  3 10  1  9
      1    5 10  6  9  3  2
      1    4  2  7  4  9  0
      1    5 10  1  6  3  5
      1    5  4  8  9  3  2
      1    5  5  4  6  1  3
      1    5  3  4  6  9  7
      1    5  6  1  7  2  3
      1    4  3  7  4  5  0
      3    4  3  7  1  8  0
      1    5  3  4  2  8  5
      1    5  1  9  6 10  7
      2    5  1  3 10  2  5
      1    5  4  1  3  6  9
      1    5  8  1  7  9  6
      1    5  1  9  8  6  3
      1    5  5  3  4 10  8
      1    5  7  8  3  9  4
      1    5  8  4  2  1  6
      1    5  2  6  4 10  8
      2    5  2  6  5  4  1
      1    3  9  3  6  0  0
      1    5  5  4  1  6  9
      2    5  7  4  6  1  2
      1    3  8  3 10  0  0
      1    5  5  6  3  4  9
      2    5  5  6  4  3  2
      1    5  6  1  3 10  4
      2    5  2  3  1  8  7
      1    5  1  2 10  9  8
      2    4  6  9  3  2  0
      1    5  7  6  4  2  1
      1    4  7  1  5 10  0
      2    5  1  2  3  6  8
      1    5  2  7  6  4  1
      2    4  4  1  5  7  0
      1    5  5  4  7  2  8
      1    5  5  9 10  3  4
      2    5 10  5  7  6  8
      1    5  3  4  2  9 10
      1    5  1  7  9  2 10
      1    5  7  4  5  1  3
      2    5 10  6  4  3  5
      1    5  4  1  9  6  2
      1    5  1  8  9  6  2
      2    5  4  6  1  7  9
      1    4  4  7  8  2  0
      1    4  1  6  5  9  0
      2    5  4  3  1  5  9
      1    4  8  1  7  6  0
      1    5  5  9  4  3  6
      1    4  5  3  7  6  0
      1    4  6  4  9 10  0
      2    5  1 10  6  7  2
      1    5  1  2  7  6  5
      1    5  1  7  3  9  8
      2    5  2  1  3  9  6
      1    5  9  1  8  4  2
      2    5  6  1  2 10  8
      1    4  3  5  1 10  0
      1    5  1  3  4  7  5
      3    5  4  3  5  6  8
      1    5  6  2  7  1 10
      1    5  3  6  4  2  8
      2    5  1  7  2 10  6
      1    4  5 10  7  4  0
      1    5  2  5  4  7  1
      1    5  2  7  3  1  4
      1    4  9  4  5  3  0
      1    5  7  5  6  4  1
      1    4  3  2  6  5  0
      2    5  6  4  7  5  2
      1    5  5  1 10  6  2
      2    5  2  7  8  3  1
      2    5  2  1  6  5  8
      1    5  4  3  8  6  2
      2    5  2  1  5  8  6
      2    5  7  5  1  6  4
      1    5 10  1  8  7  2
      1    5  5  2  8  9  1
      1    4  8  2  3  6  0
      2    5  4  1  2  6 10
      1    5  8  7  4  1  5
      2    4  4  6  2 10  0
      1    5  1  9  7  6  5
      1    5  5  2  6  8 10
      1    5  4  6  7  5  9
      2    4  2  9  7  8  0
      1    5  3  2  5  6  7
      1    5  4  7  1  3  8
      1    5  7  9  1  2  8
      1    5  7  1  3  8  5
      2    5  7  1  8  5  4
      1    5  5  2  7  9  3
      1    5  5  7  8  6  1
      2    5  1  6  3  8  2
      2    5  2  1  3  6 10
      1    5  2  1  9  6  5
      1    4  5  7  1  9  0
      2    5  1  7  3  2  9
      1    5  6  1  3  7  9
      1    5  1  2  4  8 10
      2    5  1  2  3  6  9
      1    5  8  6  9  1  5
      1    5  4  5  1 10  6
      2    5  2  6 10  1  8
      1    5  3  6  1  8  7
      1    5  4  7  5  3  6
      1    5  3  2  8  1  4
      1    5  6  9  1 10  8
      1    5  8  7  3  1  4
      1    5  4  9  6  2  1
      2    5  3  2  6  9  5
      1    5  8  2  1  9  3
      2    5  5  1  3  2  4
      1    5  7  1  6  2  5
      1    5  8  2  7  5  3
      1    5  2  8  4  3 10
      2    4  6  8 10  9  0
      1    5  8  3  6  7  2
      1    5  6  5  3  2 10
      1    5  1  4  5  6  7
      3    5  6  4  2  5  3
      1    5  6  2  5  1  7
      1    4  8  2  6  4  0
      1    4 10  5  6  2  0
      2    5  2  4  9  1  8
      1    5  7  6  9  1 10
      1    5  2  3  7  8  1
      1    5  1  5  2  3  6
      2    5  4  1  3  6  5
      1    4  5  9  2  1  0
      1    5  2  9  1 10  6
      1    5  4  5  6  3  7
      1    4  8  4  1  7  0
      1    5  5  3  1  8  6
      1    5  4  5  3  8  1
      1    5  1  3  4  9  2
      1    5  5  2  1  4  8
      1    5  3  5  8  2  4
      2    5  2  6  9  1  7
      1    5  3  1  8  6  7
      1    5  9  3  5  4 10
      1    5  6  4  3  2  9
      3    5  7  1  5  3  4
      1    5  1  3  7  4  5
      1    5  4  5  3  6  8
      1    5  1  3  7  5  6
      2    5  6  1  7  2  9
      1    5 10  9  1  5  2
      1    5  4  8  6 10  3
      1    5  3  4  9  2  5
      1    3  8  6  4  0  0
      1    5  5  3  4  7  9
      1    4  3  4  8  2  0
      1    4  8  7  6 10  0
      1    4  3  4  6  9  0
      2    4 10  4  1  5  0
      1    5  4  7  2  3  1
      2    5  2  3  4  6  1
      1    5 10  2  7  5  6
      1    5  1  2  5  7  3
      1    5  1  2  3  7  9
      1    5  2  7  3  1  5
      2    5  7  2  3  8  5
      1    5  1  7  9  5  4
      1    4  6 10  9  4  0
      1    5 10  1  6  8  3
      1    5  3  6  5 10  4
      1    5  4  7  6  2  1
      1    5  6  3  9  7  2
      2    5  6  2  3  1  8
      1    4  8  1  7  4  0
      1    5  4  8  9  6  3
      1    5  7  2 10  6  1
      1    5  3  1 10  7  8
      1    5  1  5 10  3  9
      1    5  1  9  8  6  2
      1    3  4  9  7  0  0
      1    4  6 10  7  8  0
      1    5  4  2 10  6  1
      1    5  6  4  1  9 10
      1    4  9  4  5  2  0
      1    5  7  1  4  8  6
      1    5  1  4  2  5  6
      1    5  3  8  6  2  1
      1    5  3  4  2  5 10
      1    4  7  5  6  4  0
      1    5  4  1  2  5  6
      2    4 10  4  9  6  0
      1    4  2  8  9  3  0
      1    5  7  4  3  5  8
      1    5  2  7  4 10  6
      1    5  2  7  3  6  4
      1    5 10  6  1  2  5
      1    5  1  7  9  6  5
      1    5  8  6  1  5  4
      2    5  2  1  8  5  7
      1    5  5  7  6 10  8
      1    4  2  6  9  7  0
      1    5  7 10  6  1  2
      1    5  6  5  3  7  4
      1    5  1  6  4  8  2
      2    5  6  1 10  7  2
      1    5  2  3  8  1  9
      1    4 10  2  7  8  0
      1    4  9  4  7  8  0
      1    5  2  5  8  6  1
      1    5  3  7  2  9  6
      1    5  3  2  6  7  5
      2    4  1  8  5  4  0
      1    5  6 10  9  2  5
      2    5  7  8  1  9  5
      2    5  2  8  6  3  1
      1    4  4  2 10  5  0
      2    5  5  3  1  4 10
      1    4  4  1  9  3  0
      2    3 10  8  6  0  0
      1    5  7  5  9  2  4
      1    5 10  9  3  1  7
      1    5  6  9  3  5  4
      2    5  3  5  2  7  4
      1    5  1  2  5  8  7
      1    5  5  3  8  6  2
      1    5  4  6  3  7  1
      1    4  7  3  8  1  0
      1    5  2  9  8  7  3
      1    5  3  1 10  4  5
      1    4 10  4  8  5  0
      1    5  3  4  2  6  9
      1    5  6  1  4  3  9
      1    5  6  3 10  9  4
      1    5  5  7  6  1  2
      1    5  1  6  5  3  2
      2    4  3  2  7  5  0
      1    5  1  2  3  4  8
      2    4  5  4  9  1  0
      1    5  6 10  4  1  5
      1    5  9  1 10  2  8
      1    5  2  7  4  9  1
      2    5  6  4  3  5  9
      1    4  3  2 10  9  0
      2    2  9  5  0  0  0
      1    4 10  3  1  7  0
      2    5  7  8  3  2  1
      1    5  5  4 10  6  2
      1    5  2  1 10  8  6
      1    5  1  5  3  7  4
      1    4  8  1  4  7  0
      1    4  7  4  3  8  0
      2    5  6  1  2  4  7
      1    5  1  2  9  3  4
      1    5  3  1  4  2 10
      1    5  3  2  6  7  8
      1    4  9 10  6  8  0
      1    5  1  4  3  9  7
      1    5  2  7  3  1  9
      1    5  7  5  1  6  8
      2    5  2  6 10  4  3
      1    2  8  5  0  0  0
      1    5  7  3  1  8  4
      2    4  6  1  4 10  0
      2    5  2  5  3  6  4
      1    5  3  4  6  2  9
      1    5  6  2  4  7 10
      1    5  3 10  6  1  5
      1    5  4  9  5  3  2
      2    5  4  5  3  8  2
      1    4  3  9  5  1  0
      2    5  5  1 10  3  4
      1    4  4  2  3  8  0
      2    5  4  2  1  3  8
      1    5  1  7  3  2  6
      1    5  8  4  6  2  1
      1    5  2  1  3 10  8
      1    5  8  7  2  6 10
      2    5  4  5  6 10  2
      1    4  3  5 10  1  0
      1    4  5  6  4  2  0
      2    3  2  4  8  0  0
      1    5  7  2  1  9 10
      1    5  6  2  1  3  8
      2    5  1  2 10  9  6
      1    5  8  7  3  4  1
      1    4  7  1  9  4  0
      1    5  6 10  2  4  7
      1    5  6  5  3 10  8
      1    5  4  5 10  2  1
      1    5  4  1  6  9  5
      1    5  7  2  6  8 10
      1    5  5  7  2  4  1
      1    4  7  1  6  4  0
      1    5  6  1  5  3  9
      1    4 10  6  9  3  0
      1    4  2  6  3  7  0
      2    5  3  5  2  7  1
      1    4  8  3 10  5  0
      1    4  9  4  5  7  0
      1    4  2 10  8  4  0
      1    5  3  7  5  8  2
      2    5  7  8  1  5  4
      1    5  2  5  6  4  7
      1    5  1  4  6  5  7
      1    5  1  6  8 10  9
      1    3  9  3  8  0  0
      1    5  8  9  3  2  5
      1    5  2  8  1  6  9
      1    5  6  2  7  4  9
      1    5  7  2  8  4  3
      1    5  3  4  1  2  9
      2    5  1  2  7  3  9
      1    5  3  6  4  7  2
      1    5  6  7  1  2  9
      1    5  3  7  1 10  8
      1    4  2  4  1  8  0
      1    5  7  2  4  1  8
      2    4  1  9  3  7  0
      1    4  5  6  9  7  0
      1    4  3  5  6  9  0
      2    4  5  3  8  1  0
      1    5  3 10  1  5  4
      1    5  9  4  5  3  6
      1    4  8  6  1 10  0
      1    4  1  6  7 10  0
      2    5  5  8  7  4  3
      1    5  9  1  8  6  2
      1    4  5  7  6  4  0
      1    5  3  6  8  5  4
      1    4  2  8  3  7  0
      1    5  8  2  1  3  6
      1    4  9  1  6  7  0
      1    5  6  8  3  2  1
      1    5  3  1  6  8  2
      1    5  1  6  4  8  7
      1    4 10  4  7  2  0
      1    5  2  1  6  4  9
      1    5  6  1 10  7  9
      1    5  4  1  3  6  2
      1    4  2  5  1  8  0
      1    5  2  3  5  7  4
      1    4  2  4  5  9  0
      1    5  4  5  1  9  3
      1    4  7  3  4  2  0
      2    5  1  2  6  5  9
      1    5  3  7  9  2  1
      1    5  2  4  3  9  6
      1    5  3  2  1  4  7
      2    5  3  2  8  4  5
      1    5  2  9  3  1  5
      1    4  4  6  7  5  0
      1    4  5  2  4  7  0
      1    5  5 10  1  3  4
      1    5  9  5  2  1  6
      1    5  4  7  1  5  8
      2    5  6  1  3 10  8
      1    5  4 10  1  6  9
      1    5  6  8  7  1  5
      1    5  5 10  6  2  4
      1    5 10  2  6  8  7
      2    5  3  2  1  9  7
      1    5  1  5 10  2  6
      1    5  1  3  2  7 10
      2    5  4  6  5  1  7
      1    4  3  5  8  4  0
      1    5  5  4  7  1 10
      1    4  4  3  7  1  0
      1    5  8  2  7  9  6
      1    5  5  3  6  1  7
      1    5  5  4  6  1  9
      1    5  7  2  8  3  6
      1    5  1  9  7  3  8
      1    5  2  9  7  8  1
      1    5  3  7  2  5  4
      1    5  1  7  3  2  4
      1    5  2  1  9  3  5
      1    5  1  5  6  9  4
      1    4  8  3  2  7  0
      2    5  5  3  1  4  6
      1    5  4  1  2  5  8
      2    5  5  3  4  8 10
      1    4  9  1  7  4  0
      1    5  6  3  4  7  8
      1    5  7  2  5  1  3
      1    5  5  6  8  1  4
      1    5  2  6  9  1  3
      1    5  6  2  3  8  9
      1    5  7  5  4  8  1
      2    4  4  3 10  7  0
      1    4  9  1  6  5  0
      1    5  5  2  6  1  7
      1    5  1  5  4  9  2
      1    5  3  6  5 10  8
      2    5  6  1  7  9 10
      1    4  9  1  3  6  0
      1    5  7  8  6  2 10
      1    4  4  3  7  5  0
      1    5  5  2  4  6  9
      1    4  8  7 10  6  0
      1    5  6  9  2  3 10
      1    5  4  6  5  3  9
      1    5  6  5  7 10  3
      1    5  1  7  4  3  5
      2    4  1  8  3  9  0
      1    5  4  1 10  6  5
      1    4  4  1  6  9  0
      1    5  3  8  2  9  5
      1    5  3  5  8  4  1
      1    4 10  3  4  7  0
      1    5  2  3  4 10  6
      1    5  3  7  2  4  5
      2    4  2  7  6  9  0
      1    5  2  3  4  6  8
      2    5  3  4  5  6  8
      1    5  2  8  1  3  5
      1    5  5  7  4 10  6
      2    3  8  2  4  0  0
      1    4 10  1  4  5  0
      1    5  4  5  3  9 10
      1    5  1  8  2  5  7
      1    5  8  2  1  7  6
      1    5  3  4  6  2  5
      1    5  4  5  7  9  1
      1    5 10  5  6  4  9
      1    5  4  8  1  3  5
      1    5  9  4  1  5  3
      1    5  2  1  3 10  5
      2    5  5  4  2  3  8
      1    5  6  1  5  7  8
      1    5  4  5  1  2  9
      1    5  5  6  2  7  9
      1    4  2  3  6  4  0
      1    5  4  3  8  1  5
      2    5  6  4  2  1  7
      1    5 10  6  2  7  8
      1    5  7  1  2  9  4
      1    5  9  6  1  3  4
      1    5  7  3  8  5  4
      1    5  8  4  7  1  3
      2    5  2  6  4  3  1
      1    5  5  6  2  4  8
      1    5  6  9  7  1  8
      1    5  2  1  8  5  3
      1    5  6  7  1  4  2
      2    5  6  5  2  1  9
      1    5  2  6  3 10  4
      1    5  1  8  4  3  6
      1    5  3 10  6  9  1
      2    4  3  1  5  9  0
      2    4  2  7  8  4  0
      1    5  4  7  1  5  2
      1    5  3  2  8  5  1
      2    4  4  1  3 10  0
      1    4  3  7  6  8  0
      1    5  9  5  1  8 10
      1    5  7  2  1  5  4
      1    4  7  6  2  5  0
      1    5  4  8  1  5  3
      1    5  1  2  5  7  6
      1    5  6  3  9 10  4
      1    4  9  6  3  1  0
      1    5  2  1  5  7  6
      1    5  6  3  2  1  8
      1    4 10  5  9  2  0
      1    4  1 10  6  3  0
      1    4  3  9  2  1  0
      1    5  3  8  2  4  7
      1    4  4 10  2  1  0
      1    5  3  5  6  9 10
      1    4  6  3  7 10  0
      1    5  5  6  2 10  9
      2    4  5  2  1  9  0
      1    5  2  4  5  1  8
      2    5  8  9  7  2  1
      1    5 10  4  5  2  3
      1    5  4  7  3  8  2
      2    5  2  1  5  4  7
      1    5  3  9  5  4  7
      1    5  1  9  4  2  5
      1    5  1  8  4  7 10
      1    5  2  1 10  3  6
      1    5  9  6  2  5 10
      1    5  2  7  4  5  9
      1    5  9  5  4  7  2
      1    5  1  2  9 10  8
      1    5  1  6  9 10  2
      1    3 10  7  3  0  0
      1    5  4  3  9  6  5
      1    4  6  7  8  5  0
      1    5  4  6  2  7 10
      1    5  5  8  3  1  4
      1    5  7  4  5  2  1
      1    5  6  4  1  9  3
      1    4  7  5  8  1  0
      1    5 10  6  1  9  8
      1    5  8  2  9  1  3
      1    4  8  2  3  4  0
      1    5  3  2  6  5  4
      1    5  2  1  3  6  4
      1    5  3  7  1 10  4
      2    4  6  9  4  2  0
      1    5  6  2  9  4  5
      1    4  2  3  8 10  0
      2    5  6  9  1  7 10
      1    5  1 10  6  7  8
      1    3 10  8  7  0  0
      1    5  1  2  8  4  7
      1    5  6 10  3  1  5
      1    5  2  1  9  4  8
      1    5  5  3  9  2  6
      1    5  2  5  8 10  3
      1    5  8  2  1  5 10
      1    4  5 10  7  6  0
      1    5  2  4  1  7  5
      1    5  2  8  1  5  7
      1    5 10  6  7  4  3
      2    5 10  5  3  4  2
      1    5  4 10  6  5  2
      1    5  2  4  3  8 10
      1    5  9  7  8  2  6
      2    5  1  9  6 10  2
      2    4  6  4  2  3  0
      1    5  6  2  8  3  1
      2    5  1  5  6  2  4
      1    5  1  3  2  9  5
      1    5  4  1  5  7 10
      1    5  7  3  9  1  8
      1    5  5  2  4  1  3
      1    4  5  2  1 10  0
      1    4  4  2  5 10  0
      2    5  5  2  3  8  4
      1    5 10  1  5  4  3
      2    5  6 10  9  8  7
      1    5  3  7  2  4  8
      2    5  6  1  4  7  5
      1    5 10  1  2  4  6
      3    5  4  6  5  1  3
      1    5  3  8  6  4  2
      2    5  2  8  7  6  3
      1    5  1  4  7  6  5
      1    4  2 10  3  1  0
      1    5  1  4  9  6  8
      2    5  2  6  3  1  9
      1    5  7  9  6 10  1
      1    5  3  1  9  5  2
      1    5  2  7  9  8  5
      1    5  2  3  7  8  4
      1    5  2  4  6  1 10
      1    5  6 10  3  1  9
      1    5  1  5  8 10  6
      2    5  1  4  5 10  3
      1    5  7  5  2  4  6
      2    5  3  6  1  2  8
      1    4  1  6 10  8  0
      2    5  1  6  2  5  7
      1    5  2 10  6  4  9
      1    5  6  1  8 10  3
      1    5  8  3  7  2  4
      1    5  3  1 10  5  4
      2    5  7  8  4  3  1
      1    5  1  7 10  8  2
      1    4  1 10  9  8  0
      1    4  7  1  6  3  0
      1    5  2  1  5  6  3
      1    5  2  7 10  4  1
      1    5 10  2  6  1  7
      2    5  1  4  2  3  8
      1    5  2  3  1  5  9
      2    5  7  1  6  4  3
      2    5  2  8  7 10  9
      1    5  7  4  3  8  5
      1    5  2  5  6  3  7
      1    5  1 10  2  6  7
      1    5  5  3  4 10  7
      1    5  2  5  8  7  1
      1    5  1  3  7  6  2
      1    4  5  4  8  6  0
      1    5 10  4  6  8  2
      1    5  6  2  3  8 10
      2    5 10  1  7  2  8
      1    4  1  9  8  6  0
      1    4  4  9  2  5  0
      2    5  5  4  8  7  3
      1    4  3  6  2  8  0
      2    5  4  1  5  2  3
      1    5  4  3  8  7  1
      1    5  3  2  7  5  8
      1    5  1  7  2  6  3
      2    5  2  6  7  1 10
      1    4  6  3  7  9  0
      1    5  8  7 10  9  2
      1    5  9  1  2  3  7
      1    5 10  2  3  1  5
      1    5  9  2  4  5  1
      2    5  9  6  1  2  8
      1    5  4  2  1  8  3
      1    5  6  1  5  7  9
      1    3  4  9  5  0  0
      1    5  4  3  6  5  7
      1    4  1  7  5  3  0
      1    5  2  4  8  6 10
      2    5  7  1  5  2  8
      1    5  1  7  3  9  6
      1    5  8  7  2 10  9
      1    5  4  7  3  1  6
      1    4  3  2 10  1  0
      2    4  3  7  2  6  0
      2    5  1  3  5  4  9
      2    5  3  7  1  8  6
      1    5  2  4 10  6  5
      1    5  1  9  5  4  3
      1    5  9  3 10  4  2
      1    5  3  2  5  6  1
      1    4  7  9  6  2  0
      1    5  5  4  8  7  2
      1    5  7  8  4  5  6
      1    4  5  3 10  2  0
      1    5  6  2  7  4  5
      1    5  4  2  3  5  6
      1    5  3 10  5  4  8
      2    5  6  5  3 10  4
      1    4  3  7  9  2  0
      1    5  2  9  1  3  6
      1    5  1  3  2 10  4
      1    4 10  7  8  9  0
      2    5  1  3  7  8  4
      1    5  8  3  7  2  5
      1    5  4  5  1  9  7
      1    4  9  1  3  7  0
      1    5  6  7  1  2  4
      1    5  2  4  6  1  7
      2    5  2  5  1  3  4
      1    4  2  8  6  3  0
      1    4  1  8  3  4  0
      2    4  6 10  1  8  0
      1    5  5  6  1  7  4
      1    5  6 10  9  4  1
      1    5  6  7  2  8  9
      1    4  6 10  2  4  0
      1    5  2  4  8  6  3
      1    5  1  3 10  8  6
      2    5  2  8  3  4  1
      1    5  9  4  7  8  6
      1    5  5  4  6  3  7
      1    5  1  5  2  3  4
      1    5  9  2  1  6 10
      1    5  6  7  4  5  3
      1    5  3  2  9  1  7
      1    5  1  3  4  2  8
      1    5  8  7  2  3  5
      1    5  5  2  6  8  7
      1    5  3  2  6  1 10
      1    5  7  1  2  6  9
      2    5  5  7  8  4  3
      1    5  7  2  3  6  8
      1    5  2  3 10  4  7
      1    5  4  5 10  3  1
      1    5  3  4  7  2 10
      1    4  2  1 10  3  0
      2    5  4  3  2  7  5
      2    5  2  6  8  9  1
      1    5  3  9 10  6  8
      1    5  7  3  1  5  6
      1    5  4  2  8  1  5
      1    4  2  9  3  1  0
      1    5  3  7  2  1  9
      1    5  2  8  4  7  5
      1    4  7  5  6  8  0
      2    5  2  3  6  4  5
      1    5  5  9  2  8  7
      1    5  6  2  9 10  5
      1    5  1  2  9  3  8
      1    4  5  4  9  8  0
      1    5  5  8  2  7  1
      1    4  4  9  5  1  0
      1    5  7  2  6  4  5
      2    5  1  2  5  9  8
      1    4  5  3  6 10  0
      2    5  4  3  1  2  7
      1    5  5  1  4  6  2
      1    5  6  3  4  1  8
      1    5  2  7  9  8  1
      1    5  2  7  9  8  6
      1    5  1  5  2  7  6
      1    5  2  5  9  8  6
      1    5  1  2  6 10  5
      1    5  2  4  1 10  9
      1    5  1  7  8 10  2
      1    5  2  3  9  1 10
      1    4  5 10  4  6  0
      1    5  6  4  3 10  7
      1    5  7  1  5  3  8
      1    4  2  5  4  6  0
      1    5  2  5  3  1  6
      1    5  1  9  8  3  7
      1    5  2 10  6  7  3
      2    4  9  2  6  7  0
      1    5  2  1  5 10  4
      1    4  3  1  4  7  0
      1    5  4  3 10  9  2
      1    5  5  1  7  8  4
      1    4  5  7  8  3  0
      1    5  7  8 10  1  2
      1    5  2  8  1  7 10
      1    5  3  2  5  4 10
      1    5 10  1  5  6  4
      1    5  3  8  1  2  5
      1    4  3  6  9  1  0
      1    5 10  2  3  5  4
      1    5  1  7  3  2 10
      1    5  1  2  9 10  7
      1    5  5  4  9  3  2
      1    5  7  1  9  5  8
      1    5  3  5  7  2  6
      1    5  2  5  3  7  8
      1    5  3 10  4  9  5
      1    5  3  1  6  5  4
      2    5  6  2  1  3  5
      1    5  7  8  2  5  6
      1    5  2  9 10  6  3
      2    4  6  2  8  1  0
      1    5  1  6  8  9  5
      1    5  1  5 10  3  4
      1    5  1  6  3  5  2
      1    5  3  8  7  2  4
      1    4  8  4  9  2  0
      1    5  6  2 10  1  5
      1    4  9  3  2  7  0
      2    5  2  1  5  8  3
      1    5  3  5  9  4  1
      1    5  6  2  8  9  3
      1    5 10  7  2  5  1
      2    5  1  7  4  5  3
      1    5  7  2  6 10  3
      1    4  7  2  3  5  0
      1    5  3  4  2  8  6
      1    4  9 10  6  3  0
      1    4  4 10  1  8  0
      1    4  8  7  3  6  0
      1    5  9  6 10  1  3
      1    5  1  7 10  4  2
      1    3  4 10  9  0  0
      1    5  7  2  1  5  9
      1    5  4  9  2  1  6
      1    4  2  6  7  5  0
      1    5  9  6  2  7  8
      1    4  1  3  6  4  0
      1    5  3  2  1  5  6
      1    5 10  2  6  8  5
      1    5  6  3  2  7  8
      1    5  8  3  9  7  2
      1    4  5 10  7  2  0
      1    5  6  1 10  3  7
      1    5  6  7  9  2  3
      1    5  7  1  2  6  5
      1    4  1  7  4  6  0
      1    5  1  4  3  7  2
      1    5  7  2  5  6  9
      1    5  1  9  8  5  7
      1    5  9  6 10  7  2
      1    5  3  6  5  1 10
      1    5  6  2  7  4  8
      1    5  1 10  2  4  5
      2    4  8  9  1  7  0
      1    5 10  4  5  9  3
      1    5  4  5  9  3  1
      1    4  5  1 10  6  0
      1    5  9  4  2  1  7
      1    5  8  4 10  3  7
      1    5  1  2  6  3  9
      2    5  7  8  1  3  9
      1    5  6  3  2  7  5
      1    5  6  2  1  4  9
      1    5  2  8  1  6  3
      1    5  2  6  4  1  8
      1    5  8  9  7  3  1
      1    5 10  2  4  3  7
      2    5  6  2  4  3  1
      1    5  1  7  5  2  9
      1    5  6  9  7  2  8
      1    5  2  5  6  8  7
      1    5  2  3  8  6  4
      2    4 10  2  1  7  0
      1    5  2 10  9  6  1
      1    5  3  8  5 10  4
      1    5  7  8  9  2  6
      1    5  9  2  3  4  6
      2    5  2  7 10  8  6
      1    5  2  1  4  5  8
      1    5  1  8  6  5  4
      1    5  2  8  9  1  5
      2    5  4  5  7  6  3
      1    5  6  7 10  4  1
      1    5  2  3  5  1  4
      1    5  6  1  2  8  4
      1    5  4  6  8  1  7
      1    5  6  1  2  5  9
      1    5  7  8  2  6  3
      1    5  2  6  9 10  1
      1    5  3  2  7  8  4
      1    5  6  2 10  7  1
      1    5  2  1  3  7  6
      1    4  1  4  6  5  0
      2    5  6  1  7  9  8
      1    5  1  6  3  7  9
      2    5  4  5 10  2  6
      1    5  6  4  1  2  7
      1    5 10  1  8  9  5
      2    3 10  4  9  0  0
      1    5  3  6  8  7  4
      2    4  2  7  4  6  0
      1    5 10  6  1  2  8
      1    5  2  8  6  4  1
      1    5  6  8  7  9  2
      2    5  2  5  7  4  3
      1    5  1  5  7  4  9
      1    4  8  7 10  1  0
      1    5  4  1  3  5  8
      1    5  6  1  7 10  5
      1    4  8  1  4  6  0
      2    5  9  1 10  6  2
      2    4  8  4  3  5  0
      1    5  2  8  1  4  6
      1    4  6  8  4  2  0
      1    4  2  8  4  5  0
      1    5  7  3  1  5  2
      1    5  7  5  1  2  4
      2    5  7  6  1  8 10
      1    4  3  5  9  4  0
      1    5  7  2  5  8  9
      2    5  3  8  1  7  6
      1    5  9  2  1  5  8
      1    4  7  5  3  9  0
      1    5 10  2  1  6  8
      1    5  5  7  4  6  8
      2    4  3  4 10  5  0
      1    4  4  7  5  1  0
      1    5  1 10  9  2  6
      1    4  8  2  1 10  0
      1    5  4  6  5  3  1
      1    5  4  6  5  7  2
      1    5  2  7  9  8 10
      1    5  5  6  8  1  3
      1    4  8  7 10  9  0
      1    4  7 10  2  1  0
      1    5  5  3 10  4  1
      1    5  6  1  3  8  7
      2    4  1  6  4 10  0
      1    4  1  7  4  8  0
      1    5  9  7  1  6  5
      1    4 10  4  2  1  0
      2    3  9  6  8  0  0
      1    5  6  5  1  8  3
      2    5  1  2  3  5  9
      1    5  6  3  2  4  5
      1    5  6 10  1  7  8
      1    5  4  1  8  7  3
      1    5  5  7  6  4  2
      1    5  8  2  4  5  3
      1    5  5  2  6  1 10
      1    5  7 10  2  6  1
      1    5  7  5  9  8  2
      1    4  6  3  1  7  0
      1    5  1  7  2  3  5
      1    4  6 10  4  9  0
      2    5  6 10  2  7  1
      1    5 10  4  8  7  3
      1    4  6  3  7  2  0
      1    5  7  1  8  3  5
      1    5  1  9  7  4  5
      1    5  6  8  5  2  4
      1    5  7  1  3 10  6
      1    5  2 10  5  1  9
      1    5  2  8  4  3  6
      1    5  3  1  4  5 10
      1    5  7  1  6  9 10
      1    5  1  6  5  2  7
      1    5  2  9  1  7  4
      1    5  2  6  3  7  9
      1    5  9  1  3  6  2
      1    5  7  1  2  5  3
      1    5  1  5  9  6  3
      1    5  8  5  1  2 10
      1    4  2  1  8  4  0
      2    4  5  2  1  8  0
      1    5  2  9  5  1  7
      1    5  1  3  8  6  7
      2    5  6  4 10  3  1
      1    5  6  9  4  3  5
      1    5  5  7  6  2  4
      1    5  3  7  2  6  5
      1    5  1  4  2  6  5
      1    5  5  1  7  3  6
      1    5  2  8  3  4  5
      1    4  7  3  2  9  0
      1    4  8  3  9  1  0
      2    5 10  3  4  6  1
      1    5  1 10  3  5  4
      2    5  9  1  7  2  6
      1    5  1  6  3  8  4
      1    5  9  7  6  4  2
      1    5  2  6 10  5  3
      1    5  2  9  1  6  4
      1    5  3  5  6  7  4
      1    5  6  1  3  4  8
      1    4  4  7  9  1  0
      2    5  5  8  1  6  7
      1    5  8  6 10  2  1
      1    5  1  3  5  2  9
      1    4  8  3  7  6  0
      2    5  6  2  1  8  4
      1    5  3  4  8  2  7
      2    5  1  6  2  5 10
      1    5  2  5  6  4  3
      1    5  6  9  1  8  7
      1    5  3  5 10  9  1
      1    5  1 10  6  8  2
      1    5 10  3  9  6  5
      1    5  9 10  2  7  8
      2    5  6  2  1  3 10
      1    4  1  4  3  7  0
      1    5  1  8  5  4  7
      1    4  2  9  7  6  0
      1    5  3  9  2  4  8
      1    5  5  6  2  1  7
      1    5  1  7  4  3 10
      1    5  7  8  2 10  9
      1    5  6  4  3 10  2
      1    4  4  5  2 10  0
      1    4  3  4  2  9  0
      2    4  2  3  7  6  0
      1    3  9  4  2  0  0
      1    5  1  8  2  3  9
      1    5  3  4  5 10  8
      1    5  3  4  7  9  1
      1    5  7  1  2  3  5
      1    5  3  7  2  6  8
      1    5  1  6 10  4  5
      1    5  4  5  2  1  8
      1    5  5  4  9  3  7
      1    5  2  5  1  3  7
      1    5  6  2  3  1  4
      1    5  5  3  7  4  6
      1    5  6  4  5  1  9
      1    5  4  8 10  3  2
      1    5  1  6  2  8  4
      1    5  1 10  2  5  9
      1    4  4  2  6  7  0
      1    4  6  5  7  1  0
      1    4  2 10  3  7  0
      1    4  4  1  9  7  0
      1    5  4  6  5  1  2
      1    5  1  6  9  3  8
      1    5  6 10  2  8  4
      1    5  2  6  4  3 10
      2    5  1  5  7  8  3
      1    5  3  2  8  7  5
      1    5  5  3  7  6  4
      1    4 10  7  9  8  0
      1    5  7  8  3  1  6
      1    5  8  7  1  4  2
      1    4  5  6  4  7  0
      2    5  8  1  5  3  4
      1    4  2  5 10  4  0
      2    4 10  4  3  1  0
      1    5  6  1  2  3  9
      1    5  6 10  2  4  1
      1    5  2  3  6  8  4
      1    5  2  1  4  6  9
      1    5  5  7  1  2  9
      1    4  2  8  5  1  0
      1    5  4  6  1  5  7
      1    5  7  8  5  3  1
      2    5  3  4  7  6  8
      1    5  1  5  3  4 10
      1    4 10  6  2  7  0
      1    5  1  9  3  2  5
      1    5  6  8  7  2 10
      1    5  1  7  9  2  5
      1    5  5  1  9  4  3
      1    4  9  1  2 10  0
      1    5  5 10  6  3  4
      1    5  1  9  8  2  7
      1    5  2  6  9  8  1
      1    5  1  4  2  6  8
      1    4  3  6  2 10  0
      1    5  8  3  5  4  1
      1    5  3  4  1  9  8
      1    5  3  5  2  6 10
      1    5  3  1 10  4  9
      1    5 10  2  1  6  7
      1    4  2  8  7  4  0
      1    4  2  6  8  5  0
      1    5  7  2  3  4  9
      1    4  7  2  3  4  0
      1    5  4  3  1  6  7
      1    4  5 10  4  7  0
      1    5  6  7  2  9  3
      1    4  6  8  2  9  0
      1    5  4  3  1 10  9
      1    5  9  4  3  7  1
      1    5  4  2  3  6  9
      1    5  6  1 10  3  5
      1    5  6  1  5  3  8
      2    5  9  1  6  2  8
      1    5  9  3  5  7  2
      1    5  1  6  8  7  3
      1    4  6  3 10  4  0
      1    5  5  1  4  6  8
      1    5  3  5  1  9  8
      1    5  1  3  7  6  8
      1    5  3  1  2 10  4
      2    4 10  6  3  2  0
      1    5  2  8  1  5  4
      1    5  1  6  2  8 10
      1    4  2  9  6  7  0
      1    4  9  4  5  1  0
      1    5  3  7  5  8  4
      1    5  1  7  4  3  2
      1    5  7  5  8  4  2
      1    5  2  3  5  4  6
      1    5  7  3  8  1  9
      1    5  2 10  8  4  3
      1    5  2  1  8  3 10
      1    5  9  8  3  5  2
      1    5  2  6  9  4  1
      1    5  3  2  1  9 10
      1    4  7  4  5  1  0
      1    5  7  5  2  3  4
      2    4  6 10  5  1  0
      1    4  5  2  1  6  0
      1    5 10  6  2  4  1
      1    4  3  2  4  6  0
      1    5  5  1  4  7  6
      1    5  3  7  8  1 10
      1    5  3  2  5  1  4
      1    5  7  4  2  5  1
      1    5  6  3  2  9  1
      1    4  5  6  9  4  0
      2    5  2  7  6  1  5
      1    4  5  6  7  2  0
      2    5  1  2  6  5  7
      1    4  6  2  9  5  0
      1    5  1  8  6  2  7
      1    5  1  9  6  3  4
      1    4  4  5 10  1  0
      1    5  5  2  7 10  8
      1    4  3  6  2  5  0
      1    5  6  9  1  7  8
      1    5  2  4 10  1  7
      1    5  4  3  2  5  9
      1    4  5  6  3  7  0
      1    5  9  7  6  1  8
      1    4  7  5  2  3  0
      2    4  1  6  8  9  0
      1    5  6  1  7  8 10
      1    5  1 10  6  4  7
      1    5  8  7  2  5  3
      1    5  3  9  6  1  2
      2    4  4  2  1 10  0
      1    4  2  5  3  8  0
      1    5  5  2  6  3  1
      1    5  7  8  2  4  5
      1    5  2  4  1  3  6
      1    5  2  3  4  8  7
      1    4  1 10  6  4  0
      1    4  6  1  7  5  0
      2    5  1  9  7  2  3
      1    5  2  5  1  9  6
      1    5  2  6  9 10  7
      1    4  6  3  2  4  0
      1    5  5  7  4  8  1
      1    5  6  7  3  4  1
      1    5  2  1  8  6  3
      2    5  3  1  4  8  2
      1    5  6 10  1  7  9
      1    5  4  5  2  8  7
      2    5  6  2 10  1  8
      1    5  2  3  7  1  9
      1    5  7  4  1 10  3
      1    5  5  4  2  3  6
      2    4  3  4  1  8  0
      1    4  3  6  1  9  0
      1    5  7  2  9  6  3
      1    4  3  2  1  8  0
      1    5 10  6  3  4  5
      1    4  9  7  6  2  0
      1    5  5  3  9  2  1
      1    5  1  2  9  8  3
      1    5  2  6  4  7  9
      1    5  2  4 10  1  8
      1    4  4  7  6  1  0
      1    3 10  1  8  0  0
      1    5  4  2  1  7 10
      1    5  3  5  7  6  9
      1    5  2  3  5  8  6
      1    5  2  1  5  6  8
      1    5  5  3  2  6 10
      1    5  4  5 10  3  2
      1    4  7  8  4  3  0
      1    5  8  6 10  3  9
      1    5  3  8  7  4  6
      1    5  4  5  2  7  6
      1    5  3  2  8  6  4
      1    3  9  4  6  0  0
      1    5  4  2  1  3  6
      1    5  1  2  5 10  6
      1    5 10  1  7  8  2
      1    5  5  4  8  2  1
      1    4  8  4  1  6  0
      1    5  4  5  2  1 10
      1    5  6  4  5  2  3
      1    5  5  7  2  8  4
      1    5  7  8  1 10  2
      1    5  2  9  7  1  8
      1    5  3  9  2  5  1
      1    4  7  9  4  1  0
      1    5  1  2  6 10  8
      1    5  3  4  2  5  7
      2    5  6  4  2  7  5
      1    5 10  5  6  2  7
      1    5  6 10  2  4  8
      1    5  1  2 10  3  5
      1    5  5  2  1  6  8
      1    5  8  3  4  1  9
      1    5  6  2 10  3  4
      1    5  9  1  7  6  2
      1    5  1  3  2 10  8
      1    5  3  5  1 10  4
      1    5  3  4  6  8  1
      1    4  9  5  3  4  0
      1    5  1  2  9  3  7
      1    5  7  9  1  8  6
      1    5 10  1  4  3  5
      2    3  3  9  2  0  0
      1    4  3 10  4  9  0
      1    5  6  5  8  4  9
      1    5  1  8  7  4  5
      1    5  9  1  5  7 10
      1    5  4  2  7  1  5
      1    4  3 10  9  2  0
      1    5  2 10  8  1  9
      1    5  8  7  4  3 10
      1    5  6  2  1  8  3
      1    5  4  1  3  2  7
      1    5  5  6  9  7  2
      1    5  1  8  2  7 10
      1    5  4  5  8  3  7
      1    5  9  3  4  1  5
      2    5  3  6  2  1  4
      1    5  8  2  7  5  6
      1    5  1  6  3  7  4
      1    4  1  4  9 10  0
      1    4  1  7  3  5  0
      1    5  2  4  1  5  8
      2    5  2  6  4  3  5
      1    4 10  2  8  3  0
      1    4  4  8  2  5  0
      1    4  6  3 10  1  0
      1    4  4  8 10  5  0
      1    5  4  2  8  7  6
      1    5  6  3 10  8  9
      1    5  8  7  1  5  4
      1    5  5  2  6  3  9
      1    5  1  8  6  3  9
      2    5  5  4  9  3  1
      1    5  2  8  7  5  4
      1    4  4  3  1  8  0
      1    5  4  3  7  5  6
      1    5  2  4  5  8  6
      1    5  1  5  4  9  3
      1    5  6  1  5  8  7
      1    5  2  3  8 10  9
      1    5  2  3  8  5  1
      1    3  4  9  8  0  0
      1    4  5  2 10  1  0
      1    5  7  4  1  8  3
      1    5  3  1  9  2  8
      1    5  7  1  6  5  4
      2    4 10  1  6  3  0
      1    5  2  4  5  8  1
      1    5  5  7  1  3  6
      1    5  5  4  1 10  2
      1    4  3  7  4  9  0
      1    4  2  9  6  4  0
      1    4  5  7  9  1  0
      1    4 10  1  3  4  0
      1    5  9  1 10  2  3
      1    5  1  9  2  6  3
      1    5  9  1  7  8  6
      1    5  3  4  8  2  5
      1    5  8  9  1  7  3
      1    5  6  1  9  3  7
      1    5  9  2  1  4  8
      1    5  7  3  5 10  4
      1    5  2 10  4  1  8
      1    5  5  6  2  9  1
      1    5  3  7  8  2  6
      1    5  2  6  1  7  3
      1    5  7  3  8  4  9
      1    5  5  6  1 10  8
      1    5  7  5  1  4  6
      1    5  6  9  2  8  3
      1    5  1  8  2  9  3
      1    5  1  9  6  2 10
      1    5  7  8  9  3  4
      1    5  4  5  1 10  2
      1    5  1  7  2  9  5
      1    5  3  1  5  2  6
      1    5  6 10  4  2  7
      1    4  3  5 10  6  0
      1    4  1  4  6  2  0
      1    4  2  7  9  5  0
      1    3  3  9  8  0  0
      1    5  6  8  4  2  5
      1    5  4  5 10  8  7
      1    5  3  5  8  9  4
      1    5  6 10  4  9  7
      1    4  1  5 10  2  0
      1    5  1  3  8  4  6
      2    5  4  1  3  2  6
      1    5  3  6  4  1  5
      1    5  3  6  5  4  8
      1    5  6  8  3  7  4
      1    5  3  7  1  9  6
      1    4  8  2  1  5  0
      1    5  1  4  8  3  7
      1    5  2  3  6  7  8
      1    5 10  3  5  1  4
      1    5  3  2  7  5  4
      1    5  6  9  2  3  8
      1    5  3  2  6  7  4
      1    5  2  7  8  5  1
      1    5  3 10  6  1  9
      1    4  1  5 10  6  0
      2    5  4 10  6  5  3
      2    5  7  1  3  5  4
      1    5  8  1  2  7  3
      1    4  7  1  5  9  0
      1    4  2  8  6  1  0
      1    4  6 10  4  8  0
      1    5 10  3  6  5  4
      1    5  6  1  5  9  4
      2    5  1  5  3  4  8
      1    5  2  1  7  3 10
      1    5  1  5  7  6  4
      1    4  1  3 10  8  0
      1    5 10  1  6  3  2
      1    4  4  1  7  9  0
      1    5  6  2  4 10  9
      1    4  7  5  4  6  0
      1    5  9  5  4  8  6
      1    4  6  9  8 10  0
      2    4  1 10  6  8  0
      1    4  1  4  9  5  0
      1    5  1  6  7  9  4
      1    5 10  6  2  1  7
      1    5  1  7  3  6  9
      1    4  9  2  8  7  0
      2    5  4  3  8  2  5
      1    5  5  6  3  9  7
      1    5  8  2  6  4  7
      1    4  5  3  6  8  0
      1    4  2  8  7  9  0
      1    4  2  9 10  8  0
      1    5  3  1  2 10  9
      1    5  1  4  7  2  6
      1    5  3  8  1  7  5
      1    5  4 10  5  3  1
      1    5  7  2  5  6  8
      1    5  5  4  2  6  8
      1    5  3  7  5  2  1
      1    5  4  1  7  8  3
      1    5  7  6  9  2  1
      1    5  6  3  1  4  9
      1    5  6  4  5  8  2
      1    4  6  2  3  8  0
      1    5  2  4  8  1  7
      1    5  3 10  5  1  2
      1    4  4  1  9  2  0
      1    4  1  8 10  2  0
      1    4  2  9  1  3  0
      1    5  8  5  7  6  1
      1    4  3 10  2  5  0
      2    5  3  6  2  4  5
      1    5  9  6  7  1  3
      1    5  7  1  3  4  6
      1    5  5  7  8  1  3
      1    4  6  8  4  3  0
      1    4  3  8  4  5  0
      1    5  5  6  3 10  4
      1    4  7  2  8  4  0
      1    4 10  2  6  3  0
      1    5  1  6  7  4  5
      1    5  1  7  2  3 10
      1    5  5  6  4  1  8
      1    5  7  1  2  3 10
      1    4  1  5  7 10  0
      1    5  6  7  4  3  5
      1    5  2  3  5 10  9
      1    5  5  1  9  7  2
      1    4  6  2  5  7  0
      1    5  8  4  6  2  7
      1    5  7  6  9  8  2
      1    4  4  3  8  6  0
      1    4 10  6  8  1  0
      1    5  1  9  4  2  7
      1    3  7  6  4  0  0
      1    4  9  3  8  2  0
      2    5  7  2  8  4  5
      1    5  8  6  7  5  2
      2    5  2  7  8  3  4
      1    5  4  8  2  7  5
      1    5  7  2  8  6 10
      1    4  5  8  3  2  0
      1    5  7  4  8  3  5
      1    5  4  1  7  6  8
      1    4  4  6 10  3  0
      1    4  8  9  7  6  0
      1    4  7  3  1  9  0
      1    5  3  7  8  1  6
      1    4  3  2  9  6  0
      2    3 10  6  7  0  0
      1    5  2  9  6  8  1
      1    5  6  4 10  9  2
      1    5  3  8  5  1  6
      1    5  2  5  1 10  3
      1    5  3  1  7  8  2
      1    5  6  4  1  2  9
      1    5  6  1  2  4  8
      1    5  7 10  2  5  6
      1    5  3  1  2  5  9
      1    5  2  4 10  6  9
      1    4  7  2  5 10  0
      1    4  1  9  4  7  0
      1    5  9  7  1  5  3
      1    5  6  4  3  9  1
      1    5  6  8  4  9  3
      1    5  6  5  7  1  2
      1    5  3  5  1  7  4
      1    5  5  7  2  4  6
      1    5  4  2  3  1  7
      1    5  1  8  4  6  2
      1    5  1  6  3 10  8
      1    5  2  6  7  3  8
      1    5  2  1  4  9  3
      1    4  5 10  2  7  0
      1    5  1  7  5  4  6
      1    5  2 10  8  5  3
      1    4  6  2  8 10  0
      1    5  2  1  8  7  4
      1    4  6  3 10  9  0
      1    5  1  7  4  3  8
      1    4  5  2  8  1  0
      1    5  3  2  5  1  7
      1    5  9  2  1 10  6
      2    4  5  9  1  4  0
      1    3  7 10  8  0  0
      1    5  3  7  4  5  8
      1    5  4  7  8  2  5
      1    5  2  8  6 10  7
      1    5  7  4  5  2  6
      1    5  1  4  5  3  8
      1    4  9  4  2  1  0
      1    5  1  9  8  4  3
      1    5  1  8  5  9  7
      1    5 10  5  2  7  4
      1    5 10  3  5  7  4
      1    5  6  2  9 10  1
      1    5  4  1  8  3  5
      1    5  7  2  1  5  6
      1    5  6  7  8  4  2
      1    5  2  6  5  7  3
      1    4  8  7  4  2  0
      1    5  8  4  6  7  1
      1    4  2  7  4 10  0
      1    5  8  5  1  4  3
      1    5  3  4  2  9  5
      1    5  2  6  8 10  3
      1    5 10  6  9  4  5
      1    4  5  2  7 10  0
      1    5  9  7  1  8  3
      1    5  1  3  8  7  5
      1    5  7  8  5  2  4
      1    5  2 10  1  6  7
      1    5  1 10  6  4  2
      1    5  5  1  2  3  6
      2    5  1  2  7  6  4
      1    5  1  3  6  2  4
      1    5  5  7  1  9  2
      1    5  2  3  7  5  1
      1    5  4  6  3  7  5
      1    5  2  8  6  9  4
      1    5  2  5  6  1 10
      1    5  5  8  3  7 10
      1    5  3  7  8  6  2
      1    4 10  9  4  6  0
      1    5  4  5  2  7  1
      1    5 10  2  1  3  4
      1    5  1  9  6 10  3
      1    5  2  6  4  3  9
      1    3  3 10  8  0  0
      1    5  5  2  9  1  4
      1    5  1 10  2  6  4
      2    5  1  8  3  9  2
      1    5  5  3  2  6  8
      1    4  6  9  7  4  0
      1    5  1  3  9  4 10
      1    5 10  3  4  2  5
      1    5  1  6  9  7  3
      1    5  1  5  7  2  6
      1    5  5  6  3  7  1
      1    5  5  7  3 10  4
      1    4  6  4  1  3  0
      1    5 10  6  4  1  5
      1    4 10  3  2  5  0
      1    5  3  7  5  1  6
      1    4  1  8  5  7  0
      1    5  6  4  2  8  7
      1    5  7  2  9  8  3
      1    5  3  2  4  6  7
      1    5  4  8  7  2  1
      1    3 10  8  9  0  0
      1    4  5 10  4  2  0
      1    4  6  2  9  3  0
      1    5  5  8  3  7  6
      1    5  6  3  8  5  2
      1    5  2  1  6 10  5
      1    5  1  7  8  9  6
      1    4  2  6  9  5  0
      1    5  6  1  9  4  7
      1    5  2  1  4  3  7
      1    5  4  3  5 10  8
      1    5  8  7  2  9  5
      1    5  4  7  1  2  5
      1    5  4  5  7  1  9
      1    5  7  8  4  3  2
      1    4  2  3  8  7  0
      1    5  2  7  3  9  6
      1    5  6  1  3  4  7
      1    5  3  9  5  4  6
      1    5  2  7  4  1  8
      1    5  4  1  3  7  5
      1    4  9  7  3  4  0
      1    5  6  4  2 10  7
      1    5  6  8  4  2  1
      1    5  9  1  6  4  7
      1    5  1  7  4  6  2
      1    5  6  1  4  8  7
      1    5  1 10  5  3  4
      1    5  1 10  9  7  4
      1    5 10  8  3  2  1
      1    5  6  2  8  7  9
      1    5  4  2  1 10  3
      1    5  1  6  5  3  9
      1    5  6  8  1  3  2
      1    5  7  3  1  2  4
      1    5  7  5  6  4  2
      1    4  7  8 10  2  0
      1    4  2  4  7  1  0
      1    5  6  1  9 10  8
      1    5  1  5  4 10  3
      1    5  9  6  1  7  8
      1    5  3  5  2  4  6
      1    4  1  8  6  9  0
      1    5  4  2  1  5  8
      1    5  2  9  6  4  3
      1    5  2  4  3  8  1
      1    5  1  7  5  8  2
      1    5  3  4  5  9  8
      1    5  9  2  5  1 10
      1    5  6  7  1  9 10
      1    4  8  6  3  1  0
      1    5  1  5  8  6  7
      1    4  4  6  3  1  0
      1    5  7  6  2  3  4
      1    5  2  8  1  3  6
      1    4  2  8  5  4  0
      2    5  2  6  9  7  8
      1    5  1 10  9  5  4
      1    5  3  6  4 10  1
      1    4 10  4  7  6  0
      1    5  2  8  1 10  6
      1    5 10  6  1  7  2
      1    5  5  8  7  1  9
      1    4  1  5  9  4  0
      1    5  1  2  7  4  5
      1    5  2  6  7  4  5
      1    5  2  7  5  1  3
      1    5  9 10  3  6  2
      1    5  1 10  9  6  2
      1    5  2  6  8  4  5
      2    5  6  3  1  8  7
      1    5  1  2  6  7  4
      1    5  3  6  1 10  7
      1    5  8  3  4  7  6
      1    5  5  7  8  3  4
      1    5  2  3  4  1  7
      1    5  6  3 10  5  8
      1    5  5  2  8  6  1
      1    5  1  5  9  2  6
      2    5  2  6  1  5  3
      1    5  9  7 10  5  4
      1    4  5  2  4 10  0
      1    5  3  8  1  6  9
      1    5  6  2  3  1  9
      1    5  3  1  9  2  6
      1    5  6  9 10  1  2
      1    5  9  6  7  1  2
      1    5  2  9  3  5  1
      1    5  5  4  6  8  1
      1    5  4  2 10  3  7
      1    5  3  1  6  7  9
      1    5  1  3  6  2  7
      1    5  6  5  7  4  3
      2    5  2  7  1  8 10
      1    3  9  4  5  0  0
      1    5  2  7  6  5  4
      1    5  4  2  5  7  3
      1    5  5 10  7  2  1
      1    5  2  3  9  1  4
      1    5  4  5  2  8  3
      1    5  5  7  8 10  9
      1    5  1  6  9  3  7
      1    5  2  7  5  6  1
      1    5  3  6  5 10  1
      1    5  7  5  4  1  2
      1    5  1  4  7  2  9
      2    4  7  2  4  3  0
      1    5  9  6  2  8  7
      1    5  7  2  6  9  5
      1    5  5  3  1  2  9
      1    5  4  1  6  9 10
      1    4  4 10  1  9  0
      1    5  1  7  6 10  8
      1    5  9  6  2  7  4
      1    5  4  3  5  9  7
      1    4  5  1  6 10  0
      1    4 10  9  1  2  0
      1    4  8  1  2  7  0
      1    3  9  8  2  0  0
      2    5  6  3  1  2  5
      1    5  1  5  4  6  2
      1    5  3  4  1  7  6
      1    5  5 10  2  6  4
      1    5  9  3  7  2  1
      1    5  1  6  8  4  7
      1    4  8  2  5  6  0
      1    5  7  2  5  1  6
      1    5 10  6  3  1  2
      1    4  6  9  3  7  0
      1    5  8  6 10  4  9
      1    5  6  2  7  3  1
      1    5  7  4  1  5  8
      1    4  7  4 10  1  0
      1    4  2  5  3 10  0
      1    5  2  6  7  8 10
      1    5  4 10  9  3  6
      1    5  4  1  3 10  6
      1    4  1  8  4  5  0
      1    5  2  6 10  3  4
      1    5  1  6  2  8  5
      1    5  8  2  6  7  3
      1    5  7  5  1  2  3
      1    5  6  8  3  5  2
      1    5 10  8  6  3  4
      1    5  5  4  9  8  2
      1    4  2  1 10  4  0
      1    5  1  3  2  7  6
      2    5  4  2  5  1  6
      1    5  2  7 10  9  1
      1    5  1  2  9  5  3
      1    4  6  9  1  4  0
      1    5  2  7  9 10  8
      1    4  2  6  5  8  0
      1    4  3  5 10  8  0
      1    5  1  4  6  7  5
      1    5  1  7  2  6 10
      1    5  3  4  8 10  2
      1    4  5  8  1  4  0
      1    5  4  1  8  9  2
      1    5  6  5 10  9  2
      1    5  3  5  4  9  7
      1    4  5 10  3  6  0
      1    4  6  4  8  7  0
      1    5 10  3  9  1  6
      1    5  1  2  4  8  3
      1    5  5  4  1  9  7
      1    4  3  1 10  8  0
      1    5  7  1  5  9  3
      1    4  7 10  2  6  0
      1    5  2  8  6  9  1
      1    4 10  4  5  1  0
      1    4 10  1  7  5  0
      1    4  2  5  6  1  0
      1    4 10  1  9  3  0
      1    5 10  5  4  3  2
      1    5  3  1  4  2  6
      1    5  3  7  2  8  1
      1    5  1  6  3  4  9
      1    4  7  3  6  2  0
      1    4  3  9  5  2  0
      1    5 10  6  9  7  2
      1    4  4  6  3  7  0
      1    5  1  2  3  9 10
      1    4  4 10  7  1  0
      1    5  6  9  4  3 10
      1    5  2  3  7  4  8
      1    5  7  2  3  1  5
      1    5  5  3  8  2  1
      1    5  7  9  2  6  8
      1    4  3  9  1  6  0
      1    5  7  6  8  2  9
      1    4  2  7  9  3  0
      1    5  3  4  8  1  5
      1    4  4 10  9  2  0
      1    5  6  4  7  5  1
      1    5  6 10  3  2  1
      1    5  7  1  3  6  2
      1    5  2  3  8  1  4
      1    5  3  5 10  9  4
      1    5  2  3  5  1  7
      1    5  8  6  2  7  1
      1    4  8  6  2  3  0
      1    5  4  6  9  1  5
      1    5  4  2  3  6  1
      1    5  5  7  6  1  4
      1    5  4 10  3  5  8
      1    5  2  7 10  6  8
      1    5  6  4  5  1  8
      1    5 10  3  2  5  1
      1    5 10  2  4  3  1
      1    5  2  6  9  8  4
      1    5  3  7  8  2  9
      1    5  1 10  4  3  2
      1    5  3  2  7  4  5
      1    4  9  1  3  5  0
      1    4  4  5  6  2  0
      1    5  5  3 10  9  1
      1    5  8  2  1  4  7
      1    5  1  5  6  2  7
      1    5  1  3  4  6  7
      1    5  1  5  3  6  2
      1    5  7  5  1  3  6
      1    5  4  7 10  5  2
      1    5  9  2  7  8  1
      1    5  1  4  6  5  2
      1    5  9  7  6  8  2
      1    5  6  1 10  4  7
      1    5  6  9  7  1  4
      1    5  2  1  8  6  5
      1    5  4 10  6  5  7
      1    5  3  2  4  7  5
      1    5  6  8  2  7  9
      1    5  6  3  2  9  4
      1    5  5  1  3 10  2
      1    5  6  2  9  3  4
      1    5  3  1  4 10  5
      1    5  2  4  3  6  7
      1    5  6 10  3  4  1
      1    5  3  2  6 10  4
      1    5  2  5  6  3  1
      1    2  9  8  0  0  0
      1    5  1  2  7 10  8
      1    5  2  4  5  6  7
      1    5  3  9  1  5  2
      1    5  7  4  8  1  3
      1    5  3  1  8  2  9
      1    5  1  9  4  5  3
      1    5  1  9  6  7  8
      1    5  3  5 10  6  8
      1    5  5  6 10  4  3
      1    5  6  1  8  5  7
      1    5  1  4  2  5  9
      1    5  5  8  3  2  7
      1    5  3  5  8  1  7
      1    5  5  1  7  6  4
      1    5  9  3  6  2  1
      1    5  1 10  9  2  4
      1    5  3  1  5  2  8
      1    4  6  7  8 10  0
      1    5  7  5  3  1  2
      1    4  9  2  3  6  0
      1    5  2  1  3  9  8
      1    5  2  9  8  1  5
      1    5  6  7  1  5  3
      1    5  5  1 10  7  3
      1    4  4  6  1  3  0
      1    5  2  6  7  5  3
      1    4  2  4  6  7  0
      1    5  5  1  3  9  6
      1    5  3  7  1  5  4
      1    5  2 10  1  5  3
      1    4  9  7 10  2  0
      1    5  1  9  5  4  7
      1    5  2  8  1  3  9
      1    5  5  2  4  1 10
      1    2  8  4  0  0  0
      1    5  5  8  4  3  2
      1    5  4  5  6 10  1
      1    4  2  4  6  9  0
      1    5  6  2  5 10  1
      1    5  6  1  9 10  5
      1    5  5  8  3  7  2
      1    4  8  2  7  4  0
      1    5  2  1  4  6 10
      1    5  3  8  2  6  4
      1    5  2  8  7  5  1
      1    4  5  2  9  3  0
      1    4  1  3  4  9  0
      1    5  3  5  8  4  7
      1    4  8  5  6  7  0
      1    3  8  5  1  0  0
      1    4  8  2  5  7  0
      1    5  4  1  7  5  3
      1    5  7  6  2  8  3
      1    5  9  6  2  1  4
      1    5  1  3  8  6  4
      1    5  5  2  7  8  3
      1    5  3  5  1  6  2
      1    5  2  5  9  6  1
      1    5  7  5  1  4 10
      1    5  1  2  3  8  6
      1    4  2  9  4  7  0
      1    5  6 10  2  4  9
      1    5  4  9  1  5  3
      1    5  1  3 10  2  9
      1    5  6  5  2  8  7
      1    4 10  4  6  9  0
      1    5  3  1  5  6  9
      1    4  5  4  1 10  0
      1    5  7  5  6  1  9
      1    5  6  1  3  7  4
      1    5  1  3  7  5  8
      1    5  1  4  5  9  3
      1    5  7  8  5  6  3
      1    5  8  1  9  2  3
      1    5  9  4  3  2  7
      1    5  4  1  5  3  9
      1    5 10  9  6  4  3
      1    5  1  7  9  8  5
      1    5 10  1  5  9  6
      1    5  6  9  5  1  2
      1    4  3  7  1  6  0
      1    5  4 10  3  9  7
      1    5  6  8  3 10  4
      1    5  6  4  7  1  3
      1    4  5  7  8  9  0
      1    5  5  8  1  6  2
      1    5  3  1  6  2  8
      1    4  8  5  1  7  0
      1    5  6  8  7  2  1
      1    5  9  4  1  3  6
      1    5  4  5  3  8  9
      1    5  4  1  2  3  7
      1    4  4  6  7  9  0
      1    5  6  9  3  4  2
      1    5  1  6  7  9  2
      1    5  4  7  5 10  8
      1    5  3  4  1 10  6
      1    5  6 10  9  2  7
      1    4  1  5  2  8  0
      1    5  7  4  3  5  6
      1    5  4  3  6  5  1
      1    5  2  5  7  4  8
      1    5  6  3  2  1 10
      1    4  8  5  4 10  0
      1    5  8  4  2  5  3
      1    5  1  3  5  9  6
      1    5  8  1  2  6 10
      1    5  9  3  8  2  6
      1    5  4  6  8  7  5
      1    5  7  5  8  2  6
      1    5  2  7  6  3  8
      1    5  7  1  8  5  3
      1    5  9  6  2  3  4
      1    5  2  6  5  1  3
      1    5  1  3  6  2  9
      1    5  7  3  5  8  4
      1    5  2  9  7  1  3
      1    5  1  9  2  3  5
      1    5  2  4  3  5 10
      1    5  7  9  1  2  6
      1    5  7  2  1  4  6
      1    5  8  1  2  7  4
      1    5  1  6  7  9  3
      1    4  3  4  8  7  0
      1    5  5  6  1  2  3
      1    5  1  7  8 10  6
      1    5 10  6  5  2  7
      1    5  3  2  8  1  6
      1    5  6  8  4  5 10
      1    5  7  1  5  8  6
      1    5  3  2 10  6  5
      1    5  9  1  2  7  5
      1    5  1  5  3  9  6
      1    5  6  9  3  4  7
      1    5  1  3  6  7  4
      1    5  2  7  5  3  6
      1    5  2  5  6  1  9
      1    5  1  4  3  9 10
      1    4  7  6  9  3  0
      1    5  2  5  6  1  4
      1    5  1  6  2  9  5
      1    5  1  7  3 10  2
      1    5  6  1 10  5  2
      1    5  3  9  6  4  2
      1    5  1  8  4  3  9
      1    4  2  8  9  7  0
      1    5  4  5  6  9  8
      1    5 10  6  1  5  8
      1    4  8  6  7  3  0
      1    5  6  7  8  3  1
      1    4  5  1  2 10  0
      1    5  3  4  2 10  6
      1    5  2  4  3  8  9
      1    5  4  1  6  5 10
      1    4  2  8  7 10  0
      1    3  6  8  3  0  0
      1    5  6  5  7  4  9
      1    5  1  2  6  3 10
      1    5  9 10  1  2  5
      1    5  6  1  5  8  3
      1    5  1 10  8  6  2
      1    4  7  5  1  9  0
      1    4 10  6  7  2  0
      1    4  1  4  9  2  0
      1    5  6  1  2  7  3
      1    5  3  7  8  6  1
      1    5  6  4 10  2  5
      1    5  9  5  1  7  2
      1    5  2  1  6  5  7
      1    5  6  5  1  3  8
      1    5  2  6  1  8  5
      1    4  3  7 10  2  0
      1    5  2  3  5 10  1
      1    5  4  6  1  2  3
      1    5  1  4  6  9  5
      1    5  2  7  1 10  8
      1    4  8  3  5  2  0
      1    4  4  2  8  1  0
      1    5  6 10  8  3  4
      1    5  2  5  4  1 10
      1    4  1  4  6  7  0
      1    5  6  1 10  2  7
      1    4  6  3  9  7  0
      1    5  7  2  8  3 10
      1    5  7  9  4  3  5
      1    5 10  1  5  3  6
      1    5  2  3  9  7  4
      1    5  9  3  1  6 10
      1    5  1  4  8  6  2
      1    5  2  1  6 10  3
      1    5  1  6 10  2  5
      1    4  2  1  9  4  0
      1    5  4  1  6  2  7
      1    4  6  3  2  8  0
      1    5 10  1  9  6  4
      1    5  5  3 10  6  7
      1    5  4  2  9 10  6
      1    5  5 10  6  2  1
      1    5  7  6  2  1  3
      1    5  2  4  7  6  5
      1    5  2  7  4  6  3
      1    4  2  3  4  8  0
      1    5  3  1  2  7  5
      1    4  9  2  8 10  0
      1    5  4  7 10  6  8
      1    4  9  5  1  7  0
      1    5  6  9 10  5  7
      1    5  7  4  8  2  3
      1    5  7  6 10  1  4
      1    5  1  4  9  3  5
      1    5  5  8 10  3  4
      1    5  5  1  4  9  3
      1    5  5  4  6  1  8
      1    5  9  2  6  1  7
      1    3 10  5  7  0  0
      1    5  5  1  2  8  6
      1    5  6  8  2  5 10
      1    5  3  4  6  1  5
      1    5  1  6  2  5  9
      1    5  8  4 10  9  1
      1    4 10  1  3  2  0
      1    4  2  5  9  1  0
      1    5  2  6 10  9  7
      1    4  5  6  2  3  0
      1    5  4  3  6  1  8
      1    4  4  7  8  6  0
      1    5  4  6  2  5  9
      1    4  7  2  3  6  0
      1    5  7  8  1  9  4
      1    4  7  5  9  1  0
      1    5  1  5  4  7 10
      1    4  2  4  8  1  0
      1    5  2  6  3  5  4
      1    5  3  4  6  5  7
      1    4  2  4  6  8  0
      1    5  4  3 10  1  5
      1    4  6  1  8  4  0
      1    5  3  7  1  8  4
      1    5  1  7  3  5  8
      1    5 10  4  3  5  7
      1    3  8  9  6  0  0
      1    5  4 10  6  2  1
      1    5  4  1  6  3  2
      1    5  1  3  2  8  4
      1    5  7  8  4  5  1
      1    5  3  5 10  7  1
      1    5  8  7  1  6  9
      1    5  5  8  1  3  2
      1    5  5  4  7  8  3
      1    5  8  1  7  5  4
      1    5  4  2  3  1  5
      1    5  3 10  2  1  4
      1    5 10  1  2  6  5
      1    5  2  7  8  5  3
      1    4  6  1  3  7  0
      1    4  1  9  7  3  0
      1    5  9  2  1  6  8
      1    4  4  2  9  6  0
      1    5  6  4  5  3  8
      1    4  5  4  1  8  0
      1    4  4  6  2  9  0
      1    5  5  7  1  2  6
      1    4  3  6  4 10  0
      1    5  4  2  1  7  3
      1    5  9  3  1  2  5
      1    5  2  3  5  8  4
      1    5  7  4  8  6 10
      1    5  5  2 10  1  3
      1    5  6  7  1  2  5
      1    3  8  5  7  0  0
      1    5  4  9 10  8  3
      1    5  6  8  4  1  9
      1    4  3  5  8  1  0
      1    5  1  3 10  5  4
      1    5  6  9  1  8  2
      1    5  5  1  2  6  8
      1    5  8  4  1  7  5
      1    4 10  5  2  4  0
      1    5  4  6  2  1  8
      1    5 10  2  6  4  5
      1    5  9  2  3  7  4
      1    5  2  5  6 10  4
      1    5  4  7  8  5  1
      1    5  4  8  7  1  3
      1    4  2  5  4 10  0
      1    5  1  5  9  3  2
      1    4  9  4  6  2  0
      1    5  4  2  1  9  3
      1    5  2  8  1  9  6
      1    5  3 10  2  4  5
      1    5  3  6 10  1  4
      1    4  5 10  1  3  0
      1    5  6  1  5 10  7
      1    5  4  7  3  5  1
      1    5  9  6  1  5  3
      1    5  3  1  6  7  8
      1    5  5  3  9 10  6
      1    4  8  7  2  4  0
      1    4  4 10  3  9  0
      1    5  7  1  6  5  3
      1    5  1  3  5  8 10
      1    5  4  3  7  8  9
      1    5  3  9  7  6  8
      1    5  4  3  1  2  6
      1    4  9  6  7 10  0
      1    5  4  6  3 10  5
      1    4  2  5  7  6  0
      1    4  9  8  6  2  0
      1    5  3  6 10  1  9
      1    5  2  8  9  6  7
      1    5  6  8  9  7  1
      1    4  6  5  4  2  0
      1    5  4  6  1  7  8
      1    5 10  1  2  4  5
      1    5  1 10  8  7  9
      1    5  7  4  5  6  1
      1    4  6 10  5  3  0
      1    5 10  2  9  6  4
      1    5  2  1 10  6  7
      1    5  7  1  2  6 10
      1    5  8  2  1  6  4
      1    4  2  7  3  6  0
      1    5  8  3  2  4  6
      1    5  3  4  5  7  6
      1    5  6  4  5 10  2
      1    5  1  3  5  2  7
      1    4  8  7  6  5  0
      1    4  3  8 10  5  0
      1    5  2  4  3  6  5
      1    5  4  7  8  2  1
      1    5  1 10  3  6  5
      1    5  6  7  2  4  1
      1    5  1  5  2  7  8
      1    5  2  4  7  5  6
      1    5  6  4  5  1 10
      1    5  6  9  7  5  2
      1    5  7  1  4  3  6
      1    5  3  5  7  1  8
      1    4  7  8  6  3  0
      1    5  3  2 10  4  5
      1    5  3  5  4  9  8
      1    5 10  6  8  4  9
      1    4  6  9  4  5  0
      1    5  4  3  1  9  5
      1    4  5  1  3  8  0
      1    5  1  7  3  2  5
      1    5  1  2  4  9  5
      1    5  9  4  5  2  1
      1    5 10  1  2  4  7
      1    5  1  7 10  5  2
      1    4  6  9  7  8  0
      1    5  2  8  5  4  3
      1    4  5 10  3  2  0
      1    5  7  6 10  2  1
      1    5  9  1  5  4  6
      1    4  8  7  5  4  0
      1    5  4  5  6  8  2
      1    5  3  5  8  6  1
      1    5  4  2 10  9  1
      1    5  3  4  9  5  8
      1    5  1  3  6  5  7
      1    4  1  4  3  2  0
      1    5  1  3  8  2  4
      1    5  5  9  6  1  2
      1    5  2  8  1  9  7
      1    5  2  9  1  3  7
      1    5  4  6  7  5  8
      1    5  4  1  5  9  6
      1    5  7  1  2  5  6
      1    5  4  1  3  9  6
      1    5  5  6 10  7  4
      1    5  3  2  1  8  9
      1    5  2  4  8  7  3
      1    3  9  3  2  0  0
      1    5  9  2  7  1  6
      1    5  7  2  9  1  5
      1    5  7  3  8  2  5
      1    5  6  4  8  3  2
      1    4  7  1  6  5  0
      1    5  3  8  7  2  6
      1    5  5  1  6  9  3
      1    5 10  2  5  1  4
      1    5  5  1  7  9  4
      1    4  3 10  2  1  0
      1    5  8  2 10  5  6
      1    4  2  1 10  7  0
      1    5  4  5  7  6  2
      1    4  5  7  4  8  0
      1    5  1  8  7  9  6
      1    4  2  5  6  4  0
      1    4  1 10  7  6  0
      1    5 10  6  1  5  2
      1    4  9  1  5  6  0
      1    5 10  9  2  6  7
      1    5  7  1  9  6  8
      1    5  1  2  6  4  9
      1    4  6 10  4  3  0
      1    5  4  1  6  3  9
      1    5  1  3  4  6  2
      1    5  3  4  9  1  2
      1    5  2  4  6 10  9
      1    5  3  1  5  7 10
      1    5  3  4  1  6 10
      1    4  2  5  3  7  0
      1    5  7  2  4  6  1
      1    4  5  6 10  1  0
      1    4  5  2  6  9  0
      1    5  6  9  4  3  1
      1    5  1  4  6  2  3
      1    5  7  8  9  4  3
      1    4  2  4  9  5  0
      1    4  3  4  8 10  0
      1    5  1  3  2  4  9
      1    5  1  5  2  7  9
      1    4  1  2  9  5  0
      1    5  6  5  4  1  3
      1    5  1  7  9  8 10
      1    5  4  2  6  3  5
      1    5  7  9  1  8  4
      1    5  7  9  1  8  2
      1    5  4  1  3  7  2
      1    5  3  5  7  8  1
      1    3  5 10  9  0  0
      1    5  6  1  5  7  4
      1    4  4  2  7  8  0
      1    5  6  2  4  7  3
      1    5  4  3 10  2  5
      1    5  2  7  9  1  6
      1    5  4  9  2  1  3
      1    5  3  8  7  1  4
      1    5  3  9 10  6  1
      1    5  3  4  6  7  2
      1    5  1  2  3 10  6
      1    5  1  2  6  3  7
      1    5  5 10  9  4  2
      1    4  2  8  1  6  0
      1    5  6  9 10  2  5
      1    5  7  8  4  5  3
      1    4  4  7  3  1  0
      1    5  2  4  6  1  9
      1    5  7  1  4  3  5
      1    5  5  2  6  9  3
      1    4  8  7  1  4  0
      1    5  5  3  7  1  9
      1    5  3  5  9  4  2
      1    4  6  9  3  4  0
      1    5 10  5  6  4  3
      1    5  8  7  2  6  4
      1    5  5  6  7  1  4
      1    5  6  7  1  5  8
      1    5  6  8  1  9 10
      1    5  6  2 10  8  9
      1    5  7  6  9  4  2
      1    5  3  1  7  9  2
      1    5  3  2  4  5 10
      1    4  5  3  1 10  0
      1    4  7  6  9  5  0
      1    4  5  9  4  7  0
      1    5  6 10  1  3  2
      1    4  2  6  9  8  0
      1    5  3  7  5  2  8
      1    5  6  2  9  1  5
      1    5  2  4  6  8 10
      1    4  2 10  5  4  0
      1    5  5  4  7  9  3
      1    5  2  8  7  1  4
      1    5  3  1  7  5  6
      1    5 10  2  5  3  8
      1    5  7  8  5  3  2
      1    4  6  2  7 10  0
      1    5  1  7  9  6  3
      1    5  9  2 10  1  5
      1    5  1  5  6  7  8
      1    4  3  6 10  2  0
      1    5  3  7  1  8  9
      1    5  1 10  6  9  7
      1    5  1  8  2  6  7
      1    5  2  1  3  7 10
      1    5  3 10  6  4  5
      1    5  4  2 10  6  9
      1    5  5  1  4  3 10
      1    5  2  1  6  3  9
      1    5  1  7  3  8  9
      1    5  3  7  9  1  6
      1    5  1  9  3  4  8
      1    4  2  4 10  5  0
      1    4  5  8  1  2  0
      1    5  5  4  6  3  8
      1    5  2  8  1  5 10
      1    5  3  1  5  9  6
      1    5  1  8  6  7  3
      1    5  1  4  5  3 10
      1    5 10  3  1  4  2
      1    5  5  7  8  3  6
      1    5 10  1  9  6  8
      1    5  7 10  1  2  6
      1    4  2 10  8  9  0
      1    5  2  6  4  1  7
      1    5  2  1  5  8  9
      1    5  5  7  1  4  2
      1    5  5 10  3  9  4
      1    5  3  8  5  1  7
      1    5  5  4  3  8 10
      1    5  7  1  3  6  8
      1    5  1  4  3  8  6
      1    5 10  4  6  9  3
      1    5  2  6 10  3  5
      1    5 10  4  2  5  3
      1    5  7  6  2  8  4
      1    5  4  5  3  8 10
      1    5  2  1  7  5  9
      1    5  4  3  7  8  5
      1    4  5  4  8  7  0
      1    5  7  1  6  2 10
      1    4  4  1  8 10  0
      1    5  3 10  1  4  8
      1    5  1  3  8  4  5
      1    5  3  4  7  2  8
      1    5  4  2  7  6  1
      1    4  2  7  6 10  0
      1    5  7  5  8  2  1
      1    5  6  2  4  1  8
      1    5  8  1  2  7  9
      1    5  3  4  9  2 10
      1    5  2  6 10  4  1
      1    5  9  1  3  6  5
      1    5  5  4  2  6 10
      1    5  3  6  2 10  8
      1    5  1  7  2  3  4
      1    5  4  3  1  2 10
      1    3  9  8  6  0  0
      1    5  6 10  1  7  3
      1    5  3  2  9  8  6
      1    3  3  7 10  0  0
      1    5  4  2  5  1  7
      1    5  6  4  1  8  7
      1    4  6  7  5  3  0
      1    5  6  1  5  8  9
      1    5  2  8  9  7  6
      1    5  6  1  5 10  3
      1    5  1  3 10  4  6
      1    5  4  1  2  7  8
      1    5  6 10  4  5  1
      1    4  1  4  2  8  0
      1    4  8  3  1  7  0
      1    5  3  8  4  5  7
      1    5 10  1  8  6  7
      1    5  6  1  2  5  7
      1    4 10  9  4  5  0
      1    5  5 10  3  4  6
      1    5  6  8  2  7  3
      1    5  2  1 10  7  9
      1    5  8  7  5  1  3
      1    5  7  1  5  4  9
      1    5  6  2  1  5 10
      1    5  1  7  5  8  9
      1    5  6  8  2  7  5
      1    3  7  9  3  0  0
      1    5  2  9 10  4  5
      1    5  2  6  5  4  9
      1    5  8  3  6  7  1
      1    5  7  4  9  1 10
      1    5  2 10  6  1  9
      1    5  4  2  1  7  6
      1    5 10  3  4  6  8
      1    4  2  8 10  9  0
      1    5  4  3  8  6  7
      1    5  3  2  5  8  6
      1    4  3  8  5  4  0
      1    5  2  1  5  4  8
      1    5  5  4  2  9  7
      1    5  3  1  5 10  8
      1    4  6  1  5  3  0
      1    5  1  3 10  9  8
      1    5  7  1  8  6  9
      1    4 10  3  4  9  0
      1    5  6  8  2 10  3
      1    5  5  2  3  7  1
      1    5  3  6  9  1  2
      1    5  2  9 10  7  8
      1    5  4  6  1  2  9
      1    5  8 10  3  4  7
      1    5  5  2  7  9  1
      1    5  1 10  6  8  4
      1    4 10  9  2  6  0
      1    5  8  3  4  1  5
      1    5  3  1  5  8  7
      1    5  6  1  3  2  9
      1    5  6  7  4  1  3
      1    5  4  2  6  8  1
      1    4  4  7  1  6  0
      1    4  4  8  2  3  0
      1    5  9  7  6  2  1
      1    5  8  7  5  1  2
      1    5  6  1  7 10  9
      1    5  4  7  2  1  9
      1    5  6  2  4  3 10
      1    5  2  7  8  9  6
      1    5 10  1  5  9  3
      1    5 10  1  5  6  2
      1    5  4  2  9  1  5
      1    5  1  5  6  4  7
      1    4  4  8  6  1  0
      1    5  4  3  9  2  8
      1    5  1  8  5  7  4
      1    5  1  7  6  5  3
      1    5  7  2  6  1  3
      1    5  2  8  6  5  1
      1    4 10  2  9  6  0
      1    5  3  6  1 10  9
      1    5  1  3  2  8  7
      1    4  9  2  3  1  0
      1    5  4  3 10  5  9
      1    5  2  8  5  4  1
      1    5  2  5  7  1  6
      1    4  6  9  4 10  0
      1    5  9  3  2  4  8
      1    5  1  4  3  8  2
      1    5  5  3  6  4  1
      1    4  7  1  3  5  0
      1    4  3  8  1 10  0
      1    4 10  5  1  4  0
      1    5  7  5  9  4  2
      1    5  3  8  9  4  7
      1    5  3  5  6  1  2
      1    5  7  4  8  3  1
      1    5  4  3 10  6  2
      1    4  8  1 10  7  0
      1    5  8  5  4  7  3
      1    3  4  8  9  0  0
      1    5  6  2  4  5  9
      1    5  2  1  9  6  3
      1    4  7  2 10  8  0
      1    4  2  9  4  6  0
      1    5  9  2  1  7  5
      1    4  6  8 10  3  0
      1    5  3  2  1  4  6
      1    3  8  5  2  0  0
      1    5  9  3  2  1  8
      1    5  3  8  2  5  4
      1    4  6  8  1  2  0
      1    5 10  8  1  2  7
      1    5  3 10  7  9  4
      1    5  6  9  1  7  2
      1    5  2  6  3  1 10
      1    4  8  4  3  7  0
      1    5  1  6  3  7  2
      1    5  1  2  9  5  6
      1    5  8  6  9  2  1
      1    5  4  7  3  9  2
      1    5  8  3  4  2  6
      1    5  9  6  5  4  3
      1    5  7  4  3  2  1
      1    5  4  8  7  1  2
      1    5  2  5  1  4  7
      1    5  2  1  9  5  4
      1    4  3  4  2  7  0
      1    4  1  4  6  8  0
      1    4 10  2  5  6  0
      1    5  4  2  6 10  5
      1    5  5  4  6  9  3
      1    4  7  5  6  2  0
      1    5  4  8  2  7  3
      1    4  9  5  1  6  0
      1    5  9  4  3  2  5
      1    4  8  7  6  9  0
      1    5  4  2  1  6  8
      1    4  4  9  2  1  0
      1    5  7  9  1  5  8
      1    5  5  2  3  8  1
      1    5  3  7  1  9  8
      1    4  8  4  2  5  0
      1    5  9  2  5  3  1
      1    5  8  6  4  7  2
      1    5  1 10  5  2  4
      1    4  3  4  6  7  0
      1    4  2  6  4 10  0
      1    5  2 10  7  5  8
      1    5  4  3  8  5  6
      1    4  8 10  2  1  0
      1    5  1  7  9  3  8
      1    5  4  2  7  3  6
      1    4  6  5  4  1  0
      1    5  6  7  8  2  4
      1    5  1  6  8  7 10
      1    4 10  1  4  7  0
      1    5 10  4  1  6  9
      1    4  6  4  5  7  0
      1    5  9  1  3  2  7
      1    5  5  7  3  8  1
      1    5  6  5  3  7  2
      1    5  3  2  4  8  7
      1    5  8  3  4  5  9
      1    4  3  1  4 10  0
      1    5  7  8  6  9  2
      1    4  9  6  5  1  0
      1    4  2  1  8 10  0
      1    5  1  6  5  7  4
      1    5  6  1  4  2  7
      1    5  3  2  4  6  5
      1    5  3  1  5  8  6
      1    5  7  2  9  1 10
      1    5  4  3  8  6  9
      1    5  1  9  5  7  3
      1    4  4  8  2  9  0
      1    5  3 10  5  4  2
      1    5  8  7  1 10  6
      1    5  3  5  8  7  4
      1    5  1  8  4  2  5
      1    5  7  1  8  5  9
      1    5  3  1  4  9  6
      1    5  4  1  2  7 10
      1    5  4  7  3  1  5
      1    5  2  4  1  7  6
      1    3  8 10  4  0  0
      1    4  6  8  9 10  0
      1    5  2  6  7  5  1
      1    5  4  6  3  5  2
      1    5  1  3  2  6 10
      1    5  4  5  8 10  3
      1    5  9  7  2  1  4
      1    5  6  7  4  8 10
      1    5  4  3  8  2 10
      1    5  5  7  8  6  2
      1    5 10  6  7  8  1
      1    5  6  9  1  2 10
      1    5  3  6  5  1  7
      1    4  9  7  3  2  0
      1    5  9  5  7  4  1
      1    5  4  2  5  9  3
      1    5  5  6  2  4  1
      1    4 10  6  1  5  0
      1    4  6  4  9  1  0
      1    5  3  5 10  4  6
      1    5  2  3 10  5  6
      1    5  7  5  9  6  8
      1    5  4  3  1  7  2
      1    5  7  1  9  6  2
      1    5  4 10  5  2  1
      1    5  8  7  4  9  2
      1    5  1  2  3  5  6
      1    4 10  3  7  4  0
      1    4  1 10  7  4  0
      1    5 10  3  6  2  1
      1    3  9 10  2  0  0
      1    3  9  2  4  0  0
      1    5  3  5  8  2  1
      1    5  2  6  7  3  1
      1    5  6 10  1  7  4
      1    5  6  2  7  5  1
      1    5  3 10  5  2  9
      1    4  4  2  3  9  0
      1    5  7  8 10  2  5
      1    4  3  2  5  9  0
      1    4 10  3  4  2  0
      1    5  3  5  1  2 10
      1    5  7  2  5  4 10
      1    4  6  7  4  8  0
      1    5  4 10  5  3  8
      1    4  1  3  5  9  0
      1    5 10  6  5  4  2
      1    5  2  3  5  1  8
      1    4  6  7  2 10  0
      1    5  1  7  2  4  6
      1    5  5  1  6  3  8
      1    5  8  3  5  2  1
      1    5  6  2  7  5 10
      1    4  7  4  3  9  0
      1    4  7  6  9  1  0
      1    5  5  4  9  2  6
      1    5  5  6  7  9  1
      1    3  9  1  8  0  0
      1    5  4  1  3  9  8
      1    5  2  6 10  8  3
      1    5  3  9  8  4  7
      1    5  7  5  4  1  3
      1    5 10  5  4  6  9
      1    5  6 10  1  4  5
      1    5  8  3  2  1  5
      1    5  2  8  7  3  4
      1    4  4  2  7  9  0
      1    5  3  6  2  1  7
      1    4  4  5  2  8  0
      1    5  3 10  5  6  2
      1    5  1  5  2  8  9
      1    5  3  1 10  9  2
      1    5  7  2  4  9  8
      1    5  1  6  4 10  9
      1    5  3  8  1  9  5
      1    5  1  4  2  5  8
      1    5  5 10  6  4  1
      1    5  2  7  5  4  1
      1    5  5  6  2  8  7
      1    4  2  8  1  5  0
      1    5  2  5  7  8  4
      1    5  7  3  9  8  4
      1    5 10  6  4  3  9
      1    5  8  1  6  2  7
      1    5  2  4  7  1  8
      1    5  1  2  9  3  6
      1    5  2  7  1  4  5
      1    5  2  3  8  1 10
      1    4 10  5  6  1  0
      1    5  1 10  4  9  2
      1    5  6 10  1  2  8
      1    5  2  5  3 10  4
      1    4  7  2  4  8  0
      1    5  7  4  5  3  8
      1    5  1  2  9  4  5
      1    4  1  3  9  7  0
      1    5  4  6  2  5  7
      1    5  5  3  7  1  4
      1    5  5  7  2  9  1
      1    5  2  5  1  6  7
      1    5  7  3  2  6  8
      1    5  2  3  6 10  1
      1    5  8  4  7  2  6
      1    4  6  7  4  2  0
      1    5  3  2  9  1  4
      1    5  8  7  3  1  2
      1    4  9  2  4  6  0
      1    4  2  9  5  6  0
      1    5  1  9  3  7  2
      1    5  4  7  5  1  9
      1    5  4 10  2  6  8
      1    4 10  2  7  1  0
      1    5  6  4  1  3  9
      1    5  4  6 10  1  9
      1    5  1  3  9  4  8
      1    5  8  1  7  3  4
      1    5  2  4  1  7 10
      1    5  1  4  6  2  5
      1    5  7  3  6  2  1
      1    5  1  9  7  2 10
      1    4  1  3  9  4  0
      1    4  1  9 10  2  0
      1    5  2  4  1  3  8
      1    4  5  4  6  7  0
      1    5  3  8  6 10  4
      1    5  5  4  2 10  6
      1    5  1  8  9  7  2
      1    5  4  1  8  3  6
      1    4  9  2  3  8  0
      1    5  4  3  2  7  8
      1    5  7  6  8  5  9
      1    5  2  1  4  3  9
      1    5  6  2  7 10  3
      1    5  1  7  4  3  6
      1    4  4  7  2  5  0
      1    5  7  4  5  6  2
      1    5 10  2  7  5  3
      1    5  2  3  1  4  7
      1    4  4  7  2  6  0
      1    5  6 10  7  4  5
      1    5  1  6 10  9  3
      1    5  7  8 10  6  1
      1    4  9  3  4  2  0
      1    5  8  1  3  2  7
      1    4  3  8  6  2  0
      1    5  1  2  3  6  7
      1    4  7  5  1  8  0
      1    5  2  5  3  8  4
      1    4  6  4  1  7  0
      1    5  3  2  7  5  1
      1    5  9 10  2  1  8
      1    5  1  3  4  6 10
      1    5  2  8  3 10  6
      1    5  6  4  1  3 10
      1    5  4  6 10  5  3
      1    5  7  3  2  6  5
      1    5  9  6  5  4  7
      1    4  9  7  1  3  0
      1    4  5  8  3  4  0
      1    5  5  3  6  8  7
      1    5  2  9  4  1  5
      1    5  6 10  1  5  9
      1    5  3 10  4  7  5
      1    5  1  4  2  7  8
      1    4  6 10  2  3  0
      1    5  6  1  3  5  4
      1    5  8  7  3  5  4
      1    5  5  6  2  3  7
      1    5  9  2  5  8  3
      1    5 10  1  6  5  7
      1    5  1  2 10  7  8
      1    5  5  1  3  8  4
      1    5  2  8  1  7  3
      1    5  6  7 10  8  1
      1    5  3  5  2  9  4
      1    5 10  5  1  6  4
      1    4  7  8 10  1  0
      1    5  3  2  6  4  5
      1    5  7  5  9  1  4
      1    4  1  3  4 10  0
      1    4  1  7  3  6  0
      1    5  6  9  5  3 10
      1    5  3  6  1  5  9
      1    5  1  3  2  4  7
      1    5  4  8  1  7  6
      1    4  7  8  4  2  0
      1    4  1  4  7  5  0
      1    5  1  2  5  8  3
      1    5  4  2  5  1  8
      1    5  1  3  6  8  4
      1    5  3  8  6  7  2
      1    5  1  3 10  6  2
      1    5  1  6  2  5  8
      1    5  9  2 10  1  3
      1    5  4  1  2  9  5
      1    5  1  7  9  3  2
      1    5  7  5  4  2  6
      1    5  4  5  7  8  2
      1    5  4  5  6  2 10
      1    5  1  3  6  9  2
      1    5  6  2 10  1  3
      1    5  6  4  1  9  5
      1    4  7  4  6  1  0
      1    5  1  5  6  8  9
      1    5  6  3  2  8  5
      1    5  1  9  2  6 10
      1    5  2  1  4 10  6
      1    5  7  4  3  2  9
      1    5  3  5  6  1  7
      1    4  6  9  8  2  0
      1    4  5  1  2  3  0
      1    4  1  3 10  5  0
      1    5  4  3 10  5  2
      1    5  5  2  4  6  1
      1    4  3  8  2 10  0
      1    5  1  5  3  2  4
      1    4  9  2  1  5  0
      1    4  1 10  5  3  0
      1    5  4  5  1 10  7
      1    5 10  2  8  1  7
      1    5  7  1  2  4  6
      1    5  5  3  8  1  4
      1    4 10  1  4  2  0
      1    5  1  2  4  6  3
      1    5  3  8  2  1  6
      1    5  4  3  2  6  9
      1    5 10  1  2  6  7
      1    5  5  7  2  3  6
      1    5  4  7  2  6  1
      1    5  2  1 10  7  8
      1    5  8  7  5  4  1
      1    5  1  4  2  7  5
      1    4  5  2  3  6  0
      1    5  6 10  1  4  3
      1    5  9  7  1  3  4
      1    5  6  2  4  8 10
      1    5  7  5  4  3  1
      1    4  5  1  2  8  0
      1    4  5  1  9  4  0
      1    5  6  1  4 10  2
      1    5  6  3  4  2  7
      1    5  6  5  7  4  8
      1    5  6  9  3  4  1
      1    5  2  9  1 10  3
      1    4  7  2  5  4  0
      1    5  4  3  1  6  2
      1    5  1  2  5  4 10
      1    5  5  6 10  4  2
      1    5  5  7  3  9  8
      1    5  9  4  7  2  1
      1    5  2  6  5  1  7
      1    5  7  2  8  5  4
      1    4  1 10  3  2  0
      1    5  1  9  7  8  6
      1    5  2  1  4  5  7
      1    5 10  3  5  2  1
      1    5  2  4  1  6  9
      1    5  7  1  8  4  5
      1    4  4  3  9  2  0
      1    5  8  2  1  6  9
      1    4  7  5  2  4  0
      1    5 10  1  2  8  9
      1    3  9  4  7  0  0
      1    5  2  4  7  3  6
      1    5  4  2  5  8  7
      1    5  7  5  6  1  2
      1    5 10  6  5  1  4
      1    5  2  4  5  7  1
      1    5  1 10  4  3  6
      1    5  9  5  1  4 10
      1    5  2  9  1  6  5
      1    4  2 10  8  6  0
      1    5  7  4  1  6  5
      1    3  9  3 10  0  0
      1    5  6  7  3  5  8
      1    5  9  7  1  8  4
      1    5  6  5  7  2  1
      1    5  4  2  6  5  7
      1    5 10  1  7  6  8
      1    5  6  1 10  4  2
      1    5  1  7  3  4  6
      1    5 10  1  6  9  2
      1    5 10  7  8  2  6
      1    4  3  8  7  6  0
      1    4 10  9  6  7  0
      1    5  7  6  3  2  9
      1    5  4  6  9  2  5
      1    5  9  1  8  2  7
      1    5  5  2  1  6  7
      1    4  9  3  1  7  0
      1    5 10  2  9  1  6
      1    5  1  3  8  2  9
      1    5  1  4  6  8  2
      1    4  6  4  5  8  0
      1    5 10  2  1  5  4
      1    5  1  7  6  3  8
      1    5  8  7  6  1 10
      1    5 10  1  9  3  5
      1    5  1  6  4  3  7
      1    5  2 10  1  5  6
      1    5  3  6  5  2  4
      1    4  1  5  8  2  0
      1    5  1  2  9  4  6
      1    5  6  7  1 10  8
      1    5  3  6 10  9  1
      1    5  3  7  5  6  1
      1    5  8  7  4  1  2
      1    4  2  9  8  1  0
      1    5  2  5  7  4  1
      1    5  2  9  3  4  7
      1    5  5  6  7  8  2
      1    5  3 10  2  1  6
      1    4  3  2  8  4  0
      1    4  2  5  3  9  0
      1    3 10  9  5  0  0
      1    5 10  6  2  1  5
      1    5  2  7  1 10  6
      1    5  7  5  2  1  6
      1    5  1  7  2  4  8
      1    5  7  2  5  4  3
      1    5  1  5  8  7  2
      1    5  1  9  4  7  3
      1    4  4  7  3  2  0
      1    4  5 10  6  1  0
      1    5  7  1  5 10  6
      1    5  4  1  2  8  3
      1    5  3  7  4  8  1
      1    3 10  3  4  0  0
      1    5  7  2  6  8  4
      1    4  6  9  2  3  0
      1    4  1  7 10  8  0
      1    5  9  3  5  7 10
      1    5  1  7  6  8  5
      1    4 10  6  3  5  0
      1    5  1  2  9  3  5
      1    5  4  5  2  1  9
      1    4  6  7  3  1  0
      1    5  6  2  1 10  4
      1    5  1  4  7 10  2
      1    5  2  7  4  8  5
      1    5  4  5  6  9  3
      1    5  6  8  1  7  2
      1    4  2  1  8  5  0
      1    5 10  3  9  2  1
      1    5  1  3  6  8  7
      1    5  6  4  2  5  7
      1    5  2  9 10  6  7
      1    5  2  6  9  1  4
      1    5  1  8  3  6  4
      1    5  2  6  7  4  8
      1    5  2  4  9  3 10
      1    5  4  1  7  3  8
      1    5  5  8  1  2  7
      1    3 10  7  5  0  0
      1    4  2  4  5  8  0
      1    4  2  3  6  7  0
      1    5  9  6  3  8  7
      1    4  4  3 10  2  0
      1    5  2 10  7  5  1
      1    4  6  7 10  1  0
  0
DublinNorth
